Serial No,Book Page,Topic,Question,Option A,Option B,Option C,Option D,Option E,Correct Answer,Explanation
1,1,General Agriculture,What is the geographical area of India?,328.74 mha,306 mha,219.15 mha,112.23 mha,None of these,A,The table lists India's geographical area as 328.74 million hectares.
2,1,General Agriculture,Which source contributes the highest percentage to irrigation in India?,Canals (22.96%),Tubewell (48.51%),Rainfed,River lift,None of these,B,"Tubewells account for 48.51% of irrigation, the largest share among listed sources."
3,1,General Agriculture,Which state has the lowest forest cover percentage?,Haryana (3.63%),Goa (0.11%),Rajasthan (10.41%),Madhya Pradesh,None of these,A,Haryana records the lowest forest cover at 3.63% of its area.
4,1,General Agriculture,What is the cropping intensity of India for 2023-24?,155.4%,120.5%,180.2%,140.0%,None of these,A,The table shows a cropping intensity of 155.4% for the year 2023-24.
5,1,General Agriculture,Which state leads in pulses production?,Uttar Pradesh,Madhya Pradesh,Rajasthan,Punjab,None of these,B,Madhya Pradesh is listed as the top pulses-producing state.
6,1,General Agriculture,What percentage of India's geographical area is forest cover as of 2021-22?,21.71%,33%,18.2%,0.001%,None of these,A,Forest area constitutes 21.71% of India's geographical area according to the 2021-22 data.
7,1,General Agriculture,Which of the following statements is correct regarding net irrigated area?,It is 75.46 mha,It is 112.23 mha,It is 219.15 mha,It is 306 mha,None of these,A,The net irrigated area of India is given as 75.46 million hectares.
8,2,General Agriculture,Which Indian state has the highest fertilizer consumption rate among states (kg/ha) as per 2021-22 data?,Punjab,Uttar Pradesh,Puducherry,Maharashtra,None of these,A,Punjab records the highest state-level fertilizer consumption at 190.1 kg/ha for 2021‑22.
9,2,General Agriculture,"Among oilseed crops, which one registers the greatest production in India for 2023-24?",Mustard,Soybean,Groundnut,Sunflower,None of these,A,Mustard leads oilseed production with 13.16 million tonnes in 2023‑24.
10,2,General Agriculture,What is the current all‑India NPK fertilizer use ratio (N:P:K) for 2021‑22?,7.7:3.1:1,5:3:2,8:2:1,6:4:1,None of these,A,The NPK use ratio reported for 2021‑22 is 7.7 : 3.1 : 1.
11,2,General Agriculture,Which state leads India in milk production for the year 2023‑24?,Uttar Pradesh,Rajasthan,Punjab,Gujarat,None of these,A,"Uttar Pradesh is the top milk‑producing state in 2023‑24, followed by Rajasthan."
12,2,General Agriculture,"In the 2022‑23 season, which state had the maximum area under drip irrigation?",Maharashtra,Rajasthan,Punjab,Gujarat,None of these,A,Maharashtra recorded the largest area under drip irrigation during 2022‑23.
13,2,General Agriculture,Which pulse crop has the highest production in India according to the latest estimate?,Gram,Arhar,Moong,Masoor,None of these,A,Gram leads pulse production with 11.57 million tonnes.
14,2,General Agriculture,What is the per‑capita milk availability per day in India for 2023‑24?,459 g,500 g,350 g,600 g,None of these,A,Milk availability per person per day is 459 grams in 2023‑24.
15,3,General Agriculture,Which state leads India in honey production?,Uttar Pradesh,Maharashtra,Rajasthan,Andhra Pradesh,None of these,A,The source lists Uttar Pradesh (UP) as the leading state in honey production.
16,3,General Agriculture,"According to 2022-23 data, which crop receives the highest amount of pesticide usage in India?",Cotton,Wheat,Rice,Maize,None of these,A,The table states that cotton is the crop in which the highest pesticide is used.
17,3,General Agriculture,What is the total pesticide consumption in India for the year 2022-23?,"52,750 tons","45,000 tons","60,000 tons","70,500 tons",None of these,A,"The source records total pesticide use as 52,750 tons."
18,3,General Agriculture,Which animal contributes the largest share to India's total meat production?,Poultry,Goat,Sheep,Buffalo,None of these,A,"Poultry accounts for 51.14% of meat production, the highest among listed animals."
19,3,General Agriculture,"Among fruits, which has the highest production in India (2023-24)?",Banana,Mango,Apple,Orange,None of these,A,Banana leads fruit production with 35.13 million tonnes.
20,3,General Agriculture,What is the per‑hectare pesticide usage in India for 2022-23?,0.6 kg,1.2 kg,0.3 kg,2.0 kg,None of these,A,The per ha. use of pesticide is given as 0.6 kg.
21,3,General Agriculture,Which pesticide was NOT among those banned in December 2020?,Phorate,Carbofuran,Monocrotophos,Dichlorvos,None of these,C,"Monocrotophos was listed among pesticides banned in 2023, not in the December 2020 ban."
22,4,General Agriculture,Which pollutant is identified as the most poisonous in water bodies?,Arsenic,Lead,Mercury,Cadmium,None of these,A,The source lists Arsenic as the most poisonous pollutant in water.
23,4,General Agriculture,The ozone layer reaches its highest concentration in which atmospheric region?,Troposphere,Lower stratosphere,Upper stratosphere,Mesosphere,None of these,B,Maximum ozone concentration is found in the lower stratosphere according to the source.
24,4,General Agriculture,The Forest Conservation Act was enacted in which year?,1975,1980,1985,1990,None of these,B,The source states the Forest Conservation Act was enacted in 1980.
25,4,General Agriculture,Which test is used to assess the self‑purification capacity of a water body?,BOD test,pH test,Turbidity test,Nitrate test,None of these,A,The BOD test is mentioned as the test for water body self‑purification capacity.
26,4,General Agriculture,"Which gases, when released in large quantities, are primarily responsible for acid rain?",CO₂,SO₂ and NO₂,CH₄,O₃,None of these,B,SO₂ and NO₂ are listed as the gases responsible for acid rain.
27,4,General Agriculture,The gas that caused the Bhopal disaster in 1984 is also used in manufacturing which insecticide?,Carbaryl,DDT,Malathion,Endosulfan,None of these,A,"MIC, the gas from the Bhopam tragedy, was used to manufacture the insecticide Carbaryl."
28,4,General Agriculture,"According to the source, what percentage of GDP did agriculture contribute in 2020‑21?",12.5%,15.3%,19.9%,22.4%,None of these,C,The source records agriculture's contribution to GDP as 19.9% for 2020‑21.
29,5,General Agriculture,Which term’s literal meaning combines the Latin word “POMUM” (fruit) and the Greek word “LOGOS” (discourse)?,Agronomy,Pomology,Floriculture,Olericulture,None of these,B,Pomology is formed from Latin “POMUM” (fruit) and Greek “LOGOS” (discourse).
30,5,General Agriculture,The word “Extension” is derived from Latin components meaning which pair?,out and stretching,soil and cultivation,field and manage,garden and culture,None of these,A,“Extension” comes from Latin “EX” (out) and “TENSIO” (stretching).
31,5,General Agriculture,Pedology is the scientific study of what?,Plant diseases,Soil,Crop rotation,Market trends,None of these,B,"Pedology derives from Greek “PEDON” meaning soil or earth, thus it studies soil."
32,5,General Agriculture,Which term specifically refers to the cultivation of flowering and ornamental plants?,Horticulture,Floriculture,Pomology,Olericulture,None of these,B,Floriculture is concerned with the cultivation of flowering and ornamental plants.
33,5,General Agriculture,The Arabic‑derived word “Monsoon” literally means what?,life energy,change of season,ground,to barter or exchange,None of these,B,"“Monsoon” comes from Arabic “MAUSIM”, meaning “change of season”."
34,5,General Agriculture,Biodynamics combines Greek roots that denote which two concepts?,soil and cultivation,life and energy,field and manage,fruit and discourse,None of these,B,Biodynamics is formed from Greek “BIOS” (life) and “DYNAMICS” (energy).
35,5,General Agriculture,Which of the following correctly matches the term with its literal meaning?,Legume – bean,Pulses – grain,Enzyme – living ferment,All of the above,None of these,D,"All three statements are accurate: Legume means bean, Pulses are protein‑rich edible grains, and Enzyme combines “EN” (in) with “ZYME” (ferment/living)."
36,6,General Agriculture,Which agricultural term is derived from Latin 'cella' meaning 'a small group acting as a unit within a larger organization'?,Cell,Society,Compost,Ecology,None of these,A,"The Latin word 'cella' gives rise to the term 'cell', defined as a small unit within a larger organization."
37,6,General Agriculture,"The seasonal cropping terms Rabi, Kharif and Zaid originate from which language?",Sanskrit,Arabic,Greek,French,None of these,B,"Rabi, Kharif and Zaid are Arabic words used to denote different cropping seasons."
38,6,General Agriculture,The word 'Plastid' comes from Greek 'plastikas'. What does this root signify?,Formed or moulded,Light,Heat,Growth,None of these,A,"Greek 'plastikas' means 'formed or moulded', which is the basis for the term plastid."
39,6,General Agriculture,"In the term 'Entomology', the Greek root 'entomon' refers to which of the following?",Soil,Insect,Plant,Weather,None of these,B,"'Entomon' is the Greek word for 'insect', forming part of 'entomology'."
40,6,General Agriculture,The suffix 'caedo' in the Latin-derived word 'fungicide' means what?,To protect,To kill,To grow,To decompose,None of these,B,"'Caedo' in Latin translates to 'to kill', giving 'fungicide' its meaning of a substance that kills fungi."
41,6,General Agriculture,The Greek word 'meteoros' in 'meteorology' denotes what concept?,Below the earth's surface,Above the earth's surface,Water cycle,Soil fertility,None of these,B,"'Meteoros' means 'above the earth's surface', which is the focus of meteorology."
42,6,General Agriculture,The term 'Manure' is traced to French 'manoeuvrer'. What is the literal meaning of this French root?,To fertilize,To work with soil,To compost,To harvest,None of these,B,"French 'manoeuvrer' means 'to work with soil', the origin of the word 'manure'."
43,7,General Agriculture,Which event marks the earliest use of fire by Homo erectus?,0.8 million years ago,0.5 million years ago,1 million years ago,1.5 million years ago,None of these,B,The source states that Homo erectus pekinensis learned use and control of fire 0.5 million years ago.
44,7,General Agriculture,In which year was the wheel invented according to the historical record?,3400 B.C.,2900 B.C.,3000 B.C.,2700 B.C.,None of these,A,The table lists 3400 B.C. as the year the wheel was invented.
45,7,General Agriculture,Which crop was first cultivated in 7500 B.C.?,Maize,Rice,Wheat and barley,Potato,None of these,C,The source records cultivation of wheat and barley in 7500 B.C.
46,7,General Agriculture,"According to the source, which animal was domesticated earliest?",Sheep,Dog,Goat,Cattle,None of these,B,"The first domesticated animal mentioned is the dog in 10,000 B.C."
47,7,General Agriculture,Which region is credited with using iron in 1400 B.C.?,India,Middle East,China,Egypt,None of these,B,The source notes the use of iron in the Middle East in 1400 B.C.
48,7,General Agriculture,The invention of the plough and the start of irrigated farming occurred in which year?,2900 B.C.,3000 B.C.,2700 B.C.,2500 B.C.,None of these,A,Both the plough invention and irrigated farming are listed for 2900 B.C.
49,7,General Agriculture,Which crop was cultivated in 1500 B.C. and accompanied by the start of irrigation through wells?,Sugarcane,Finger millet,Sorghum,Chickpea,None of these,A,The source states sugarcane cultivation and well irrigation began in 1500 B.C.
50,8,General Agriculture,Which of the following crops was NOT introduced to India by the Portuguese in the 16th century?,Potato,Cassava,Rice,Papaya,None of these,C,Rice was already cultivated in India long before the Portuguese arrived; all other listed crops were introduced by them in the 16th century.
51,8,General Agriculture,The grafting technique in horticulture was introduced to India by which group and in which year?,"British, 1805 AD","Portuguese, 1550 AD","Dutch, 1650 AD","French, 1700 AD",None of these,B,Historical records state that the Portuguese introduced grafting in Indian horticulture in 1550 AD.
52,8,General Agriculture,The Iris famine of 1845 was caused by which disease affecting which crop?,Rust of wheat,Late blight of potato,Downy mildew of grapes,Smut of millet,None of these,B,"The famine was triggered by the late blight disease that devastated potato crops, leading to severe food shortage."
53,8,General Agriculture,Which institution was established earliest?,"Forest Research Institute, Dehradun","Veterinary College, Lahore","Joint Department of Revenue, Agriculture and Commerce (DRAC)",India Meteorological Department (IMD),None of these,C,"DRAC was set up in 1871, earlier than the veterinary college (1882), IMD (1875), and FRI (1906)."
54,8,General Agriculture,The Persian wheel was used in which Indian location during 760‑800 AD?,"Pusa, Bihar",Araghatta,Jamuna region,Kanpur,None of these,B,Historical texts record the use of the Persian wheel at Araghatta in India between 760 and 800 AD.
55,8,General Agriculture,The agricultural text *KrishiSukti* was authored by which scholar?,Kashyapa,Varaha,Sushruta,Charaka,None of these,A,*KrishiSukti* was prepared by the scholar Kashyapa as a textbook on agriculture.
56,8,General Agriculture,Which event occurred between 1901 and 1905?,Publication of *Flora India*,Construction of the Western Jamuna Canal,Establishment of Agricultural Colleges at Pune and Kanpur,Severe famine in Bihar,None of these,C,Agricultural colleges were founded at Pune and Kanpur during the period 1901‑1905.
57,9,General Agriculture,Which year saw the appointment of the first Irrigation Commission in India?,1901,1903,1905,1919,None of these,A,The table lists 1901 as the year the First Irrigation Commission was appointed.
58,9,General Agriculture,The Imperial (now Indian) Agricultural Research Institute (IARI) was established at Pusa in which year?,1905,1903,1919,1921,None of these,A,"IARI at Pusa was established in 1905, as stated in the source."
59,9,General Agriculture,Which committee was constituted in 1921 that focused on cotton?,Indian Central Cotton Committee,Indian Central Jute Committee,Indian Central Lac Committee,Indian Central Sugarcane Committee,None of these,A,The source records the Indian Central Cotton Committee being constituted in 1921.
60,9,General Agriculture,The Great Bengal Famine of 1943 was caused by which pathogen?,Helminthosporium oryzae,Bacillus subtilis,Aspergillus flavus,Fusarium oxysporum,None of these,A,The table notes the famine was caused by Helminthosporium oryzae.
61,9,General Agriculture,In which year was the Indian Central Jute Committee established?,1931,1936,1940,1945,None of these,B,"The Indian Central Jute Committee was established in 1936, per the source."
62,9,General Agriculture,"The ""Grow more food"" campaign was first launched in which year?",1942,1947,1940,1945,None of these,A,The source indicates the campaign started in 1942 and was restarted in 1947.
63,9,General Agriculture,"The Directorate of plant protection, quarantine & storage (DPPQ&S) was established in which year?",1945,1946,1944,1943,None of these,B,The table lists the establishment of DPPQ&S in 1946.
64,10,General Agriculture,Which institution was established in 1946 for rice research?,"Central Rice Research Institute (CRRI), Cuttack",Indian Central Oil Seeds Committee,Arecanut Committee,National Seed Corporation (NSC),None of these,A,"The Central Rice Research Institute (CRRI) was established in 1946 in Cuttack, Orissa, as indicated in the table."
65,10,General Agriculture,Which project was initiated by Albert Mayer in 1948?,Firka Development of Madras State,Etawah Pilot Project,Community Development Programme (CDP),Intensive Agriculture District Programme (IADP),None of these,B,"The Etawah Pilot Project was initiated by Albert Mayer in 1948, as listed in the table."
66,10,General Agriculture,When was the Community Development Programme (CDP) started?,2nd Oct. 1952,2nd Oct. 1953,2nd Oct. 1959,1960,None of these,A,"The Community Development Programme (CDP) was started on 2nd Oct. 1952, as per the table."
67,10,General Agriculture,Which university was the first agricultural university in India?,IARI,G.B Pant University of Agriculture & Technology,Central Rice Research Institute,National Agricultural Cooperative Marketing Federation,None of these,B,"G.B Pant University of Agriculture & Technology at Pantnagar was the first agricultural university in India, established in 1960."
68,10,General Agriculture,What is the Intensive Agriculture District Programme (IADP) also known as?,Package Programme,Green Revolution,National Demonstration Programme,Farmers Training and Education Centre,None of these,A,"The Intensive Agriculture District Programme (IADP) is also known as the 'Package Programme', as mentioned in the table."
69,10,General Agriculture,Which project was initiated in 1965 by Shri S.K. Dey?,Intensive Cattle Development Project (ICDP),Nilokheri project (Mazdoor Manzil),National Demonstration Programme (NDP),High Yielding Varieties Programme,None of these,B,"The Nilokheri project (Mazdoor Manzil) was initiated in 1965 by Shri S.K. Dey, as indicated in the table."
70,10,General Agriculture,Which year is regarded as the Green Revolution year?,1965,1966-67,1967-68,1969,None of these,B,"The year 1966-67 is regarded as the Green Revolution year, as mentioned in the table."
71,11,General Agriculture,Which programme was launched in 1976 to provide training and management education in agriculture?,National Academy of Agricultural Research and Management,National Agricultural Research Project,National Rural Employment Programme,National Commission on Agriculture,None of these,A,NAARM was established in 1976 to offer education and training for agricultural research and management.
72,11,General Agriculture,Which programme was initiated in 1973 to promote wildlife conservation?,Project Tiger,Project Desert Development Programme,Lab to Land Programme,Integrated Rural Development Programme,None of these,A,Project Tiger was started in 1973 as a wildlife conservation initiative.
73,11,General Agriculture,Which programme started in 1974 to provide scientific support to farmers?,Krishi Vigyan Kendra,Command Area Development Authority,Minimum Needs Programme,Training & Visit system,None of these,A,Krishi Vigyan Kendra (KVK) was launched in 1974 to offer scientific assistance to farmers.
74,11,General Agriculture,Which programme was launched in 1978 and later known as the Poverty Eradication Programme?,Integrated Rural Development Programme,National Rural Employment Programme,National Commission on Agriculture,National Academy of Agricultural Research and Management,None of these,A,The Integrated Rural Development Programme (IRDP) began in 1978 and was later called the Poverty Eradication Programme.
75,11,General Agriculture,Which programme began in 1979 to bring research from laboratory to field?,Lab to Land Programme,Integrated Rural Development Programme,National Rural Employment Programme,National Commission on Agriculture,None of these,A,The Lab to Land Programme (LLP) was started in 1979 to transfer research outcomes to farmers.
76,11,General Agriculture,Which programme was established in 1971 to assist small farmers?,Small Farmers Development Agency,Marginal Farmers and Agricultural Labor Project,Minikit Programme,National Commission on Agriculture,None of these,A,The Small Farmers Development Agency (AFDA) was set up in 1971 to support small farmers.
77,11,General Agriculture,In which year was the Agricultural Scientists Recruitment Board established?,1973,1974,1975,1976,None of these,A,The Agricultural Scientists Recruitment Board (ASRB) was established on 1st November 1973.
78,12,General Agriculture,Which scheme launched in 1985 was later renamed as National Agricultural Insurance Scheme (NAIS)?,Crop Insurance Scheme (CIS),National Agricultural Insurance Scheme (NAIS),National Bank for Agriculture & Rural Development (NABARD),National Agricultural Research Project (Phase-II),None of these,A,The 1985 Crop Insurance Scheme was later renamed as NAIS.
79,12,General Agriculture,When was the National Bank for Agriculture & Rural Development (NABARD) established?,12th July 1982,1983,1985,1986,None of these,A,NABARD was established on 12th July 1982.
80,12,General Agriculture,Which scheme launched in 1998 was funded by the World Bank?,Kisan Credit Card Scheme,ICAR’s National Agricultural Technology Project (NATP),National Food for Work Programme (NFWP),National Agricultural Research Project (Phase-II),None of these,B,NATP was launched in 1998 with World Bank funding.
81,12,General Agriculture,Which scheme was renamed as National Rural Livelihood Mission (NRLM) in 2011?,Jawahar Gram Samridhi Yojna (JGSY),SwaranaJayanti Gram Swarozgar Yojana (SGSY),Integrated Watershed Development Programme,National Food for Work Programme,None of these,B,SGSY was renamed NRLM in 2011.
82,12,General Agriculture,Which scheme launched in 2004 was later merged into National Mission on Oilseeds and Oil Palm (NMOOP) in 2014-15?,National Food for Work Programme (NFWP),"Integrated Scheme of Oilseeds, Pulses, Oil palm and Maize (ISOPOM)",National Agricultural Science Complex (NASC),National Watershed Development Programme for Rainfed Areas,None of these,B,ISOPOM launched in 2004 merged into NMOOP in 2014-15.
83,12,General Agriculture,Which of the following was established in 1996?,National Gene Bank at New Delhi,National Agricultural Research Project (Phase-II),National Bank for Agriculture & Rural Development (NABARD),National Watershed Development Programme for Rainfed Areas,None of these,A,The National Gene Bank was established in 1996.
84,12,General Agriculture,Which scheme launched in 1986 focused on oilseeds?,Technology Mission on Oilseeds (TMO),National Agricultural Research Project (Phase-II),National Watershed Development Programme for Rainfed Areas,Integrated Watershed Development Programme,None of these,A,"TMO, launched in 1986, focused on oilseeds."
85,13,General Agriculture,Which policy was initiated in the year 2004?,Marine Fishing Policy,National Horticulture Mission,National Bamboo Mission,National Food Security Mission,None of these,A,The Marine Fishing Policy was initiated in the year 2004 as per the given data.
86,13,General Agriculture,Who was the first Director General of ICAR?,Dr. B.P. Pal,Jogendra Singh,Lord Linlithgow,Professor M.S. Swaminathan,None of these,A,Dr. B.P. Pal was the first Director General of ICAR and he initiated All India Co-ordinate Research Projects (AICRPs).
87,13,General Agriculture,When was the National Horticulture Mission started?,"May, 2005","August, 2007","April, 2014",2006-07,None of these,A,"The National Horticulture Mission was started in May, 2005."
88,13,General Agriculture,Which mission was started in August 2007?,National Food Security Mission,National Bamboo Mission,National Rainfed Area Authority,National Agricultural Innovation Project,None of these,A,"The National Food Security Mission was started in August, 2007."
89,13,General Agriculture,What was the main objective of Bharat Nirman?,Creating and augmenting basic rural infrastructure,Promoting agricultural research,Enhancing marine fishing,Developing horticulture,None of these,A,"Bharat Nirman is an Indian business plan for creating and augmenting basic rural infrastructure including irrigation, roads, housing, water supply, and electricity supply."
90,13,General Agriculture,When was ICAR established?,"16th July, 1929",1926,"March, 1946",1965,None of these,A,"ICAR was set up on 16th July, 1929, as a registered society under the Societies Registration Act 1860."
91,13,General Agriculture,"Which committee was constituted in June, 1972 to review ICAR?",Gajendra Gadkar Committee,Agricultural Review Team,National Commission on Farmers,Royal Commission on Agriculture,None of these,A,"The Gajendra Gadkar Committee was constituted in June, 1972 to review ICAR."
92,14,General Agriculture,"Which institute is located in Bhopal, Madhya Pradesh?",Indian Institute of Soil Science,Indian Institute of Sugarcane Research,Indian Lac Research Institute,Indian Institute of Vegetable Research,None of these,A,"The Indian Institute of Soil Science (IISS) is located in Bhopal, Madhya Pradesh."
93,14,General Agriculture,The Central Institute for Research on Goats is located in which city?,Mathura,Avikanagar,Bangalore,Hyderabad,None of these,A,"The Central Institute for Research on Goats (CIRG) is located in Mathura, Uttar Pradesh."
94,14,General Agriculture,Which institute is associated with fisheries technology and located in Cochin?,Central Inland Fisheries Research Institute,Central Institute of Fisheries Technology,National Fisheries Development Board,National Bureau of Fish Genetic Resources,None of these,B,"The Central Institute of Fisheries Technology (CIFT) is located in Cochin, Kerala."
95,14,General Agriculture,The National Bureau of Plant Genetic Resources is located in which city?,Nagpur,Karnal,New Delhi,Lucknow,None of these,C,The National Bureau of Plant Genetic Resources (NBPGR) is located in New Delhi.
96,14,General Agriculture,"Which institute is located in Hyderabad, Andhra Pradesh?",National Fisheries Development Board,Central Sheep and Wool Research Institute,National Institute of Animal Nutrition and Physiology,Central Avian Research Institute,None of these,A,"The National Fisheries Development Board (NFDB) is located in Hyderabad, Andhra Pradesh."
97,14,General Agriculture,The Indian Institute of Vegetable Research is located in which city?,Varanasi,Bhopal,Lucknow,Calcutta,None of these,A,"The Indian Institute of Vegetable Research (IIVR) is located in Varanasi, Uttar Pradesh."
98,14,General Agriculture,Which institute is associated with animal nutrition and physiology and located in Bangalore?,National Institute of Animal Nutrition and Physiology,Central Institute for Research on Goats,Central Sheep and Wool Research Institute,Central Avian Research Institute,None of these,A,"The National Institute of Animal Nutrition and Physiology (NIANP) is located in Bangalore, Karnataka."
99,17,General Agriculture,Which international institute was established first among those listed?,IRRI,CIMMYT,ICARDA,ICRISAT,None of these,A,"IRRI was founded in 1960, earlier than CIMMYT (1966), ICARDA (1977) and ICRISAT (1972)."
100,17,General Agriculture,Which acronym stands for International Center for Agricultural Research in Dry land Area?,ICARDA,ICRISAT,ICGEB,IITA,None of these,A,ICARDA’s full name is International Center for Agricultural Research in Dry land Area.
101,17,General Agriculture,"Which institute is located in Hyderabad, India?",ICRISAT,ICGEB,NAARM,IITA,None of these,A,"ICRISAT’s headquarters are in Hyderabad, India."
102,17,General Agriculture,Which institute focuses on animal diseases?,ILRAD,ICGEB,IBPGR,AVRDC,None of these,A,ILRAD stands for International Laboratory for Research on Animal Diseases.
103,17,General Agriculture,Which institute was founded in 1974?,IBPGR,IIMI,IITA,CIAT,None of these,A,IBPGR was established in 1974.
104,17,General Agriculture,Which of the following is not an international institute but a national research center?,NAARM,FRI,NRC-WS,ICRISAT,None of these,A,"NAARM is a national academy, whereas the others are international institutes."
105,17,General Agriculture,Which institute's acronym is associated with the Asian Vegetable Research and Development Center?,AVRDC,IITA,CIAT,ICGEB,None of these,A,AVRDC stands for Asian Vegetable Research and Development Center.
106,18,General Agriculture,Which organization was originally known as the Project Directorate of Rice Research and is now located in Hyderabad?,IIRR,IIWBR,IIMR,PDWMR,None of these,A,The correct answer is IIRR because the Project Directorate of Rice Research (PDRR) was renamed as the Indian Institute of Rice Research (IIRR) and is located in Hyderabad.
107,18,General Agriculture,The National Biodiversity Authority is located in which city?,Chennai,New Delhi,Mumbai,Kolkata,None of these,A,The correct answer is Chennai because the National Biodiversity Authority (NBA) is headquartered in Chennai.
108,18,General Agriculture,Which organization replaced the General Agreement on Tariffs and Trade (GATT) in 1995?,WTO,WMO,NABARD,APEDA,None of these,A,The correct answer is WTO because the General Agreement on Tariffs and Trade (GATT) was replaced by the World Trade Organization (WTO) in January 1995.
109,18,General Agriculture,Where is the headquarters of the World Meteorological Organization (WMO) located?,Geneva,New York,Paris,London,None of these,A,"The correct answer is Geneva because the World Meteorological Organization (WMO) is headquartered in Geneva, Switzerland."
110,18,General Agriculture,Which institute was formerly known as the National Research Center for Rapeseed & Mustard?,DRMR,DFR,DIPA,NASM,None of these,A,The correct answer is DRMR because the Directorate of Rapeseed & Mustard Research (DRMR) was formerly known as the National Research Center for Rapeseed & Mustard.
111,18,General Agriculture,When was the National Agricultural Science Museum established?,2004,2002,2009,1958,None of these,A,The correct answer is 2004 because the National Agricultural Science Museum (NASM) was established in 2004.
112,18,General Agriculture,Which organization is responsible for the development and promotion of export of agricultural and processed food products?,APEDA,NAFED,NABARD,CACP,None of these,A,The correct answer is APEDA because the Agricultural and Processed Food Product Export Development Authority (APEDA) is responsible for the development and promotion of the export of agricultural and processed food products.
113,19,General Agriculture,Which institute is responsible for ensuring the quality control of fertilizers in India?,Central Fertilizer Quality Control & Training Institute,National Plant Protection Training Institute,Directorate of Marketing and Inspection,Indian Council of Agricultural Research,None of these,A,The Central Fertilizer Quality Control & Training Institute (CFQCTI) is specifically mentioned as the institute responsible for fertilizer quality control.
114,19,General Agriculture,Which award is given to woman agricultural scientists?,Hari Om Ashram Trust award,Punjabrao Deshmukh Women Award,Jawaharlal Nehru award,Jagjivan Ram Kishan award,None of these,B,The Punjabrao Deshmukh Women Award is specifically mentioned as the award for woman agricultural scientists.
115,19,General Agriculture,Which publication is associated with the Ministry of Rural Development?,Current Science,Science Reporter,Kurukestra,Agricultural Today,None of these,C,Kurukestra is mentioned as the publication associated with the Ministry of Rural Development.
116,19,General Agriculture,Who is known as the Father of the Green Revolution in India?,Dr. Norman Borlaug,Dr. M. S. Swaminathan,Dr. Vergese Kurien,Dr. A. P. J. Abdul Kalam,None of these,B,Dr. M. S. Swaminathan is explicitly mentioned as the Father of the Green Revolution in India.
117,19,General Agriculture,Which award is given for the best work in Ph.D. in the field of Agriculture & Allied Sciences?,Hari Om Ashram Trust award,Punjabrao Deshmukh Women Award,Jawaharlal Nehru award,Jagjivan Ram Kishan award,None of these,C,The Jawaharlal Nehru award is specifically mentioned for the best work in Ph.D. in the field of Agriculture & Allied Sciences.
118,19,General Agriculture,Where is the National Plant Protection Training Institute located?,Faridabad,Hyderabad,New Delhi,Bangalore,None of these,B,The National Plant Protection Training Institute (NPPTI) is located in Hyderabad.
119,19,General Agriculture,Which award was given to Dr. M. S. Swaminathan by the FAO in 1987?,Millennium Prize,World Food Prize,World Agriculture Prize,Green Revolution Award,None of these,B,"Dr. M. S. Swaminathan received the World Food Prize in 1987, as mentioned in the source."
120,20,General Agriculture,Who is known as the Father of the 'Green Revolution' in the world?,Dr. N. E. Borlaug,Vergese Kurien,Dr. K. L. Chadda,Dr. R. S. Paroda,None of these,A,Dr. N. E. Borlaug is known as the Father of the 'Green Revolution' in the world due to his significant contributions to increasing agricultural production through the development of high-yielding varieties of wheat.
121,20,General Agriculture,Which scientist is associated with the 'White Revolution' in India?,Dr. N. E. Borlaug,Vergese Kurien,Dr. K. L. Chadda,Amrita Patel,None of these,B,Vergese Kurien is known as the Father of the 'White Revolution' in India for his pivotal role in the development of the dairy industry through the 'Operation Flood' program.
122,20,General Agriculture,Who was awarded the Nobel Peace Prize in 1970 for contributions to agriculture?,Dr. N. E. Borlaug,Vergese Kurien,Dr. G. S. Khush,Sanjay Rajaram,None of these,A,"Dr. N. E. Borlaug was awarded the Nobel Peace Prize in 1970 for his contributions to the 'Green Revolution,' which significantly increased global agricultural production."
123,20,General Agriculture,Which scientist is known as the Father of the 'Golden Revolution' in India?,Dr. N. E. Borlaug,Vergese Kurien,Dr. K. L. Chadda,Dr. R. S. Paroda,None of these,C,"Dr. K. L. Chadda is known as the Father of the 'Golden Revolution' in India for his contributions to the field of pomology, which involves the cultivation of fruit."
124,20,General Agriculture,What is the primary function of the Cry-1Ac gene in Bt. Cotton?,Increases cotton yield,Produces proteins lethal to insect larvae,Enhances water absorption,Improves soil fertility,None of these,B,"The Cry-1Ac gene in Bt. Cotton produces proteins that are lethal to insect larvae, specifically targeting the digestive system of bollworms."
125,20,General Agriculture,Which award did Dr. G. S. Khush receive for his contributions to rice breeding?,Nobel Peace Prize,World Food Prize,Wolf Prize,Magsaysay Award,None of these,C,"Dr. G. S. Khush was awarded the Wolf Prize for his extraordinary contributions to plant breeding and genetics, particularly in rice."
126,20,General Agriculture,Who was awarded the 'World Food Prize' in 2000 for research on QPM maize?,Dr. N. E. Borlaug,Vergese Kurien,S. K. Vasal,Dr. G. S. Khush,None of these,C,"S. K. Vasal was awarded the World Food Prize in 2000 for his research on Quality Protein Maize (QPM), which is rich in essential amino acids like tryptophan and lysine."
127,21,General Agriculture,Which was the first transgenic crop ever developed?,Bt. Tobacco,Flavr Savr Tomato,Bt. Cotton,DMH-11 Mustard,None of these,A,"Bt. Tobacco was the first transgenic crop, developed in 1987."
128,21,General Agriculture,Which country holds the first position in the world for transgenic plants?,Brazil,USA,Argentina,India,None of these,B,The USA holds the first position in the world for transgenic plants.
129,21,General Agriculture,Which gene is responsible for imparting resistance against bollworm complex in Bt cotton varieties?,Cry2Ab,Cry1AC,Cry1Ab,Cry3Bb,None of these,B,The 'cry1AC' gene is responsible for imparting resistance against bollworm complex in Bt cotton varieties.
130,21,General Agriculture,Which institution developed the country's first genetically modified (Bt) varieties of cotton that could be reused by farmers?,Mahyco,"Punjab Agricultural University, Ludhiana",SKRAU-Bikaner,Monsanto,None of these,B,"Punjab Agricultural University, Ludhiana developed the country's first genetically modified (Bt) varieties of cotton that could be reused by farmers."
131,21,General Agriculture,What is the rank of India in the world for transgenic crops as of 2023?,First,Second,Third,Fifth,None of these,D,India ranks fifth in the world for transgenic crops as of 2023.
132,21,General Agriculture,Which company developed the glyphosate-resistant mustard variety Dhara Mustard Hybrid-11 (DMH-11)?,Mahyco,Monsanto,Pro-Agro Seed Company Ltd.,Punjab Agricultural University,None of these,C,Pro-Agro Seed Company Ltd. developed the glyphosate-resistant mustard variety Dhara Mustard Hybrid-11 (DMH-11).
133,21,General Agriculture,What was the total area under transgenic crops in the world in 1996?,1.7 mha,17 mha,170 mha,270 mha,None of these,A,The total area under transgenic crops in the world in 1996 was 1.7 mha.
134,22,General Agriculture,Who is known as the father of Golden Rice?,Ingo Potrikus,Peter Beyer,Dr. Gurdev Singh Khush,Prof. Long Ping Yuan,None of these,A,"Ingo Potrikus is known as the father of Golden Rice because he, along with Peter Beyer, engineered Golden Rice in the 1990s to prevent Vitamin-A deficiency in humans."
135,22,General Agriculture,Which institution developed the first hybrid rice variety in India?,IRRI,"TNAU, Coimbatore",IARI,DRMR,None of these,B,"The first hybrid rice variety in India, MGR-1 (earlier named as CoRH-1), was developed by TNAU, Coimbatore."
136,22,General Agriculture,Who developed the first hybrid mustard variety in India?,"TNAU, Coimbatore",IARI,DRMR,Delhi University,None of these,C,"The first hybrid mustard variety in India, NRC-HB-506, was developed by DRMR (Directorate of Rapeseed and Mustard Research)."
137,22,General Agriculture,What is the expected yield increase percentage for Super Wheat?,10-15%,15-20%,20-25%,25-30%,None of these,B,Super Wheat was expected to have a yield increase of 15-20%.
138,22,General Agriculture,Who coined the term 'Green Revolution'?,Dr. M S. Swaminathan,William S. Gaud,Ingo Potrikus,Prof. Long Ping Yuan,None of these,B,"The term 'Green Revolution' was coined by William S. Gaud in 1968 to describe productivity-based improvements in food production, particularly in wheat and rice."
139,22,General Agriculture,What is the main focus of the Ever Green Revolution?,High yielding varieties,Use of chemical fertilizers,Sustainable methods of crop intensification and diversification,Plant protection chemicals,None of these,C,The Ever Green Revolution focuses on sustainable methods of crop intensification and diversification.
140,22,General Agriculture,What is the primary goal of Vertical Revolution in Agriculture?,Increasing the variety of crops,Maximizing production per unit land area per unit of time,Reducing the use of chemical fertilizers,Developing genetically modified crops,None of these,B,The primary goal of Vertical Revolution in Agriculture is to maximize production per unit land area per unit of time using intensive cropping systems and improved management practices.
141,23,General Agriculture,Which revolution is associated with fish production?,White Revolution,Blue Revolution,Brown Revolution,Yellow Revolution,None of these,B,"The Blue Revolution focuses on increasing fish production, as listed in the table of other agricultural revolutions."
142,23,General Agriculture,India's share in world livestock is what percentage?,15%,17.5%,4%,2.4%,None of these,A,The source states that India's share in world livestock is 15%.
143,23,General Agriculture,In which commodity does India hold the first position globally?,Wheat,Mango,Rice,Cotton,None of these,B,India ranks first in mango production among the listed first‑position items.
144,23,General Agriculture,"The ""Prabhani kranti"" refers to a variety of which vegetable?",Tomato,Okra,Onion,Prawn,None of these,B,The source notes that Prabhani kranti is a variety of okra.
145,23,General Agriculture,The Golden fibre revolution aims to boost production of which crop?,Jute,Cotton,Fruit,Honey,None of these,A,Golden fibre revolution is linked to jute production as per the table.
146,23,General Agriculture,Which revolution is linked to biofuel and Jatropha production?,Black Revolution,Red Revolution,Pink Revolution,White Revolution,None of these,A,The Black Revolution focuses on biofuel and Jatropha production.
147,23,General Agriculture,Identify the incorrectly matched revolution–product pair.,White Revolution – Milk Production,Yellow Revolution – Oilseeds (mustard),Silver Revolution – Egg production,Brown Revolution – Fish Production,None of these,D,"Brown Revolution is associated with food processing/leather, not fish production; the other pairs are correct."
148,24,General Agriculture,"In India, natural rubber accounts for what share of production?",8.5%,10%,12%,15%,None of these,A,"Natural rubber production in India constitutes 8.5% of total rubber output, as stated in the source."
149,24,General Agriculture,"In 2020, India ranked what position in coffee production?",1st,3rd,5th,7th,None of these,D,The source indicates India was seventh in coffee production in 2020.
150,24,General Agriculture,Which commodity is the second highest export commodity in India?,Rice,Cashew,Wheat,Tea,None of these,B,Export commodities are listed as Rice > Cashew > Wheat > Tea > Tobacco; Cashew is second.
151,24,General Agriculture,Which commodity is the third highest import commodity in India?,Vegetable oil,Cashew,Pulses,Fruits,None of these,C,Import commodities are listed as Vegetable oil > Cashew > Pulses > Fruits; Pulses is third.
152,24,General Agriculture,Which crop was the focus of the UN International Year in 2008?,Rice,Potato,Water,Forest,None of these,B,The source lists 2008 as the International Year of Potato.
153,24,General Agriculture,"In 2016, the UN International Year focused on which of the following?",Soil,Pulses,Forest,Biodiversity,None of these,B,2016 is listed as the International Year of Pulses.
154,24,General Agriculture,The UN International Year of 2023 celebrated which crop?,Millets,Rice,Potatoes,Pulses,None of these,A,2023 is noted as the International Year of Millets.
155,25,General Agriculture,Which day is celebrated as World Food Day?,16th October,16th September,4th December,5th December,None of these,A,World Food Day is celebrated on 16th October as per the list of important days related to agriculture.
156,25,General Agriculture,What is the objective of the Kisan Credit Card Scheme (KCCs)?,To provide agricultural information to the farming community through toll-free telephone lines,To provide crop loans to farmers at a reduced interest rate,To celebrate the birth day of Choudhary Charan Singh,To promote forestry and environmental conservation,None of these,B,"The Kisan Credit Card Scheme (KCCs) aims to provide crop loans to farmers at a reduced interest rate, with additional interest subvention for timely repayment."
157,25,General Agriculture,When was the Kisan Call Centre scheme launched?,1998,January 2004,2009,2010,None of these,B,The Kisan Call Centre scheme was launched in January 2004 to provide agricultural information to the farming community through toll-free telephone lines.
158,25,General Agriculture,What is the effective rate of interest for farmers who repay their short-term crop loan on time under the Kisan Credit Card Scheme?,7 per cent per annum,4 per cent per annum,3 per cent per annum,1 per cent per annum,None of these,B,The effective rate of interest for farmers who repay their short-term crop loan on time under the Kisan Credit Card Scheme is 4 per cent per annum due to an additional 3 per cent interest subvention.
159,25,General Agriculture,Which day is celebrated as World Soil Day?,16th September,4th December,5th December,16th October,None of these,C,World Soil Day is celebrated on 5th December as per the list of important days related to agriculture.
160,25,General Agriculture,What is the common toll-free number for the Kisan Call Centre?,1800-180-1551,1800-110-1551,1800-180-1550,1800-110-1550,None of these,A,"The common toll-free number for the Kisan Call Centre is 1800-180-1551, which is allocated country-wide."
161,25,General Agriculture,Which day is celebrated as World Forestry Day?,21st March,5th June,11th July,16th July,None of these,A,World Forestry Day is celebrated on 21st March as per the list of important days related to agriculture.
162,26,General Agriculture,"Which scheme was implemented to enhance the production of rice, wheat, and pulses by specific amounts by the end of the Eleventh Plan?",National Food Security Mission (NFSM),Rashtriya Krishi Vikas Yojana (RKVY),National Horticulture Mission (NHM),"Integrated Scheme of Oilseeds, Pulses, Oil Palm and Maize (ISOPOM)",None of these,A,"The National Food Security Mission (NFSM) was specifically implemented to enhance the production of rice, wheat, and pulses by 10 mt, 8 mt, and 2 mt, respectively, by the end of the Eleventh Plan."
163,26,General Agriculture,"Which mission aims to promote the holistic growth of the bamboo sector by adopting an area-based, regionally differentiated strategy?",National Bamboo Mission (NBM),National Horticulture Mission (NHM),Agricultural Technology Management Agency (ATMA),Rashtriya Krishi Vikas Yojana (RKVY),None of these,A,"The National Bamboo Mission (NBM) aims to promote the holistic growth of the bamboo sector by adopting an area-based, regionally differentiated strategy."
164,26,General Agriculture,Which scheme was upgraded to the Mission for Integrated Scheme of Horticulture Development (MIDH) in 2014?,National Horticulture Mission (NHM),National Food Security Mission (NFSM),"Integrated Scheme of Oilseeds, Pulses, Oil Palm and Maize (ISOPOM)",National Bamboo Mission (NBM),None of these,A,"The National Horticulture Mission (NHM) was upgraded to the Mission for Integrated Scheme of Horticulture Development (MIDH) from April 1, 2014."
165,26,General Agriculture,Which scheme was implemented to achieve a 4% growth rate in agriculture and allied sectors during the Eleventh Plan?,Rashtriya Krishi Vikas Yojana (RKVY),National Food Security Mission (NFSM),National Bamboo Mission (NBM),Agricultural Technology Management Agency (ATMA),None of these,A,The Rashtriya Krishi Vikas Yojana (RKVY) was implemented to achieve a 4% growth rate in agriculture and allied sectors during the Eleventh Plan.
166,26,General Agriculture,"Which scheme was merged into the National Food Security Mission (NFSM) with effect from April 1, 2010?","Pulses component of Integrated Scheme of Oilseeds, Pulses, Oil Palm and Maize (ISOPOM)",National Bamboo Mission (NBM),National Horticulture Mission (NHM),Agricultural Technology Management Agency (ATMA),None of these,A,"The pulses component of the Integrated Scheme of Oilseeds, Pulses, Oil Palm and Maize (ISOPOM) was merged into the National Food Security Mission (NFSM) with effect from April 1, 2010."
167,26,General Agriculture,"Which scheme is operationalized at the district level with the active participation of farmers, NGOs, and other stakeholders?",Agricultural Technology Management Agency (ATMA),National Food Security Mission (NFSM),National Bamboo Mission (NBM),Rashtriya Krishi Vikas Yojana (RKVY),None of these,A,"The Agricultural Technology Management Agency (ATMA) is operationalized at the district level with the active participation of farmers, NGOs, and other stakeholders."
168,26,General Agriculture,Which scheme was merged into the 'National Mission on Oilseeds and Oilpalm (NMOOP)' during 2014-15?,"Integrated Scheme of Oilseeds, Pulses, Oil Palm and Maize (ISOPOM)",National Horticulture Mission (NHM),National Bamboo Mission (NBM),Rashtriya Krishi Vikas Yojana (RKVY),None of these,A,"The Integrated Scheme of Oilseeds, Pulses, Oil Palm and Maize (ISOPOM) was merged into the 'National Mission on Oilseeds and Oilpalm (NMOOP)' during 2014-15."
169,27,General Agriculture,What is the funding pattern for the National Mission on Micro Irrigation (NMMI) from 2015-16?,60:40,70:30,50:50,80:20,None of these,A,The funding pattern for the National Mission on Micro Irrigation (NMMI) from 2015-16 is explicitly stated as 60:40 for nation and state.
170,27,General Agriculture,Which scheme aims at promoting soil test-based and balanced use of fertilizers?,National Mission on Micro Irrigation (NMMI),Integrated Scheme for Agricultural Marketing (ISAM),Soil Health Card Scheme (SHCs),National Mission for Sustainable Agriculture (NMSA),None of these,C,The Soil Health Card Scheme (SHCs) specifically aims at promoting soil test-based and balanced use of fertilizers to enable farmers to release higher yields at lower cost.
171,27,General Agriculture,When was the Integrated Scheme for Agricultural Marketing (ISAM) launched?,2010,"1st April, 2014",2014-15,19 Feb. 2015,None of these,B,"The Integrated Scheme for Agricultural Marketing (ISAM) was launched on 1st April, 2014."
172,27,General Agriculture,"Which mission integrates the ongoing schemes of National Horticulture Mission, Horticulture Mission for North East & Himalayan States, and others?",National Mission on Micro Irrigation (NMMI),Integrated Scheme for Agricultural Marketing (ISAM),Mission for Integrated Scheme of Horticulture Development (MIDH),National Mission for Sustainable Agriculture (NMSA),None of these,C,"The Mission for Integrated Scheme of Horticulture Development (MIDH) integrates the ongoing schemes of National Horticulture Mission, Horticulture Mission for North East & Himalayan States, and others."
173,27,General Agriculture,How many ongoing national schemes were merged under the National Mission for Sustainable Agriculture (NMSA)?,2,3,4,5,None of these,C,The National Mission for Sustainable Agriculture (NMSA) merged 4 ongoing national schemes.
174,27,General Agriculture,Which scheme was started under the National project on management of soil health and fertility (2014-15)?,National Mission on Micro Irrigation (NMMI),Integrated Scheme for Agricultural Marketing (ISAM),Soil Health Card Scheme (SHCs),National Mission for Sustainable Agriculture (NMSA),None of these,C,The Soil Health Card Scheme (SHCs) was started under the National project on management of soil health and fertility (2014-15).
175,27,General Agriculture,Which scheme promotes the creation of agricultural marketing infrastructure by providing backend subsidy support?,National Mission on Micro Irrigation (NMMI),Integrated Scheme for Agricultural Marketing (ISAM),Mission for Integrated Scheme of Horticulture Development (MIDH),National Mission for Sustainable Agriculture (NMSA),None of these,B,"The Integrated Scheme for Agricultural Marketing (ISAM) promotes the creation of agricultural marketing infrastructure by providing backend subsidy support to State, cooperative, and private sector investments."
176,28,General Agriculture,What is the primary objective of the Soil Health Card scheme?,To provide financial support to farmers,To issue cards with crop-wise nutrient recommendations,To promote organic farming,To insure crops against natural calamities,None of these,B,The Soil Health Card scheme aims to issue cards with crop-wise recommendations of nutrients and fertilizers to help farmers improve productivity through judicious use of inputs.
177,28,General Agriculture,What is the theme of the Pradhan Mantri Krishi Sinchai Yojna (PMKSY)?,More crop per drop,Organic farming for all,Insurance for crops,Soil health management,None of these,A,The theme of PMKSY is 'Har Khet ko Pani' and improving water use efficiency with the slogan 'More crop per drop'.
178,28,General Agriculture,Where was the Paramparagat Krishi Vikas Yojna (PKVY) launched?,New Delhi,Mumbai,"Gangtok, Sikkim",Bengaluru,None of these,C,"PKVY was launched on the occasion of the National Organic Summit held at Gangtok, Sikkim."
179,28,General Agriculture,What is the uniform premium paid by farmers for all Kharif crops under PMFBY?,1.5%,2%,3%,5%,None of these,B,"Under PMFBY, farmers pay a uniform premium of 2% for all Kharif crops."
180,28,General Agriculture,Which scheme aims to promote organic farming in India?,PMKSY,PMFBY,PKVY,Soil Health Card Scheme,None of these,C,Paramparagat Krishi Vikas Yojna (PKVY) is launched to support and promote organic farming.
181,28,General Agriculture,What is the main purpose of Pradhan Mantri Fasal Bima Yojana (PMFBY)?,To provide insurance coverage for crops,To improve soil health,To promote water use efficiency,To issue soil health cards,None of these,A,"PMFBY aims to provide insurance coverage and financial support to farmers in the event of crop failure due to natural calamities, pests, and diseases."
182,28,General Agriculture,What is the premium rate for Rabi crops under PMFBY?,1%,1.5%,2%,2.5%,None of these,B,"Under PMFBY, the uniform premium rate for Rabi crops is 1.5%."
183,29,General Agriculture,"Which scheme aims to stabilize the supply of Tomato, Onion, and Potato (TOP) crops?",Pradhan Mantri Kisan Samman Nidhi (PM-KISAN),Operation Greens Scheme,PM-PRANAM,Shree Anna Yojana,None of these,B,"The Operation Greens Scheme was approved in the budget speech of 2018-19 to stabilize the supply of Tomato, Onion, and Potato (TOP) crops and ensure their availability throughout the year without price volatility."
184,29,General Agriculture,What is the primary objective of the Pradhan Mantri Kisan Samman Nidhi (PM-KISAN) scheme?,To provide an assured income support to farmers,To promote the usage of alternative fertilizers,To stabilize the supply of TOP crops,To promote the cultivation of coarse grains,None of these,A,The primary objective of the PM-KISAN scheme is to provide an assured income support of Rs. 6000 per year to all farmers across the country in three equal installments.
185,29,General Agriculture,Which scheme was launched to incentivize the use of alternative fertilizers and balanced use of chemical fertilizers?,Operation Greens Scheme,PM-KISAN,PM-PRANAM,Shree Anna Yojana,None of these,C,The PM-PRANAM scheme was launched to incentivize the States and Union Territories to promote the usage of alternative fertilizers and balanced use of chemical fertilizers.
186,29,General Agriculture,What is the main focus of the Shree Anna Yojana?,To provide income support to farmers,To stabilize the supply of TOP crops,To promote the cultivation and production of coarse grains,To incentivize the use of alternative fertilizers,None of these,C,The main focus of the Shree Anna Yojana is to promote the cultivation and production of coarse grains in the country.
187,29,General Agriculture,How much financial support is provided to farmers under the PM-KISAN scheme per year?,Rs. 5000,Rs. 6000,Rs. 7000,Rs. 8000,None of these,B,"Under the PM-KISAN scheme, farmers receive an income support of Rs. 6000 per year in three equal installments of Rs. 2000 each."
188,29,General Agriculture,Which institute is associated with the chronology mentioned in the Shree Anna Yojana?,Indian Institute of Horticultural Research,Indian Institute of Millets Research (IIMR),Indian Institute of Soil Science,Indian Institute of Vegetable Research,None of these,B,"The chronology mentioned in the Shree Anna Yojana is associated with the Indian Institute of Millets Research (IIMR) in Hyderabad, Telangana."
189,29,General Agriculture,In which year was the PM-PRANAM scheme launched?,2018-19,2019-20,2022-23,2023-24,None of these,D,The PM-PRANAM scheme was launched in the year 2023-24 to promote the usage of alternative fertilizers and balanced use of chemical fertilizers.
190,30,General Agriculture,Which of the following crops is NOT typically considered a major dryland crop in the context provided?,Sorghum,Castor,Groundnut,Wheat,None of these,D,"The source lists sorghum, castor, groundnut, pigeonpea, and cotton as important dryland crops. Wheat is not mentioned in this context."
191,30,General Agriculture,In which year was the National Research Centre for Sorghum (NRCS) established?,1970,1987,2009,2014,None of these,B,"The National Research Centre for Sorghum (NRCS) was established on November 16, 1987, as per the source."
192,30,General Agriculture,What is the primary characteristic of sustainable agriculture?,High use of chemical fertilizers,Low cost inputs and ecological harmony,Frequent soil rotation,High water usage,None of these,B,"Sustainable agriculture is characterized by the use of low-cost inputs, lower amounts of chemical fertilizers, and maintaining soil fertility and ecological harmony."
193,30,General Agriculture,Which term was coined by Stewart in 1988 based on the analysis of weather data?,Shifting cultivation,Response farming,Eco-farming,Permaculture,None of these,B,Stewart coined the term 'Response farming' in 1988 based on the analysis of weather data.
194,30,General Agriculture,What is the main cause of soil erosion in shifting cultivation?,Use of chemical fertilizers,Cultivation of the same crop on the same land year after year,High water usage,Low cost inputs,None of these,B,"Shifting cultivation involves cultivating the same crop, generally rice, on the same forest land year after year, leading to soil erosion."
195,30,General Agriculture,In which year was the Directorate of Sorghum Research (DSR) elevated to the Indian Institute of Millets Research (IIMR)?,1970,1987,2009,2014,None of these,D,The Directorate of Sorghum Research (DSR) was upgraded to the Indian Institute of Millets Research (IIMR) in 2014.
196,30,General Agriculture,Which of the following is NOT a synonym for sustainable agriculture?,Ecological farming,Natural farming,Organic farming,Intensive farming,None of these,D,"Sustainable agriculture is also known as ecological farming, natural farming, or organic farming. Intensive farming is not a synonym for sustainable agriculture."
197,31,General Agriculture,What is the primary goal of precision farming?,To maximize the use of inputs like seeds and fertilizers,To minimize the cost of production and conserve resources,To increase the size of the farmland,To reduce the variety of crops grown,None of these,B,"Precision farming aims to minimize the cost of production and conserve resources by using inputs like seeds, fertilizers, and pesticides in a targeted and efficient manner."
198,31,General Agriculture,Who introduced the concept of Ideotype in agriculture?,Holliday,Donald,Mendel,Borlaug,None of these,B,The concept of Ideotype was introduced by Donald in 1968. An ideotype is a model plant expected to perform predictably in a defined environment.
199,31,General Agriculture,What is terra-forming?,Developing Mars to resemble Earth's environment,Creating new plant species,Improving soil quality on Earth,Developing new farming techniques,None of these,A,"Terra-forming refers to the process of developing Mars to resemble Earth's environment, including creating conditions suitable for bacteria and plants."
200,31,General Agriculture,What is hydroponics?,Growing plants in soil,Growing plants without soil,Developing new plant species,Improving soil quality,None of these,B,"Hydroponics is the practice of growing plants under soil-less conditions, often using solution culture."
201,31,General Agriculture,What does the asymptotic response curve indicate?,Increase in plant density leads to decrease in yield,Increase in plant density leads to increase in yield,Plant density has no effect on yield,Yield decreases with any change in plant density,None of these,B,"The asymptotic response curve indicates that an increase in plant density leads to an increase in yield, especially in crops like cereals grown for fodder."
202,31,General Agriculture,"Which type of response curve shows that after a certain point, increasing plant density decreases yield?",Asymptotic response,Linear response,Parabolic response,Exponential response,None of these,C,"The parabolic response curve shows that after reaching a certain level, an increase in plant density leads to a decrease in yield, common in crops like cereals and pulses grown for grain."
203,31,General Agriculture,What is one advantage of precision farming?,Increased use of pesticides,Maintaining ecological balance,Higher water usage,Reduced crop variety,None of these,B,One advantage of precision farming is that it helps maintain ecological balance by using inputs more efficiently and conserving resources.
204,30,General Agriculture,Which equation represents a linear response in the relationship between input and output?,y = a + bx + cx²,y = a + bx,y = y + a (1-10^{-kx}),y = dy/dx = (A-y) C,None of these,B,"The linear response is represented by the equation y = a + bx, where y is the output and x is the input."
205,30,General Agriculture,Who is known as the father of zero tillage?,Norman Borlaug,Glubler B. Triplets,George Washington Carver,John Deere,None of these,B,"Glubler B. Triplets is recognized as the father of zero tillage, introducing the concept in 1950."
206,30,General Agriculture,What percentage of crop residue is kept on the soil surface in minimum tillage?,10-20%,20-30%,30-50%,50-100%,None of these,C,Minimum tillage keeps 30-50% of crop residues on the soil surface to improve soil condition.
207,30,General Agriculture,Which herbicides are used for weed control before sowing in zero tillage?,"Atrazine, Simazine","Paraquat, Glyphosate","2,4-D, Dicamba","Metolachlor, Alachlor",None of these,B,Paraquat and Glyphosate are the herbicides used for weed control before sowing in zero tillage.
208,30,General Agriculture,What is the primary goal of minimum tillage?,To maximize crop yield,To reduce tillage to the minimum necessary for a good seedbed,To eliminate the need for herbicides,To increase soil erosion,None of these,B,The primary goal of minimum tillage is to reduce tillage to the minimum necessary for ensuring a good seedbed and favorable growing conditions.
209,30,General Agriculture,Which of the following is NOT a step in till planting?,Cleaning the crop row,Opening of soil for seed insertion,Applying fertilizer,Covering the seed,None of these,C,"Till planting includes cleaning the crop row, opening the soil for seed insertion, placing the seed, and covering the seed. Applying fertilizer is not mentioned as a step."
210,30,General Agriculture,What was the primary reason for the start of minimum tillage in the USA?,To reduce soil erosion,To improve soil fertility,High cost of tillage due to a steep rise in oil prices,To increase crop diversity,None of these,C,Minimum tillage started in the USA primarily due to the high cost of tillage caused by a steep rise in oil prices in 1974.
211,33,General Agriculture,Which greenhouse gas contributes the highest percentage to the greenhouse effect?,CO₂,Methane,CFC,N₂O,None of these,A,"The source states CO₂ accounts for 55% of greenhouse gases, the largest share."
212,33,General Agriculture,What temperature increase is forecast for the next century?,1.4°F,3°F,5°F,7°F,None of these,C,The text predicts a rise of about 5 °F in the next century.
213,33,General Agriculture,"In developed countries, which activity is a major source of CFC emissions?",Automobile and factory emissions,Deforestation,Use of nitrogen fertilizers,Paddy cultivation,None of these,A,The source lists emissions from automobiles and factories as containing CFCs in developed nations.
214,33,General Agriculture,Which greenhouse gas is primarily linked to paddy fields and livestock in developing countries?,CO₂,Methane,CFC,N₂O,None of these,B,"Methane is emitted from paddy fields and livestock, as noted for developing countries."
215,33,General Agriculture,What direct effect of global warming on polar regions is mentioned in the source?,Increased rainfall,Melting of ice,Expansion of deserts,Increased volcanic activity,None of these,B,The text states that global warming causes melting of ice in polar regions.
216,33,General Agriculture,Rising sea levels due to global warming mainly threaten which type of area?,Mountainous regions,Coastal areas,Inland plains,Desert oases,None of these,B,"Higher sea levels submerge coastal areas, as described in the effects."
217,33,General Agriculture,Which of the following is NOT listed as an effect of global warming in the source?,Drought in warmer regions,Melting of polar ice,Increased agricultural yields,Submerging of coastal areas,None of these,C,"The source mentions drought, ice melt, and coastal submergence, but not increased agricultural yields."
218,34,Agronomy,Which symbiotic association involves a fungus and the roots of higher plants?,Mycorrhiza,Rhizobium,Azotobacter,Cyanobacteria,None of these,A,"Mycorrhiza is a symbiotic association between a fungus and the roots of higher plants, aiding in nutrient exchange and absorption."
219,34,Agronomy,Which amino acid are cereals typically deficient in?,Lysine,Methionine,Tryptophan,Valine,None of these,A,"Cereals are generally deficient in the amino acid lysine, which is essential for human and animal nutrition."
220,34,Agronomy,What is the primary use of VAM (Vascular Arbuscular Mycorrhiza)?,P solubilizing fungi in plant roots,Nitrogen fixation,Pest control,Soil aeration,None of these,A,"VAM is used as P solubilizing fungi in plant roots, enhancing phosphorus uptake by plants."
221,34,Agronomy,Which agricultural tool is most suitable for the cultivation of paddy?,Power tiller,Moldboard plow,Disc harrow,Rotavator,None of these,A,A power tiller is most suitable for the cultivation of paddy due to its ability to operate in wet and muddy conditions.
222,34,Agronomy,What is the optimum depth of puddling in rice cultivation?,5 cm,10 cm,15 cm,20 cm,None of these,A,"The optimum depth of puddling in rice cultivation is 5 cm, which helps in weed control and water management."
223,34,Agronomy,Which hormone is related to drought tolerance in plants?,Abscisic acid (ABA),Gibberellic acid,Cytokinin,Auxin,None of these,A,"Abscisic acid (ABA) is known to play a significant role in plant responses to environmental stresses, including drought tolerance."
224,34,Agronomy,Which monsoon is responsible for causing rainfall in Tamil Nadu?,North East monsoon,South West monsoon,South East monsoon,North West monsoon,None of these,A,"The North East monsoon is responsible for causing rainfall in Tamil Nadu, bringing significant precipitation to the region."
225,35,Agronomy,What is the maximum permissible limit of biuret in urea?,1.5%,2.0%,1.0%,2.5%,None of these,A,The maximum permissible limit of biuret in urea is 1.5% as per agricultural standards.
226,35,Agronomy,Which biofertilizer is used in wheat cultivation?,Azatobacter,Azospirillum,Rhizobium,Blue-green algae,None of these,A,Azatobacter is the biofertilizer commonly used in wheat cultivation.
227,35,Agronomy,Vertical mulch is typically used in which type of soils?,Black cotton soils,Alluvial soils,Red soils,Laterite soils,None of these,A,Vertical mulch is used in black cotton soils to improve soil structure and water infiltration.
228,35,Agronomy,Which fertilizer is known as an explosive fertilizer?,Ammonium nitrate,Urea,DAP,SSP,None of these,A,Ammonium nitrate is known as an explosive fertilizer due to its chemical properties.
229,35,Agronomy,What is the optimum spacing for wheat cultivation?,22.5 cm,20 cm,25 cm,30 cm,None of these,A,The optimum spacing for wheat cultivation is 22.5 cm from line to line.
230,35,Agronomy,Which micro nutrient is commonly deficient in Indian soils?,Zn,Fe,Mn,Cu,None of these,A,Zinc (Zn) is the micronutrient most commonly deficient in Indian soils.
231,35,Agronomy,Which hormone is known for promoting root growth?,IBA,NAA,GA,Cytokinin,None of these,A,IBA (Indole-3-butyric acid) is a root-promoting hormone.
232,36,Agronomy,Which committee recommended the establishment of NABARD?,Sivarammam committee,Swaminathan committee,Kelkar committee,Narsimhan committee,None of these,A,NABARD was set up on the recommendation of the Sivarammam committee.
233,36,Agronomy,Which organism is known as a free-living nitrogen-fixing organism?,Azatobacter,Rhizobium,Nostoc,Anabaena,None of these,A,Azatobacter is known as a free-living nitrogen-fixing organism.
234,36,Agronomy,What is the major agricultural commodity imported by India?,Edible oil,Pulses,Wheat,Rice,None of these,A,Edible oil constitutes 65% of India's major agricultural imports.
235,36,Agronomy,Which scale is used to measure wind force/speed?,Beaufort scale,Richter scale,pH scale,Scoville scale,None of these,A,The Beaufort scale is specifically used to measure wind force/speed.
236,36,Agronomy,What is the most destructive disease of sugarcane?,Red rot of sugarcane,Sugarcane mosaic virus,Sugarcane smut,Sugarcane rust,None of these,A,Red rot of sugarcane is identified as the most destructive disease affecting sugarcane.
237,36,Agronomy,Which crop has the maximum productivity among cereals?,Maize,Wheat,Rice,Barley,None of these,A,Maize is known to have the highest productivity among cereal crops.
238,36,Agronomy,What is the origin country of maize?,Mexico,China,India,Brazil,None of these,A,Maize originated from Mexico.
239,37,Agronomy,Which organization publishes the Indian Journal of Agriculture Sciences?,ICAR,ICRISAT,ICARDA,FAO,None of these,A,ICAR is the publisher of the Indian Journal of Agriculture Sciences.
240,37,Agronomy,Yellowing of tea leaves is most commonly caused by deficiency of which element?,Nitrogen,Sulphur,Phosphorus,Potassium,None of these,B,Sulphur deficiency leads to yellowing of tea leaves.
241,37,Agronomy,Which greenhouse gas is predominantly released from paddy fields?,CO2,Methane,Nitrous oxide,Ozone,None of these,B,Methane is the main greenhouse gas emitted from flooded paddy fields.
242,37,Agronomy,The edible portion of sweet potato (Ipomoea batata) is which part?,Tubers,Leaves,Adventitious root,Flowers,None of these,C,The edible part of sweet potato is its adventitious root.
243,37,Agronomy,Carbon dating is used to determine the age of which of the following?,Rocks,Fossils,Soil,Trees,None of these,B,Carbon dating is applied to fossils to estimate their age.
244,37,Agronomy,Which irrigation method is most suitable for saline soils?,Drip irrigation,Subsurface irrigation,Flooding method,Sprinkler irrigation,None of these,C,Flooding method is suitable for saline soils because it helps leach salts.
245,37,Agronomy,Which element is known to contribute to disease and drought resistance in plants?,Calcium,Potassium,Magnesium,Sulphur,None of these,B,Potassium enhances disease and drought resistance in plants.
246,38,Agronomy,Which process involves wind erosion?,Saltation,Irrigation,Broadcasting,Mulching,None of these,A,Saltation is specifically defined as a process of wind erosion in the provided data.
247,38,Agronomy,What is the irrigation efficiency of loamy soils?,50%,60%,70%,80%,None of these,C,"The table explicitly states that the irrigation efficiency of loamy soils is 70%, which is the highest."
248,38,Agronomy,Which crop is extensively grown as a pulse crop in India?,Lentil,Chick pea,Pea,Soybean,None of these,B,The table identifies chick pea as the extensively grown pulse crop in India.
249,38,Agronomy,Which instrument is used to measure relative humidity?,Hygrometer,Barometer,Psychrometer,Anemometer,None of these,C,The table states that relative humidity is measured by a psychrometer.
250,38,Agronomy,Which of the following crops is an example of an erosion-resistant crop?,Maize,Wheat,Cow pea,Rice,None of these,C,The table lists cow pea as an example of an erosion-resistant crop.
251,38,Agronomy,What is the optimum plant population for Bt-cotton?,"5,000 plants/ha","10,000 plants/ha","15,000 plants/ha","20,000 plants/ha",None of these,B,"The table specifies that the optimum plant population for Bt-cotton is 10,000 plants per hectare."
252,38,Agronomy,Which country has the highest irrigation efficiency?,Egypt,India,Israel,China,None of these,C,The table indicates that Israel has the highest irrigation efficiency.
253,39,Agronomy,Which variety is associated with Pusa giant?,Berseem,Wheat,Rice,Cotton,None of these,A,"Pusa giant is specifically associated with Berseem, as well as Napier grass and Papaya."
254,39,Agronomy,What type of soil water is most useful for plants?,Gravitational water,Hygroscopic water,Capillary water,Runoff water,None of these,C,Capillary water is the type of soil water that is most useful for plants because it is held in the small pores of the soil and is readily available for plant uptake.
255,39,Agronomy,"At the equator, day and nights are always:",Longer days,Shorter nights,Equal,Variable,None of these,C,"At the equator, day and nights are always equal in length due to the consistent amount of sunlight received throughout the year."
256,39,Agronomy,What is the effect called when horizontal heat transfers from warmer to cooler areas?,Greenhouse effect,Cloth line effect,Oasis effect,Corriolis effect,None of these,B,The effect where horizontal heat transfers from warmer to cooler areas is known as the cloth line effect.
257,39,Agronomy,Which enzyme is responsible for nitrogen reduction?,Nitrate reductase,Nitrogenase,Amylase,Protease,None of these,B,The enzyme responsible for nitrogen reduction is nitrogenase.
258,39,Agronomy,What is the optimal pH range for most field crops?,5.0-6.0,6.5-7.0,7.5-8.0,8.5-9.0,None of these,B,"The optimal pH range for most field crops is 6.5-7.0, which is slightly acidic to neutral."
259,39,Agronomy,What is the term for the depth of water required by a crop?,Duty,Delta,Base period,Irrigation interval,None of these,B,The depth of water required by a crop is known as Delta.
260,40,Agronomy,Which type of plough is used to puddle soil and has an efficiency of 0.1 ha for 8 hours?,Wet land plough,Mould board plough,Disc plough,Ridge plough,None of these,A,The wet land plough is specifically mentioned as the smallest among wooden ploughs and is used for puddling soil with an efficiency of 0.1 ha for 8 hours.
261,40,Agronomy,"What is the primary purpose of a Blade harrow, also known as Bakhar?",To sow seeds,To harvest crops,To control weeds,To irrigate fields,None of these,C,"The Blade harrow, known as Bakhar, is used for weed control before sowing."
262,40,Agronomy,Which irrigation system provides protection from cold by releasing latent heat of fusion?,Drip irrigation,Furrow irrigation,Sprinkler irrigation,Subsurface irrigation,None of these,C,The sprinkler system of irrigation provides protection from cold by releasing latent heat of fusion.
263,40,Agronomy,What is the term for the splitting of a pod or fruit in a characteristic manner at maturity?,Dehiscent,Germination,Pollination,Fertilization,None of these,A,The term for the splitting of a pod or fruit in a characteristic manner at maturity is known as Dehiscent.
264,40,Agronomy,Which fertilizer is preferred to grow a succeeding crop in green manured soil?,Nitrogenous,Potassic,Phosphatic,Calcareous,None of these,C,Phosphatic fertilizer is preferred to grow a succeeding crop in green manured soil.
265,40,Agronomy,What disease is caused by the continuous consumption of Lathyrus?,Malaria,Lathyrism,Dysentery,Cholera,None of these,B,"Continuous consumption of Lathyrus causes a disease known as lathyrism due to the presence of BOAA, a neurotoxin."
266,40,Agronomy,Which state is the largest producer of coffee in India?,Kerala,Tamil Nadu,Karnataka,Maharashtra,None of these,C,Karnataka is the largest producer of coffee in India.
267,41,Agronomy,What is the classification of a gully that is 5 meters deep and 20 meters wide with side slopes of 10%?,Small gully (G₂),Medium gully (G₃),Large gully (G₄),Very large gully (G₅),None of these,B,A medium gully (G₃) is defined as being 3-9 meters deep and more than 18 meters wide with side slopes of 8-15%.
268,41,Agronomy,What is the term for the direction from which the wind is coming?,Leeward side,Windward side,Upwind side,Downwind side,None of these,B,The direction from which the wind is coming is known as the windward side.
269,41,Agronomy,What is the primary method used to reduce erosion on slopes less than 2%?,Terracing,Contour plowing,Agronomic measures,Afforestation,None of these,C,Agronomic measures are specifically used to reduce erosion where the slope is less than 2%.
270,41,Agronomy,Which award is the highest presented to an agricultural scientist in India?,Norman Borlaug Award,Padma Bhushan,Rafi Ahmad Kidwai Award,Shanti Swarup Bhatnagar Prize,None of these,C,The Rafi Ahmad Kidwai Award is the highest award presented to an agricultural scientist in India.
271,41,Agronomy,What is the term for plants that produce food themselves through photosynthesis?,Heterotrophs,Consumers,Phototrophs/Autotrophs,Decomposers,None of these,C,Plants that produce food themselves through photosynthesis are known as Phototrophs or Autotrophs.
272,41,Agronomy,What is the primary cause of winter rain in northern India?,Southwest monsoon,Northeast monsoon,Western depression,Cyclonic storms,None of these,C,Winter rain in northern India is primarily caused by Western depression.
273,41,Agronomy,What is the term for the accumulation of nutrients in a lake or pond due to human intervention or natural processes?,Nitrification,Eutrophication,Sedimentation,Pollution,None of these,B,The accumulation of nutrients in a lake or pond due to human intervention or natural processes is called Eutrophication.
274,42,Agronomy,In which five-year plan was Agro-climatic regional planning initiated in India?,5th five-year plan,6th five-year plan,7th five-year plan,8th five-year plan,None of these,C,Agro-climatic regional planning in India was initiated during the 7th five-year plan (1988).
275,42,Agronomy,Which organism is responsible for nitrogen fixation in rice fields?,Rhizobium,Blue green algae with water fern Azolla,Mycorrhiza,Azotobacter,None of these,B,Nitrogen fixation in rice fields is carried out by blue-green algae in symbiosis with the water fern Azolla.
276,42,Agronomy,Which planting pattern has the maximum plant population?,Rectangular pattern,Triangular pattern,Cubodial pattern,Hexagonal pattern,None of these,C,The cubodial pattern of planting has the maximum plant population.
277,42,Agronomy,What is the term for cultivating crops with different natural habits and zero competition?,Intercropping,Mixed cropping,Parallel cropping,Relay cropping,None of these,C,Parallel cropping involves cultivating crops with different natural habits and zero competition.
278,42,Agronomy,Which variety of wheat is resistant to all three types of rust?,Kalyan Sona,Sonalika,Choti Lerma,HD 2967,None of these,C,Choti Lerma is the variety of wheat that is resistant to all three types of rust.
279,42,Agronomy,What is the term for cultivating two or more crops of different heights simultaneously on the same piece of land?,Intercropping,Multistoried cropping,Mixed cropping,Relay cropping,None of these,B,Multistoried cropping involves cultivating two or more crops of different heights simultaneously on the same piece of land.
280,42,Agronomy,What is the cause of tip burn in paddy?,Excessive sunlight,Reduced O2 and N2 under submerged conditions,High salinity,Nutrient deficiency,None of these,B,Tip burn of paddy is due to reduced O2 and N2 under submerged conditions.
281,43,Agronomy,Who is known as the father of soil microbiology?,J. B. Boussingault,S. N. Winogradsky,M. L. Troug,J. V. Liebig,None of these,B,S. N. Winogradsky is credited as the father of soil microbiology for his pioneering work in the field.
282,43,Agronomy,Which agronomist is associated with the development of the H-4 hybrid of cotton?,Dr. N.G. Dastane,Dr. C.T. Patel,Dr. Rajendra Prasad,Dr. Shastry,None of these,B,Dr. C.T. Patel is known for developing the H-4 hybrid of cotton in 1970.
283,43,Agronomy,The concept of the 'Law of the Minimum' was proposed by:,Blackman,J.V. Liebig,Wilcox,Nichiporovic,None of these,B,"J.V. Liebig proposed the Law of the Minimum in 1840, which states that growth is controlled by the scarcest resource."
284,43,Agronomy,Who is credited with the discovery of penicillin?,Lysenko,F. Went,Alexandrian Fleming,Beijerinck,None of these,C,"Alexandrian Fleming discovered penicillin in 1929, which revolutionized medicine."
285,43,Agronomy,The term 'Photoperiodism' was coined by:,Gardener & Allard,F. Went,Wilcox,Donald,None of these,A,Gardener & Allard coined the term 'Photoperiodism' in 1920 to describe the response of plants to the length of daylight.
286,43,Agronomy,Who is known as the father of the golden revolution?,Jethro Tull,Dr. K.L. Chadda,V.V. Dokuchaiv,J. B. Boussingault,None of these,B,Dr. K.L. Chadda is known as the father of the golden revolution for his contributions to horticulture and honey production.
287,43,Agronomy,The concept of 'Leaf Area Index' was introduced by:,Watson,Nichiporovic,Donald,Brays R.H,None of these,A,"Watson introduced the concept of Leaf Area Index in 1947, which is a measure of the leaf area per unit ground area."
288,44,Agronomy,Who is known as the 'Father of agronomy'?,Peter Decresenzi,Van Helmont,Jethro Tull,Arthur Young,None of these,A,Peter Decresenzi is known as the 'Father of agronomy' because he collected many literatures related to agronomy in his book 'Opus Ruralium Kamo Daram' for the first time.
289,44,Agronomy,Which scientist concluded that the main principle of vegetation is water?,Peter Decresenzi,Van Helmont,Jethro Tull,Arthur Young,None of these,B,Van Helmont concluded that the main principle of vegetation is water.
290,44,Agronomy,Who is known as the 'Father of weed science'?,Peter Decresenzi,Van Helmont,Jethro Tull,Arthur Young,None of these,C,Jethro Tull is known as the 'Father of weed science' because he published a book 'Horse Hoeing Husbandry' and introduced the words 'Weeds' and 'Zero tillage'.
291,44,Agronomy,What is the formula for Leaf Area Index (LAI)?,LAI = Total leaf area (m²) / Ground area (m²),LAI = Ground area (m²) / Total leaf area (m²),LAI = Total leaf area (m²) * Ground area (m²),LAI = Total leaf area (m²) + Ground area (m²),None of these,A,The formula for Leaf Area Index (LAI) is LAI = Total leaf area (m²) / Ground area (m²).
292,44,Agronomy,What does Land Equivalent Ratio (LER) mean?,The ratio of the yield of intercropping to the yield of a sole crop,The relative land area required by a sole crop to produce the yield achieved in intercropping,The ratio of the ground area to the total leaf area,The ratio of the total leaf area to the ground area,None of these,B,Land Equivalent Ratio (LER) means the relative land area occupied by a sole crop that is required to produce the yield achieved in intercropping.
293,44,Agronomy,Who started a truly scientific approach to farming in 1840?,Peter Decresenzi,Van Helmont,Justus von Liebig,Arthur Young,None of these,C,Justus von Liebig started a truly scientific approach to farming in 1840.
294,44,Agronomy,What type of agriculture is predominantly practiced in India?,Commercial agriculture,Subsistence agriculture,Organic agriculture,Industrial agriculture,None of these,B,Indian agriculture is predominantly of the subsistence type.
295,45,Agronomy,What does a Land Equivalent Ratio (LER) greater than 1 indicate?,Intercropping is beneficial,Sole cropping is more productive,The yield is reduced by 10%,The crops are not compatible,None of these,A,An LER greater than 1 indicates that intercropping is beneficial because the mixture of crops gives a higher yield compared to sole cropping.
296,45,Agronomy,What is the formula for calculating Cropping Intensity (C.I.)?,C.I. = (Total cropping area / Net cultivated area) × 100,C.I. = (Net cultivated area / Total cropping area) × 100,C.I. = (Total cropping area × Net cultivated area) / 100,C.I. = (Net cultivated area × Total cropping area) / 100,None of these,A,The formula for calculating Cropping Intensity is C.I. = (Total cropping area / Net cultivated area) × 100.
297,45,Agronomy,What is the primary benefit of crop rotation?,Increases soil erosion,Maintains and improves soil fertility,Reduces crop yield,Increases water usage,None of these,B,The primary benefit of crop rotation is that it maintains and improves soil fertility by alternating different crops on the same land.
298,45,Agronomy,What is the formula for calculating Crop Rotation Intensity (C.R.I.)?,C.R.I. = (No. of crops in crop rotation / No. of years in crop rotation) × 100,C.R.I. = (No. of years in crop rotation / No. of crops in crop rotation) × 100,C.R.I. = (No. of crops in crop rotation × No. of years in crop rotation) / 100,C.R.I. = (No. of years in crop rotation × No. of crops in crop rotation) / 100,None of these,A,The formula for calculating Crop Rotation Intensity is C.R.I. = (No. of crops in crop rotation / No. of years in crop rotation) × 100.
299,45,Agronomy,What does the Harvest Index (H.I.) measure?,The ratio of economic yield to biological yield,The total weight of the crop,The amount of water used by the crop,The number of crops harvested per year,None of these,A,"The Harvest Index (H.I.) measures the ratio of economic yield (grain) to biological yield (grain + straw), indicating the efficiency of photosynthesis."
300,45,Agronomy,What is the cropping intensity of India?,135%,100%,150%,200%,None of these,A,"The cropping intensity of India is nearly 135%, indicating the total cropping area relative to the net cultivated area."
301,45,Agronomy,What is the Crop Rotation Intensity for a 3-year rotation of Paddy - Potato - Sugarcane - Arhar - Wheat?,166%,150%,200%,133%,None of these,A,The Crop Rotation Intensity for a 3-year rotation of Paddy - Potato - Sugarcane - Arhar - Wheat is 166%.
302,46,Agronomy,Which crop has the highest Harvest Index (H.I.) among the following?,Potato,Wheat,Rice,Maize,None of these,A,Potato has the highest Harvest Index (H.I.) of 0.82 (82%) compared to the other crops listed.
303,46,Agronomy,What is the formula for the Coefficient of Effectiveness (C.E.)?,C.E. = Source/Sink x 100,C.E. = Sink/Source x 100,C.E. = Source x Sink / 100,C.E. = Sink - Source x 100,None of these,B,"The Coefficient of Effectiveness (C.E.) is calculated as Sink divided by Source, multiplied by 100."
304,46,Agronomy,Which part of the plant is generally considered the 'sink' in most crops?,Leaves,Stem,Grain,Roots,None of these,C,"In most crops, the 'sink' is generally the grain where photosynthesis accumulates."
305,46,Agronomy,What is the primary cause of 'sorghum sickness'?,Excessive water supply,Unavailability of Nitrogen,High temperature,Low sunlight,None of these,B,'Sorghum sickness' is primarily caused by the unavailability of Nitrogen due to the wide C:N ratio in sorghum stubbles.
306,46,Agronomy,What is the annual rainfall range for dry farming?,Less than 500 mm,Less than 750 mm,More than 1150 mm,Between 750 mm and 1150 mm,None of these,B,Dry farming is practiced in areas where the annual rainfall is less than 750 mm.
307,46,Agronomy,Which of the following is a common practice in dry farming?,Excessive irrigation,Moisture conservation,High fertilizer use,Frequent tilling,None of these,B,Moisture conservation practices are commonly used in dry farming to mitigate the effects of low rainfall.
308,46,Agronomy,What is the annual rainfall range for dry land farming?,Less than 500 mm,Less than 750 mm,More than 750 mm but less than 1150 mm,More than 1150 mm,None of these,C,Dry land farming is practiced in areas where the annual rainfall is more than 750 mm but less than 1150 mm.
309,47,Agronomy,What is the primary measure for soil moisture conservation in semi-arid regions?,Dry land farming,Irrigation,Crop rotation,Terracing,None of these,A,Dry land farming is specifically mentioned as the key measure for soil moisture conservation in semi-arid regions.
310,47,Agronomy,Which type of farming is practiced in regions where annual rainfall is more than 1150 mm?,Dryland farming,Rainfed farming,Irrigated farming,Subsistence farming,None of these,B,Rainfed farming is defined as the cultivation of crops in regions where annual rainfall is more than 1150 mm.
311,47,Agronomy,What is the main constraint in dryland farming?,Pest infestation,Wind & Water erosion,Lack of sunlight,Poor soil quality,None of these,B,The table in the source lists wind and water erosion as the main constraints in dryland farming.
312,47,Agronomy,When was agro-climatic regional planning initiated in India?,1980,1988,1995,2000,None of these,B,Agro-climatic regional planning was initiated in 1988 by the Planning Commission under the Seventh Five Year Plan.
313,47,Agronomy,How many agro-climatic zones has India been divided into according to the Planning Commission?,10,15,20,25,None of these,B,"According to the Planning Commission, India has been divided into 15 agro-climatic zones."
314,47,Agronomy,"Which zone consists of Punjab, Haryana, and parts of Rajasthan?",The Northern Plains Zone,The Trans-Gangetic Plain Zone,The Western Zone,The Eastern Zone,None of these,B,"The Trans-Gangetic Plain Zone consists of Punjab, Haryana, Union Territories of Delhi and Chandigarh, and Ganganagar district of Rajasthan."
315,47,Agronomy,What is a characteristic feature of the Trans-Gangetic Plain Zone?,Lowest irrigated area,Highest net sown area,Low cropping intensity,Low ground water utilization,None of these,B,The Trans-Gangetic Plain Zone is characterized by having the highest net sown area among other features.
316,48,Agronomy,Which statement best defines an agro‑ecological region?,"A land unit derived from an agro‑climatic region when overlaid with land‑form, soil type and soil conditions that modify climate and growing period.",A region defined solely by its rainfall pattern irrespective of soil characteristics.,An area classified only on the basis of its dominant crop species.,A zone determined exclusively by temperature ranges.,None of these,A,An agro‑ecological region combines agro‑climatic factors with land‑form and soil conditions that affect climate and length of the growing period.
317,48,Agronomy,"According to the NBSS&LUP, how many agro‑ecological zones does India currently have?",21,20,8,15,None of these,B,"NBSS&LUP originally listed 21 zones, but the current count has been revised to 20."
318,48,Agronomy,A year in which the annual rainfall is less than what percentage of the normal is classified as a drought?,50%,60%,75%,80%,None of these,C,Drought is defined when rainfall falls below 75 % of the normal amount.
319,48,Agronomy,When rainfall deficiency exceeds which percentage of normal is the condition termed a severe drought?,30%,40%,50%,60%,None of these,C,A deficiency above 50 % of normal rainfall qualifies as a severe drought.
320,48,Agronomy,How is the Moisture Availability Index (MAI) calculated?,MAI = Rainfall at 50 % probability ÷ Potential evapotranspiration (PET),MAI = PET ÷ Rainfall at 50 % probability,MAI = Rainfall ÷ (PET + Runoff),MAI = (Rainfall – PET) ÷ Rainfall,None of these,A,MAI is the ratio of rainfall at the 50 % probability level to the PET for the same period.
321,48,Agronomy,Approximately what share of rainfall is lost through evaporation in dry‑land agriculture?,30‑40%,60‑70%,80‑90%,10‑20%,None of these,B,"In dry‑land conditions, about 60‑70 % of the rainfall is lost as evaporation."
322,48,Agronomy,Which of the following is NOT a typical characteristic of anti‑transpirants?,They are applied to plant surfaces to reduce transpiration.,They can reduce photosynthesis in treated plants.,They increase crop yield under severe moisture stress.,They include compounds such as phenyl mercuric acetate and atrazine.,None of these,C,Anti‑transpirants lower transpiration and photosynthesis but do not boost yield under severe stress; they may actually limit growth.
323,49,Agronomy,Which of the following is an example of a film-forming chemical used to reduce transpiration loss in plants?,Mobileaf,Kaolin,Cycocel,Silicone,None of these,A,Mobileaf is mentioned as an example of a film-forming chemical that checks transpiration loss by forming a thin film.
324,49,Agronomy,What is the primary function of reflecting type chemicals in plants?,To increase leaf temperature,To reflect radiation and reduce leaf temperature,To promote shoot growth,To open stomata,None of these,B,"Reflecting type chemicals reflect radiation and reduce leaf temperature, thereby reducing transpiration losses."
325,49,Agronomy,Which chemical is known as a growth retardant that helps plants resist drought?,Kaolin,Mobileaf,Cycocel (CCC),Hexadecanol,None of these,C,"Cycocel (CCC) is a growth retardant that reduces shoot growth, increases root growth, and induces stomata closing, helping plants resist drought."
326,49,Agronomy,What is the main purpose of wind breaks and shelterbelts?,To increase wind speed,To break wind flow and reduce wind speed,To promote transpiration,To increase leaf temperature,None of these,B,"Wind breaks and shelterbelts are structures that break wind flow and reduce wind speed, providing protection to crops."
327,49,Agronomy,"Which agro-forestry system combines agricultural crops, forest crops, and pasture management?",Agri-silviculture,Sylvo-pastoral system,Agro-sylvo-pastoral system,Agri-Horti-silvicultural system,None of these,C,"The Agro-sylvo-pastoral system combines agricultural crops, forest crops, and pasture management."
328,49,Agronomy,What is the primary benefit of agro-forestry?,To reduce crop production,To increase the use of land and combine various productions,To decrease animal rearing,To promote single-crop farming,None of these,B,"Agro-forestry is a sustainable land management system that increases land use by combining the production of crops, fruits, forest plants, and/or animals."
329,49,Agronomy,Which system in agro-forestry involves the production of wood and rearing of domesticated animals?,Agri-silviculture,Sylvo-pastoral system,Agro-sylvo-pastoral system,Agri-Silvi-Aquaculture System,None of these,B,The Sylvo-pastoral system involves managing forests for wood production as well as for rearing domesticated animals.
330,50,Agronomy,Which agronomic measure involves sowing crops across the slope to conserve soil and water?,Contour cultivation,Strip cropping,Mulching,Tillage,None of these,A,"Contour cultivation involves cultivating crops by sowing across the slope, which helps in conserving soil, soil fertility, and water."
331,50,Agronomy,What is the primary purpose of mulching in soil conservation?,To check evaporation and improve soil water,To increase soil erosion,To reduce crop yield,To promote weed growth,None of these,A,"Mulching is used to check evaporation and improve soil water, making it an important tactic for conserving soil moisture and reducing erosion."
332,50,Agronomy,Which mechanical measure is suitable for lands with slopes from 2-10% and used in areas with high infiltration and permeability?,Contour bunding,Graded bunding,Sub-soiling,Broad Bed and Furrow system,None of these,A,Contour bunding is adopted for lands with slopes up to 6% and is used in arid and semi-arid areas with high infiltration and permeability.
333,50,Agronomy,What is the recommended annual rainfall for areas where graded bunding is used?,More than 800 mm,Less than 500 mm,Between 300-500 mm,Less than 200 mm,None of these,A,Graded bunding is recommended in areas receiving rainfall of more than 800 mm per year.
334,50,Agronomy,Which soil conservation practice involves breaking the hardpan of soil at a depth of 30-60 cm?,Sub-soiling,Contour bunding,Graded bunding,Broad Bed and Furrow system,None of these,A,Sub-soiling involves breaking the hardpan of soil at a depth of 30-60 cm and intervals of 90-180 cm.
335,50,Agronomy,Which system is suitable for managing rainwater in deep black soils where surface drainage during the monsoon period is a problem?,Broad Bed and Furrow system,Contour bunding,Graded bunding,Sub-soiling,None of these,A,The Broad Bed and Furrow (BBF) system is suitable for managing rainwater in deep black soils where surface drainage during the monsoon period is a problem.
336,50,Agronomy,What type of crops are alternated in strip cropping to resist erosion?,Erosion resisting crops and erosion permitting crops,Only erosion resisting crops,Only erosion permitting crops,Crops with high water requirements,None of these,A,Strip cropping involves alternating long and narrow strips of erosion resisting crops (close growing crops) with strips of erosion permitting crops.
337,51,Agronomy,Bench terracing is adopted on lands with slope ranging from ___?,16-33%,3-10%,0-5%,35-50%,None of these,A,Bench terracing is specifically designed for steep slopes between 16% and 33%.
338,51,Agronomy,Zing terraces are constructed in lands with slope of ___?,16-33%,3-10%,0-2%,10-15%,None of these,B,Zing terraces are suitable for moderate slopes ranging from 3% to 10%.
339,51,Agronomy,The most suitable plant for vegetative barriers is ___?,Khus (Vettiveria zelanica),Mango,Sugarcane,Wheat,None of these,A,Khus is the preferred species for close‑spaced grass or shrub plantations along contours.
340,51,Agronomy,Vertical mulching is mainly practiced in ___?,Tea gardens,Coffee gardens,Rice paddies,Wheat fields,None of these,B,"Vertical mulching involves trenches filled with straw, commonly used in coffee gardens."
341,51,Agronomy,The atmosphere extends up to a height of about ___?,1600 km,400 km,40 km,800 km,None of these,A,Atmospheric extent is approximately 1600 km above the Earth.
342,51,Agronomy,99% of the total mass of the atmosphere lies within a height of ___ from the earth surface?,40 km,1600 km,8 km,18 km,None of these,A,The bulk of atmospheric mass is concentrated within the first 40 km.
343,51,Agronomy,"In the troposphere, temperature decreases with altitude at a rate of ___?",6°C/km,4°C/km,8°C/km,2°C/km,None of these,A,The standard lapse rate in the troposphere is 6°C per kilometer.
344,52,Agronomy,Which layer of the atmosphere is responsible for absorbing UV rays due to the presence of the ozone layer?,Troposphere,Stratosphere,Mesosphere,Thermosphere,None of these,B,"The stratosphere is known for containing the ozone layer, which absorbs UV rays. This layer extends from about 8 to 50 km above the Earth's surface."
345,52,Agronomy,Which atmospheric layer is characterized by a strong decrease in temperature with an increase in altitude?,Troposphere,Stratosphere,Mesosphere,Thermosphere,None of these,C,The mesosphere is the layer where temperature strongly decreases with an increase in altitude. It lies above the stratosphere and extends up to 80 km from the Earth's surface.
346,52,Agronomy,Which gas has the highest volume percentage in the atmospheric air?,Oxygen (O₂),Nitrogen (N),Argon (Ar),Carbon dioxide (CO₂),None of these,B,"Nitrogen (N) has the highest volume percentage in the atmospheric air, which is approximately 78.08%. This makes it the most abundant gas in the atmosphere."
347,52,Agronomy,"In which atmospheric layer do most weather phenomena like clouds, rain, and fog occur?",Stratosphere,Mesosphere,Thermosphere,Troposphere,None of these,D,"Most weather phenomena occur in the troposphere, which is the lowest layer of the atmosphere and extends up to about 8-18 km from the Earth's surface."
348,52,Agronomy,Which layer of the atmosphere is known as the warmest layer and increases in temperature with altitude?,Troposphere,Stratosphere,Mesosphere,Thermosphere,None of these,B,The stratosphere is known as the warmest layer and is characterized by an increase in temperature with altitude. It extends from about 8 to 50 km above the Earth's surface.
349,52,Agronomy,Which gas in the atmospheric air has a volume percentage of approximately 0.93%?,Oxygen (O₂),Nitrogen (N),Argon (Ar),Carbon dioxide (CO₂),None of these,C,Argon (Ar) has a volume percentage of approximately 0.93% in the atmospheric air. This makes it the third most abundant gas in the atmosphere.
350,52,Agronomy,Which layer of the atmosphere is responsible for long-distance radio communication?,Troposphere,Stratosphere,Mesosphere,Thermosphere,None of these,D,"The thermosphere, specifically the ionosphere within it, is responsible for long-distance radio communication. This layer extends from about 80 km to 1600 km above the Earth's surface."
351,53,Agronomy,What is the value of the solar constant in SI units?,1353 Watts/m²,1.94 Cal/cm²/min,400-700 nm,0.4 to 0.7 um,None of these,A,"The solar constant value in SI units is 1353 Watts/m², which is the energy received per unit area per unit time at the outer boundary of the atmosphere."
352,53,Agronomy,Which unit is used to measure the intensity of solar radiation in terms of brightness?,Einstein,Watt/m²,Lux,Cal/cm²/min,None of these,C,Lux is the oldest unit used to measure the intensity or brightness of solar radiation.
353,53,Agronomy,What is the normal lapse rate in the atmosphere?,3.5°C/km,6.5°C/km,10°C/km,15°C/km,None of these,B,"The normal lapse rate, which is the vertical temperature decrease or gradient, is 6.5°C per kilometer."
354,53,Agronomy,Which instrument is used to measure Photosynthetically Active Radiation (PAR)?,Lux meter,Quantum sensor,Spectrometer,Thermometer,None of these,B,"A Quantum sensor is used to measure Photosynthetically Active Radiation (PAR), which is crucial for photosynthesis in green leaves."
355,53,Agronomy,What is the dry adiabatic lapse rate?,3.5°C/km,6.5°C/km,10°C/km,15°C/km,None of these,C,"The dry adiabatic lapse rate, which is the rate at which the temperature changes as dry air rises or falls, is 10°C per kilometer."
356,53,Agronomy,What is the range of albedo for a crop surface?,5-10%,15-20%,23-30%,35-40%,None of these,C,"The albedo of a crop surface, which is the percentage of solar radiation reflected by the surface, ranges between 23-30%."
357,53,Agronomy,Which condition is characterized by an abrupt rise in temperature instead of a fall?,Lapse rate,Adiabatic lapse rate,Inversion,Albedo,None of these,C,"Inversion is the condition in which there is an abrupt rise in temperature instead of a fall, which is the opposite of the normal lapse rate."
358,54,Agronomy,What is the primary characteristic of a cyclone?,A roughly circular low pressure area with wind movement towards the center,A high pressure area with wind movement outward,A linear low pressure area with wind movement in one direction,A high pressure area with no wind movement,None of these,A,"A cyclone is defined as a roughly circular low pressure area with wind movement towards the center, which can range from hundreds to thousands of miles in diameter."
359,54,Agronomy,Who was the first person to attempt the classification of climate based on vegetation?,De Candolle,Koppen,Troll,Thornthwaite,None of these,A,De Candolle was the first person to attempt the classification of climate based on vegetation in 1900 AD.
360,54,Agronomy,Which classification is suitable for agricultural purposes and was adopted by ICRISAT (Hyderabad)?,De Candolle,Koppen,Troll,Thornthwaite,None of these,C,Troll's classification is suitable for agricultural purposes and was adopted by ICRISAT (Hyderabad) for classifying semi-arid tropics in India.
361,54,Agronomy,What is the formula for the Precipitation Effectiveness (PE) index in Thornthwaite's classification?,PE = P/E × 100,PE = E/P × 100,PE = P - E,PE = E - P,None of these,A,"The formula for the Precipitation Effectiveness (PE) index in Thornthwaite's classification is PE = P/E × 100, where P is annual precipitation and E is annual evaporation."
362,54,Agronomy,Which organization adopted the classification based on the Moisture Deficit Index (MDI)?,ICRISAT,ICAR,FAO,WHO,None of these,B,The AICRP on dry land (ICAR) adopted the classification based on the Moisture Deficit Index (MDI).
363,54,Agronomy,What is the MDI value range for a semi-arid climate?,0 to 33.3,-33.3 to -66.6,> -66.6,-100 to -33.3,None of these,B,The MDI value range for a semi-arid climate is -33.3 to -66.6.
364,54,Agronomy,Which of the following is NOT a name for a type of cyclone?,Tornado,Typhoon,Hurricane,Monsoon,None of these,D,"Monsoon is not a name for a type of cyclone. Tornado, Typhoon, and Hurricane are names of cyclones."
365,55,Agronomy,Which humidity measure is most useful for agriculture and expressed in percentage?,Relative humidity,Absolute humidity,Specific humidity,Dew point,None of these,A,Relative humidity is expressed in percentage and is noted for being the simplest in measurement and most useful for agriculture.
366,55,Agronomy,What is the unit of absolute humidity?,g/m³,g/kg,%,µm,None of these,A,"The unit of absolute humidity is g/m³, which measures the water vapor content in a given volume of air."
367,55,Agronomy,Which form of precipitation involves a feathery deposit of ice?,Snow,Frost,Dew,Fog,None of these,B,"Frost is described as a feathery deposit of ice, distinct from other forms like snow, dew, and fog."
368,55,Agronomy,"In the Kelvin scale, what is the melting point of water?",273°K,373°K,0°K,212°K,None of these,A,"The melting point of water in the Kelvin scale is 273°K, which corresponds to 0°C in the Celsius scale."
369,55,Agronomy,Which temperature scale has its melting and boiling points of water as 32° and 212° respectively?,Celsius,Fahrenheit,Kelvin,Rankine,None of these,B,"In the Fahrenheit scale, the melting and boiling points of water are 32°F and 212°F respectively."
370,55,Agronomy,What is the droplet size range for mist?,1-50 µm,50-150 µm,0.5-6 mm,<0.5 mm,None of these,B,"Mist consists of droplets with a size range of 50-150 µm, which is larger than fog droplets."
371,55,Agronomy,Which form of precipitation is characterized by drops larger than 0.5 mm but less than 6 mm?,Drizzle,Rain,Snow,Dew,None of these,B,"Rain is characterized by drops larger than 0.5 mm but less than 6 mm, distinguishing it from drizzle and other forms."
372,56,Agronomy,Which instrument is used to measure the highest temperature attained during the day?,Maximum thermometer,Minimum thermometer,Soil thermometer,Thermo-couples,None of these,A,A maximum thermometer is specifically designed to measure the highest temperature attained during the day. It consists of a hollow glass tube filled with mercury.
373,56,Agronomy,What is the primary use of an anemometer?,Measuring atmospheric pressure,Measuring wind speed,Measuring height,Measuring plant growth,None of these,B,An anemometer is an instrument used to measure wind speed.
374,56,Agronomy,Which type of line connects points of equal atmospheric pressure?,Isobar,Isohyets,Isotherm,Isopleths,None of these,A,An isobar is an imaginary line connecting points of equal atmospheric pressure.
375,56,Agronomy,What does a soil thermometer consist of?,A hollow glass tube filled with mercury,A glass tube with alcohol in the bulb,A mercury thermometer with a bend at the bulb end,"Two types, viz., thermo-electric and resistance",None of these,C,"A soil thermometer is a mercury thermometer with a bend at the bulb end, designed for measuring soil temperature."
376,56,Agronomy,Which instrument is used to measure the duration of sunshine?,Altimeter,Aneroid barometer,Cambel stokes,Crescograph,None of these,C,The Cambel Stokes recorder is used to measure the duration of sunshine.
377,56,Agronomy,What are lines joining points of equal temperature called?,Isobar,Isohyets,Isotherm,Isopleths,None of these,C,Lines joining points of equal temperature are called isotherms.
378,56,Agronomy,Which instrument is used to measure plant growth?,Altimeter,Aneroid barometer,Anemometer,Crescograph,None of these,D,A crescograph is an instrument used to measure the growth of plants.
379,55,Agronomy,Which instrument is used to measure the relative density of liquids?,Hydrometer,Hygrometer,Lactometer,Pycnometer,None of these,A,A hydrometer is specifically designed to measure the relative density of liquids.
380,55,Agronomy,What is the primary function of a porometer?,Measuring soil moisture tension,Studying stomatal behavior,Measuring electric currents,Measuring root pressure,None of these,B,A porometer is used to study the behavior of stomata in plants.
381,55,Agronomy,Which instrument measures the total incoming (global) solar radiation?,Pyrheliometer,Pyranometer,Planimeter,Pycnometer,None of these,B,A pyranometer is designed to measure the total incoming solar radiation.
382,55,Agronomy,"What is the classification of an irrigation project with a CCA of 5,000 hectares?",Major,Medium,Minor,Small,None of these,B,"A medium irrigation project covers an area between 2,000 to 10,000 hectares."
383,55,Agronomy,Which instrument is used to measure transpiration?,Potometer,Porometer,Manometer,Hygrometer,None of these,A,A potometer is used to measure the rate of transpiration in plants.
384,55,Agronomy,What is the origin of the word 'monsoon'?,Greek,Latin,Arabic,Sanskrit,None of these,C,"The word 'monsoon' originates from the Arabic word 'mausim', which means 'season'."
385,55,Agronomy,What is the total amount of precipitation in India?,1094 mm,1194 mm,1294 mm,1394 mm,None of these,B,The total amount of precipitation in India is 1194 mm.
386,58,Agronomy,What percentage of India's total rainfall is contributed by the South-West monsoon?,>75%,60%,50%,40%,None of these,A,"The South-West monsoon contributes more than 75% of the total rainfall in India, making it the primary source of rainfall for the country."
387,58,Agronomy,Which state receives the highest annual rainfall during the North-East monsoon?,Kerala,Andhra Pradesh,Tamil Nadu,Karnataka,None of these,C,"Tamil Nadu receives the highest annual rainfall during the North-East monsoon, followed by Andhra Pradesh."
388,58,Agronomy,What is the average speed of the South-West monsoon?,20 km/hour,25 km/hour,30 km/hour,35 km/hour,None of these,C,The South-West monsoon moves at an average speed of 30 km/hour.
389,58,Agronomy,Which branch of the South-West monsoon contributes more rainfall?,Bay of Bengal branch,Arabian Sea branch,Indian Ocean branch,Pacific Ocean branch,None of these,B,The Arabian Sea branch of the South-West monsoon contributes more rainfall (770 mm) compared to the Bay of Bengal branch (340 mm).
390,58,Agronomy,What is the primary period for Western Disturbances in India?,June to September,October to November,December to March,April to May,None of these,C,"The primary period for Western Disturbances in India is December to March, which brings rainfall to north and central India."
391,58,Agronomy,What is the South-West monsoon also known as?,Grand period of rainfall,Major rainfall season,Primary monsoon,Heavy rainfall period,None of these,A,The South-West monsoon is also known as the 'Grand period' of rainfall in India due to its significant contribution to the total rainfall.
392,58,Agronomy,Which monsoon is also known as the retreating monsoon?,South-West monsoon,North-East monsoon,Western Disturbances,Summer monsoon,None of these,B,The North-East monsoon is also known as the retreating monsoon because it occurs after the South-West monsoon and marks the retreat of the monsoon season.
393,59,Agronomy,Which phenomenon leads to a rise in ocean temperatures starting from the coast of Peru and affects the Indian monsoon?,La Nina,El Nino,Monsoon surge,Cyclone,None of these,B,"El Nino is known to cause a rise in ocean temperatures starting from the coast of Peru and affects the Indian monsoon, leading to dry weather and drought."
394,59,Agronomy,Which river in India utilizes the maximum flow?,Yamuna,Brahmaputra,Ganga,Godavari,None of these,C,The Ganga river is mentioned as the river which utilizes the maximum flow.
395,59,Agronomy,What is the primary material used in cold cloud seeding?,Sodium chloride,Silver iodide,Dry ice,Potassium iodide,None of these,B,Silver iodide (AgI) is primarily used in cold cloud seeding to induce precipitation.
396,59,Agronomy,Which type of weather forecasting is issued twice a day and is especially valid for 36 hours?,Medium range forecasting,Long range forecasting,Short range forecasting,Synoptic forecasting,None of these,C,Short range forecasting is issued twice a day and is especially valid for 36 hours.
397,59,Agronomy,What is the latent heat of vaporization of water at 0°C?,680 Calories/g,580 Calories/g,80 Calories/g,1 Calorie/g,None of these,B,The latent heat of vaporization of water at 0°C is 580 Calories/g.
398,59,Agronomy,At what temperature does water have its highest density?,0°C,4°C,10°C,100°C,None of these,B,Water has its highest density at 4°C.
399,59,Agronomy,What is the dielectric constant of water?,70,80,90,100,None of these,B,The dielectric constant of water is 80.
400,58,Agronomy,What is the primary effect of waterlogging on soil oxygen levels?,Increases ODR (oxygen diffusion rate),Decreases ODR (oxygen diffusion rate),Has no effect on ODR,Increases Eh (redox potential),None of these,B,"Waterlogging reduces the oxygen diffusion rate (ODR) in soil, which is crucial for root respiration and overall plant health."
401,58,Agronomy,What is the Eh (redox potential) range for well-aerated soil?,-250 to -300 mV,0 to 200 mV,400 to 700 mV,200 to 400 mV,None of these,C,"Well-aerated soil typically has an Eh (redox potential) range of 400 to 700 mV, indicating a healthy oxygen level."
402,58,Agronomy,Which gas is responsible for 'Akiochi' toxicity in submerged rice fields?,Oxygen,Nitrogen,Hydrogen Sulfide (H₂S),Carbon Dioxide,None of these,C,'Akiochi' toxicity in submerged rice fields is caused by the production of hydrogen sulfide (H₂S) due to the reduction of sulfates in waterlogged conditions.
403,58,Agronomy,What is the transpiration ratio approach in irrigation scheduling?,Amount of water evaporated by a crop,Amount of water transpired by a crop to produce unit amount of dry matter,Amount of water stored in the soil,Amount of water lost through runoff,None of these,B,"The transpiration ratio approach measures the amount of water transpired by a crop to produce a unit amount of dry matter, also known as the absolute approach."
404,58,Agronomy,Which crop has the highest IW/CPE ratio according to the critical stage approach?,Wheat,Maize,Rice,Cotton,None of these,C,"Rice has the highest IW/CPE ratio of 1.2 during its critical stages of booting, panicle initiation, and flowering."
405,58,Agronomy,What is the critical stage for irrigation in maize?,Germination,"Tasseling, silking",Maturity,Seedling stage,None of these,B,"The critical stage for irrigation in maize is during tasseling and silking, when the plant is most sensitive to water shortage."
406,58,Agronomy,Which approach to irrigation scheduling is known as the soil moisture index approach?,Transpiration ratio approach,Soil moisture deficit approach,Climatologically approach or IW/CPE approach,Critical stage approach,None of these,C,"The climatologically approach or IW/CPE approach is also known as the soil moisture index approach, where the ratio IW/CPE serves as a soil moisture stress index."
407,61,Agronomy,Which crop has the highest percentage of irrigated area?,Sugarcane,Wheat,Rice,Oil seed,None of these,A,"Sugarcane has the highest percentage of irrigated area at 93%, as per the data provided."
408,61,Agronomy,What is the water requirement for pulses?,1500 mm,650-800 mm,450-700 mm,500-700 mm,None of these,C,"The water requirement for pulses is 450-700 mm, according to the table."
409,61,Agronomy,What does 1 ha cm of water measure in liters?,"10,000 litres","100,000 litres","1,000,000 litres","10,000,000 litres",None of these,B,"1 ha cm of water measures 100,000 litres, as stated in the measurement of irrigation water."
410,61,Agronomy,What is the classification of ploughing with a depth of 15-20 cm?,Shallow,Medium,Deep,Very Deep,None of these,B,"Ploughing with a depth of 15-20 cm is classified as Medium, according to the classification by CRIDA, Hyderabad 1985."
411,61,Agronomy,What is the range for a Micro watershed?,100-1000 ha,"1000-10,000 ha","10,000-50,000 ha",10-100 ha,None of these,A,"A Micro watershed ranges from 100-1000 ha, as per the classification of watersheds."
412,61,Agronomy,How many litres are there in 1 Cumec?,28.3 litres,1000 litres,"10,000 litres","100,000 litres",None of these,B,"1 Cumec is equal to 1000 litres, as per the measurement of irrigation water."
413,61,Agronomy,What is the water requirement for wheat?,1500-2500 mm,650-800 mm,500-700 mm,450-700 mm,None of these,B,"The water requirement for wheat is 650-800 mm, according to the table."
414,62,Agronomy,Which of the following best defines irrigation?,Artificial application of water to partially meet crop evapo-transpiration requirement,Natural rainfall distribution to crops,Process of draining excess water from fields,Method of fertilizing crops with liquid nutrients,None of these,A,Irrigation is defined as the artificial application of water to partially satisfy the crop's evapo‑transpiration needs.
415,62,Agronomy,Which crop is most commonly cultivated using flood irrigation?,Wheat,Wetland rice,Groundnut,Pearl millet,None of these,B,Flood irrigation is especially practiced where water is abundant and is most typical for wetland rice.
416,62,Agronomy,What is a major limitation of the check‑basin method?,Requires steep slopes greater than 5%,Too many ridges occupy large area and need much labour,Unsuitable for soils with high water‑holding capacity,Cannot be used for fruit crops,None of these,B,"The check‑basin method involves many ridges, which consume land area and demand considerable labour to form."
417,62,Agronomy,The border strip method is NOT suitable for which soil type?,Medium texture soils,Heavy texture soils,Sandy soil,Loamy soil,None of these,C,"Border strip irrigation is unsuitable for sandy soils, though it works on medium to heavy textures."
418,62,Agronomy,"For furrow irrigation, which set of field conditions is most appropriate?","Infiltration 3 cm/hour, slope 1%","Infiltration 0.8 cm/hour, slope 0.3%, stream 1.5 L/second","Infiltration 0.4 cm/hour, slope 0.6%","Infiltration 2.8 cm/hour, slope 0.1%",None of these,B,"Furrow irrigation requires infiltration rates of 0.5‑2.5 cm/h, slopes of 0.2‑0.5% and stream sizes of 1‑2 L/s; option B fits all criteria."
419,62,Agronomy,Which irrigation method is specifically recommended for fruit crops?,Flood irrigation,Check‑basin,Ring basin,Furrow method,None of these,C,Ring basin irrigation is identified as suitable for fruit crops.
420,62,Agronomy,Which statement accurately reflects the status of surface irrigation in India?,It is the least used method,It is the most common method,It is prohibited in wetland areas,It is only used for horticultural crops,None of these,B,Surface irrigation is described as the most common irrigation method in India.
421,63,Agronomy,What is the suitable length of furrows for heavy soils at greater slope?,30m,100m,200m,300m,None of these,D,The length of furrows may vary from 30m for sandy soils at lesser slope to 300m for heavy soils at greater slope.
422,63,Agronomy,Which type of soil is NOT suitable for furrow irrigation?,Clay,Loam,Silt,Sand,None of these,D,Furrow irrigation is suitable for most types of soils except sands that have a very high infiltration rate.
423,63,Agronomy,What are small and shallow furrows known as?,Surge irrigation,Corrugation,Cab legation,Sub-surface irrigation,None of these,B,"Small and shallow furrows are known as corrugation, suitable for close-growing crops like wheat and groundnut."
424,63,Agronomy,What is the primary benefit of surge irrigation?,Increased water usage,Reduced deep percolation and runoff losses,Faster crop growth,Decreased soil erosion,None of these,B,"Surge irrigation results in minimized deep percolation and runoff losses, hardly exceeding 20%."
425,63,Agronomy,Which irrigation method is an automatic method of surface irrigation?,Surge irrigation,Corrugation,Cab legation,Sub-surface irrigation,None of these,C,Cab legation is an automatic method of surface irrigation.
426,63,Agronomy,In which Indian states is sub-surface irrigation practiced?,"Kerala, Gujarat, and Kashmir","Punjab, Haryana, and Uttar Pradesh","Maharashtra, Karnataka, and Tamil Nadu","Bihar, West Bengal, and Assam",None of these,A,Sub-surface irrigation is practiced in Kerala for coconut gardens and in Gujarat and Kashmir on sandy loam soils for vegetables.
427,63,Agronomy,Which crops are NOT suitable for sprinkler irrigation?,Wheat and barley,Rice and jute,Corn and soybean,Cotton and sugarcane,None of these,B,Sprinkler irrigation can be used for almost all crops except rice and jute.
428,64,Agronomy,What is the primary advantage of sprinkler irrigation over surface irrigation in terms of water use efficiency?,40-60% saving in labor,60% water use efficiency,40% increase in irrigated area,Protection against frost,None of these,B,"Sprinkler irrigation can achieve a water use efficiency as high as 60%, which is significantly higher than the surface method of irrigation."
429,64,Agronomy,Which irrigation method is best suited for areas with water scarcity and salt problems?,Surface irrigation,Sprinkler irrigation,Drip irrigation,Flood irrigation,None of these,C,Drip irrigation is particularly effective in areas with water scarcity and salt problems due to its efficient water use and minimal losses.
430,64,Agronomy,What is the typical discharge rate of water per dripper in drip irrigation?,1-8 lit/hr,10-20 lit/hr,20-30 lit/hr,More than 1000 lit/hr,None of these,A,The discharge rate of water per dripper in drip irrigation is generally between 1-8 liters per hour.
431,64,Agronomy,Which irrigation method can be used to protect crops against frost and high temperatures?,Surface irrigation,Sprinkler irrigation,Drip irrigation,Flood irrigation,None of these,B,Sprinkler irrigation can be used to protect crops against frost and high temperatures.
432,64,Agronomy,What is the irrigation efficiency of drip irrigation compared to surface irrigation?,50%,60%,70%,90%,None of these,D,"Drip irrigation has an irrigation efficiency of about 90%, which is significantly higher than surface irrigation."
433,64,Agronomy,Which irrigation method is most suitable for widely spaced crops and orchard trees?,Surface irrigation,Sprinkler irrigation,Drip irrigation,Flood irrigation,None of these,C,Drip irrigation is most suitable for widely spaced crops and orchard trees due to its precise water application.
434,64,Agronomy,What is the typical sprinkler pressure range in kg/cm² for sprinkler irrigation?,1.5-2.5,2.5-4.5,4.5-6.5,6.5-8.5,None of these,B,The typical sprinkler pressure range for sprinkler irrigation is 2.5-4.5 kg/cm².
435,65,Agronomy,What is the primary purpose of agricultural drainage?,To remove excess water from the surface or below the surface of farmland,To increase the water content in the soil,To provide nutrients to the plants,To prevent soil erosion,None of these,A,Agricultural drainage aims to remove excess water to create favorable soil conditions for plant growth.
436,65,Agronomy,Which method of drainage is most common in India and involves digging open drains?,Surface drainage,Sub-surface drainage,Tile drainage,Vertical drainage,None of these,A,"Surface drainage is the simplest and cheapest method, commonly practiced in India by digging open drains."
437,65,Agronomy,What is the slope provided for free drainage in the Broad Bed and Furrow (BBF) system?,0.5%,1%,1.5%,2%,None of these,A,The BBF system provides a slope of about 0.5% for free drainage.
438,65,Agronomy,Which sub-surface drainage method is suitable for clay soil?,Tile drains,Mole drainage,Vertical drainage,Open drains,None of these,B,Mole drainage is specifically mentioned as suitable for clay soil.
439,65,Agronomy,What is the basic equation for discharge through a weir?,Q = CLH^m,Q = CLH^2,Q = CLH^1/2,Q = CLH^3,None of these,A,The basic equation for discharge through a weir is given as Q = CLH^m.
440,65,Agronomy,Which crop is widely practiced with the Broad Bed and Furrow (BBF) method in clay soil?,Sugarcane,Groundnut,Coffee,Wheat,None of these,B,"The BBF method is widely practiced in groundnut, particularly in clay soil."
441,65,Agronomy,What is the discharge relationship for suppressed weirs?,0.0184 LH^3/2,0.0184 LH^2,0.0184 LH^1/2,0.0184 LH^3,None of these,A,The discharge relationship for suppressed weirs is given as 0.0184 LH^3/2.
442,66,Agronomy,Which expression gives the discharge through a 90° V‑notch weir?,Q = 0.0138 H².⁵,Q = 0.0138 H².⁰,Q = 0.0138 H³.⁰,Q = 0.0138 H².²⁵,None of these,A,"The standard formula for a 90° V‑notch weir is Q = 0.0138 H².⁵, where H is the head above the weir."
443,66,Agronomy,Which statement about a Parshall flume is correct?,It is suitable only for deep channels.,It combines a weir and a submerged orifice.,It cannot be used in irrigation furrows.,It measures only vertical flow.,None of these,B,"A Parshall flume is a combination of a weir and a submerged orifice, making it suitable for shallow, flat‑grade channels such as irrigation furrows."
444,66,Agronomy,Metric potential refers to:,Energy with which water is held by soil.,Total water potential attributed to the solid colloidal matrix.,Horizontal flow of water in a channel.,Downward movement of water through saturated soil.,None of these,B,Metric potential is the total water potential that is attributed to the solid colloidal matrix of the soil system.
445,66,Agronomy,Capillary potential is defined as:,Energy with which water is held by soil.,Energy due to gravity.,Energy due to pressure head.,Energy due to evaporation.,None of these,A,"Capillary potential is the energy with which water is held by the soil, expressed in terms of capillary action."
446,66,Agronomy,Water loss from an irrigation channel is mainly caused by:,Evaporation,Seepage,Transpiration,Leaching,None of these,B,"Seepage, the horizontal flow of water through the channel bed, is the primary cause of water loss from irrigation channels."
447,66,Agronomy,Percolation is:,Horizontal flow of water in a channel,Downward movement of water through saturated soil due to gravity,Entry of water from the upper layer of soil,Movement of nutrients and salts from the root zone,None of these,B,Percolation refers to the downward movement of water through saturated or nearly saturated soil in response to gravity.
448,66,Agronomy,Field capacity is best described as:,Maximum water holding capacity of soil,Soil moisture after 2‑3 days of irrigation with slow drainage,Water content when all pores are filled at zero tension,Water content after complete drainage,None of these,B,"Field capacity is the soil moisture content after 2‑3 days of irrigation when gravitational drainage has slowed, representing the upper limit of water available to plants."
449,67,Agronomy,What is the range of soil moisture tension at the permanent wilting point (PWP)?,-15 bars,-0.33 bars,-60 bars,-0.1 bars,None of these,A,The soil moisture tension at the permanent wilting point (PWP) is about -15 bars or 15 atmosphere.
450,67,Agronomy,Who proposed the concept of permanent wilting point (PWP)?,Veihmayer and Hendrickson,Briggs and Shantz,Schoefild,SPL Sorenson,None of these,B,The concept of permanent wilting point (PWP) was proposed by Briggs and Shantz in 1912.
451,67,Agronomy,What is the term used for the percentage of moisture in the root zone at the permanent wilting of plants?,Field Capacity,Available Water,Wilting Coefficient,Ultimate Wilting Point,None of these,C,The percentage of moisture in the root zone at the permanent wilting of plants is called the wilting coefficient or critical moisture point.
452,67,Agronomy,What is the range of available water in terms of soil moisture tension?,-0.1 to -0.33 bars,-0.3 to -15 bars,-15 to -60 bars,0 to -0.1 bars,None of these,B,"Available water is the portion of capillary water held between Field Capacity to PWP, which is -0.3 to -15 bars."
453,67,Agronomy,What is the soil moisture tension at the ultimate wilting point (UWP)?,-15 bars,-0.33 bars,-60 bars,-0.1 bars,None of these,C,"At the ultimate wilting point (UWP), the soil moisture tension is as high as -60 bars."
454,67,Agronomy,Who defined the term pH?,Veihmayer and Hendrickson,Briggs and Shantz,Schoefild,SPL Sorenson,None of these,D,The term pH was given by SPL Sorenson in 1909.
455,67,Agronomy,What does pF value represent?,The negative logarithm of hydrogen ion activity,The logarithm of centimeter height of a water column to give the necessary suction,The percentage of moisture in the root zone at the permanent wilting of plants,The soil moisture tension at the permanent wilting point,None of these,B,The pF value is defined as the logarithm of centimeter height of a water column to give the necessary suction.
456,68,Agronomy,What is the P^E value for soil at field capacity?,2.53,4.18,4.50,7.0,None of these,A,The P^E value for soil at field capacity is 2.53 as given in the table for soil conditions and their respective P^E values.
457,68,Agronomy,Which method is based on the principle that electrical resistance increases with decrease in moisture content?,Tensiometer,Electrical resistance meter,Neutron moisture meter,Gypsum block,None of these,B,"The electrical resistance meter, also known as a gypsum block, operates on the principle that electrical resistance increases as moisture content decreases."
458,68,Agronomy,Which soil moisture measurement method is suitable for sandy soil at field capacity or below it?,Electrical resistance meter,Neutron moisture meter,Tensiometer,Gypsum block,None of these,C,"Tensiometers are suitable for sandy soil at field capacity or below it, as they measure capillary tension which is significant in such soil types."
459,68,Agronomy,What is the pressure in bars for soil at the hygroscopic point?,0.001,1/3,15,31,None of these,D,"The pressure for soil at the hygroscopic point is 31 bars, as indicated in the table for soil conditions."
460,68,Agronomy,Which method is NOT suitable for clay soil?,Electrical resistance meter,Neutron moisture meter,Tensiometer,Gypsum block,None of these,C,"Tensiometers are not suitable for clay soil because they are sensitive up to 0.85 bars of soil moisture, which is not ideal for clay soil conditions."
461,68,Agronomy,What does P^E measure in soil?,Soil pH,Soil temperature,Intensity of oxidation-reduction,Soil salinity,None of these,C,"P^E measures the intensity of oxidation-reduction in soil, as it is the negative logarithm of electron activity."
462,68,Agronomy,Which soil moisture measurement method is based on the measurement of H+ nuclei present in a unit volume of soil?,Tensiometer,Electrical resistance meter,Neutron moisture meter,Gypsum block,None of these,C,"The neutron moisture meter is based on the measurement of H+ nuclei present in a unit volume of soil, making it suitable for field or in situ measurements."
463,69,Agronomy,Which apparatus is used for laboratory measurement of soil moisture potential?,Pressure member and pressure plate apparatus,Lysimeter,USWB class 'A' open pan evaporimeter,Soil moisture depletion studies,None of these,A,The pressure member and pressure plate apparatus is specifically mentioned as the device used for laboratory measurement of soil moisture potential.
464,69,Agronomy,What is the shape of the soil moisture characteristic curve for sandy soils?,L shaped,I shaped,S shaped,U shaped,None of these,A,The soil moisture characteristic curve for sandy soils is described as L shaped.
465,69,Agronomy,Who introduced the concept of Potential Evapo-Transpiration (PET)?,Thornthwaite,Einstein,Darwin,Mendel,None of these,A,The concept of PET was given by Thornthwaite in 1948.
466,69,Agronomy,What does the soil moisture characteristic curve show?,Relationship between soil moisture tension and amount of moisture in soil,Relationship between soil temperature and moisture,Relationship between soil pH and moisture,Relationship between soil density and moisture,None of these,A,"The soil moisture characteristic curve shows the relationship between the energy statuses of water, i.e., tension and the amount of moisture in the soil."
467,69,Agronomy,Which method is used to measure ET and leaching losses?,Lysimeter,Pressure plate apparatus,USWB class 'A' open pan evaporimeter,Soil moisture depletion studies,None of these,A,"Lysimeter is used for growing crops in large containers installed in a crop field to measure their water loss and gains, including ET and leaching losses."
468,69,Agronomy,What is the formula for calculating soil moisture depletion (D)?,FC - PWP x D x Db,FC + PWP x D x Db,FC / PWP x D x Db,FC x PWP x D x Db,None of these,A,"The formula for calculating soil moisture depletion (D) is given as FC - PWP x D x Db, where FC is Field Capacity, PWP is Permanent Wilting Point, D is Depth, and Db is Bulk Density."
469,69,Agronomy,What is the primary use of the USWB class 'A' open pan evaporimeter?,Measuring evaporation data,Measuring soil moisture potential,Measuring soil temperature,Measuring soil pH,None of these,A,The USWB class 'A' open pan evaporimeter is used for measuring evaporation data and is widely used by agro-meteorological observatories.
470,68,Agronomy,What is the primary purpose of a sunken screen evaporimeter?,To measure evaporation under field conditions,To estimate the diameter of water bodies,To paint water surfaces white,To develop new meteorological parameters,None of these,A,"The sunken screen evaporimeter, developed by Sharma and Dastane in 1968, is specifically used to measure evaporation (ET) under field conditions."
471,68,Agronomy,What is the main function of consumptive use of water in plants?,To designate the losses due to evapo-transpiration and metabolic activities,To measure the diameter of water bodies,To paint water surfaces white,To develop new meteorological parameters,None of these,A,Consumptive use of water refers to the losses due to evapo-transpiration and the water used by the plant for its metabolic activities.
472,68,Agronomy,Which method is considered the most accurate for estimating evaporation from free water surfaces?,Penman method,Sharma and Dastane method,Portable evaporimeter method,Sunken screen method,None of these,A,"The Penman method, developed in 1950, is considered the most accurate estimation of ETo as it utilizes all meteorological parameters responsible for ET."
473,68,Agronomy,What does Water Use Efficiency (WUE) measure?,The yield of a marketable crop produced per unit of water used in evapo-transpiration,The diameter of water bodies,The depth of water in evaporimeters,The amount of water painted white,None of these,A,Water Use Efficiency (WUE) measures the yield of a marketable crop produced per unit of water used in evapo-transpiration.
474,68,Agronomy,What is the ratio used to calculate Crop Water Use Efficiency?,Crop yield (y) to the amount of water depleted by the crop in evapo-transpiration (ET),Crop yield (y) to the total amount of water used in the field (WR),Crop yield (y) to the diameter of water bodies,Crop yield (y) to the depth of water in evaporimeters,None of these,A,Crop Water Use Efficiency is calculated as the ratio of crop yield (y) to the amount of water depleted by the crop in the process of evapo-transpiration (ET).
475,68,Agronomy,What percentage of water loss in plants is due to evapo-transpiration?,99%,90%,80%,75%,None of these,A,"About 99 percent of water loss in plants is due to evapo-transpiration, with only 1 percent used in actual metabolic processes."
476,68,Agronomy,What is the formula for Field Water Use Efficiency?,WUE (Field) = Y/WR,WUE (Field) = Y/ET,WUE (Field) = Y/Diameter,WUE (Field) = Y/Depth,None of these,A,Field Water Use Efficiency is calculated as the ratio of crop yield (y) to the total amount of water used in the field (WR).
477,71,Agronomy,Which crop has the highest water use efficiency (WUE)?,Finger millet,Wheat,Groundnut,Sorghum,None of these,A,Finger millet has the highest water use efficiency (WUE) of 13.4 kg/ha mm among the listed crops.
478,71,Agronomy,Which process is associated with the cultivation of tobacco?,Stripping,Nipping,Curing,Propping,None of these,C,"Curing is a process associated with the cultivation of tobacco, as well as tea and onion."
479,71,Agronomy,Which crop has the highest oil percentage?,Sesame,Coconut,Groundnut,Castor,None of these,B,Coconut has the highest oil percentage of 60% among the listed crops.
480,71,Agronomy,Which cereal has the highest protein content?,Rice,Wheat,Maize,Barley,None of these,D,Barley has the highest protein content of 11.5% among the listed cereals.
481,71,Agronomy,Which pulse is known as 'vegetable meat'?,Gram,Lentil,Cow pea,Pea,None of these,C,Cow pea is known as 'vegetable meat' and has a protein content of 23.4%.
482,71,Agronomy,Which oilseed has the highest protein content?,Groundnut,Soybean,Sesame,Castor,None of these,B,Soybean has the highest protein content of 42% among the listed oilseeds.
483,71,Agronomy,Which crop has the lowest water use efficiency (WUE)?,Rice,Pearl millet,Maize,Sorghum,None of these,A,Rice has the lowest water use efficiency (WUE) of 3.7 kg/ha mm among the listed crops.
484,72,Agronomy,Which crop family is known as the grass family and includes cereals and napier grass?,Graminae (Poaceae),Leguminaceae,Solanaceae,Cruciferae,None of these,A,"Graminae, also known as Poaceae, is the largest cultivated crop family and is commonly referred to as the grass family. It includes cereals and napier grass."
485,72,Agronomy,Which of the following crops belongs to the Solanaceae family?,Cotton,Brinjal,Mustard,Cucumber,None of these,B,"Brinjal belongs to the Solanaceae family, which also includes tomato, potato, and chilies."
486,72,Agronomy,What is the protein content in white rice?,3-4%,6-7%,7.9%,10-12%,None of these,B,"White rice contains 6-7% protein, while brown rice contains 7.9% protein."
487,72,Agronomy,Which family does the crop safflower belong to?,Malvaceae,Cucurbitaceae,Asteraceae,Chenopodiaceae,None of these,C,"Safflower belongs to the Asteraceae family, which also includes sunflower and niger."
488,72,Agronomy,How much water is required to produce 1 kg of rice grain?,400-500 liters,1000-2000 liters,5000 liters,10000 liters,None of these,C,"Rice consumes about 5000 liters of water to produce 1 kg of rice grain, which is ten times more than other cereal crops."
489,72,Agronomy,Which of the following crops is NOT a part of the Leguminaceae family?,Groundnut,Sunhemp,Cabbage,Alfalfa,None of these,C,"Cabbage belongs to the Cruciferae family, while the other options are part of the Leguminaceae family."
490,72,Agronomy,What is the hulling percentage in rice?,50%,66%,75%,80%,None of these,B,"The hulling percentage in rice is 66%, or two-thirds of the paddy."
491,73,Agronomy,Which stage of rice cultivation benefits from submergence in 5cm deep water?,Reproductive and grain formation stages,Vegetative stage,Seedling stage,Harvesting stage,None of these,A,Submergence in 5cm deep water during the reproductive and grain formation stages is beneficial for rice fields.
492,73,Agronomy,Which protein is the main protein found in rice?,Oryzenin,Glutenin,Gliadin,Zein,None of these,A,The main protein in rice is Oryzenin.
493,73,Agronomy,Which country has the highest productivity of rice?,USA,China,Japan,India,None of these,A,The USA has the highest productivity of rice among the given options.
494,73,Agronomy,Which state in India has the highest productivity of rice?,Punjab,West Bengal,Uttar Pradesh,Bihar,None of these,A,Punjab has the highest productivity of rice in India with 34 q/ha.
495,73,Agronomy,"Which type of rice is characterized by tall stature, weak stem, and elongate grains?",Indica,Japonica,Javanica,Oryza glaberrima,None of these,A,"Indica rice is characterized by tall stature, weak stem, and elongate grains."
496,73,Agronomy,What is the test weight of 1000 rice grains?,25g,20g,30g,35g,None of these,A,The test weight of 1000 rice grains is 25g.
497,73,Agronomy,Which type of soil is best suited for rice cultivation?,Clay and clay loam,Sandy,Silty,Peaty,None of these,A,Clay and clay loam soils are best suited for rice cultivation.
498,74,Agronomy,What is the ideal temperature range for rice plant growth?,15-25°C,21-37°C,10-20°C,30-40°C,None of these,B,"The ideal temperature range for rice plant growth is 21-37°C, as this range supports optimal metabolic activities and growth."
499,74,Agronomy,Which rice variety was the first high yielding dwarf variety developed in the world?,TN-1,IR-8,Jaya,Pusa 2-21,None of these,B,"IR-8 was the first high yielding dwarf variety developed in the world, released by the International Rice Research Institute in 1966."
500,74,Agronomy,Which of the following rice varieties is suitable for waterlogged areas?,IR-8,Jalmagna,TKM-6,Lunishree,None of these,B,"Jalmagna is a variety of rice that is suitable for waterlogged areas, making it ideal for regions with excessive water conditions."
501,74,Agronomy,What does the term 'Dee-gee-woo-gen' literally mean?,Long grained rice,Brown tipped short legged,High yielding variety,Drought resistant,None of these,B,"The term 'Dee-gee-woo-gen' literally means 'Brown tipped short legged', which describes a specific characteristic of this rice variety."
502,74,Agronomy,Which rice variety is known as the 'Miracle rice in India'?,TN-1,IR-8,Jaya,Pusa 2-21,None of these,C,Jaya is known as the 'Miracle rice in India' because it is a high yielding earliest semi-dwarf variety that outperforms both TN-1 and IR-8.
503,74,Agronomy,Which of the following is a mutant dwarf variety of rice?,Jagannath,IR-8,Jaya,Pusa 2-21,None of these,A,"Jagannath is a mutant dwarf variety of rice, developed through mutation breeding techniques."
504,74,Agronomy,Which rice variety was the first hybrid of basmati in the world?,CORH-1,PRH-10,IR-8,Jaya,None of these,B,"PRH-10 was the first hybrid of basmati in the world, combining the desirable traits of basmati rice with hybrid vigor."
505,75,Agronomy,Which variety of rice is known as the world's first high-yielding dwarf variety developed by IARI through convergent breeding?,Pusa Basmati-1,Padma,Pankanj,Ratna,None of these,A,Pusa Basmati-1 is specifically mentioned as the world's first high-yielding dwarf variety developed by IARI through convergent breeding.
506,75,Agronomy,What is the recommended seed rate for hybrid rice per hectare?,15 kg/ha,60 kg/ha,100 kg/ha,3 kg/ha,None of these,A,The recommended seed rate for hybrid rice is explicitly stated as 15 kg/ha.
507,75,Agronomy,Which zone in waterlogged puddle soil contains oxygen?,Oxidized zone,Reduced zone,Transition zone,Root zone,None of these,A,The oxidized zone is described as the upper zone in waterlogged puddle soil that contains oxygen.
508,75,Agronomy,Why should the use of nitrate fertilizer in paddy fields be avoided?,Due to more susceptibility to loss of nitrogen through leaching and denitrification,Due to high cost,Due to difficulty in application,Due to low availability,None of these,A,The use of nitrate fertilizer in paddy fields should be avoided because it is more susceptible to loss of nitrogen through leaching and denitrification.
509,75,Agronomy,What is the nitrogen use efficiency in rice?,30-40%,20-30%,50-60%,10-20%,None of these,A,The nitrogen use efficiency in rice is stated to be 30-40%.
510,75,Agronomy,Which of the following is a non-symbiotic nitrogen-fixing bacteria used in upland rice fields?,Azatobacter,Annabaena azollae,Blue green algae,Azolla,None of these,A,Azatobacter is mentioned as a non-symbiotic nitrogen-fixing bacteria used in upland rice fields.
511,75,Agronomy,What is the recommended NPK ratio for high-yielding varieties of rice?,100:60:60,120:60:60,100:50:50,80:60:60,None of these,A,The recommended NPK ratio for high-yielding varieties of rice is given as 100:60:60.
512,76,Agronomy,Which nutrient deficiency causes Khaira disease in rice at the nursery stage?,Zinc,Iron,Silicon,Calcium,None of these,A,Khaira disease is specifically linked to zinc deficiency in rice during the nursery stage.
513,76,Agronomy,What is the earliest visible symptom of zinc deficiency in rice leaves?,Rust-colored outer leaf surface,Yellowing of leaf tips,Purple coloration at leaf tips,Soft droopy leaves,None of these,B,"The tip of zinc‑deficient leaves first turns yellow before drying, indicating the initial symptom."
514,76,Agronomy,Which foliar spray concentration of zinc sulphate is recommended for early‑stage management of Khaira disease?,0.5%,1%,2%,5%,None of these,A,Management advises a foliar spray of 0.5 % zinc sulphate during the early crop stage.
515,76,Agronomy,Iron toxicity (browning of rice) is most problematic in which soil orders?,Ultisols & Oxisols,Alfisols & Histosols,Entisols & Inceptisols,Mollisols & Spodosols,None of these,A,The condition occurs mainly in water‑logged acid‑sulphate soils of the Ultisols and Oxisols orders.
516,76,Agronomy,Which rice variety is noted for tolerance to iron toxicity?,Phalguna,IR64,Basmati,Swarna,None of these,A,The Phalguna variety is specifically mentioned as tolerant to Fe‑toxicity.
517,76,Agronomy,"During which growth stage is silicon supply most critical, and why?",Panicle initiation because root activity is reduced and transpiration is high,Tillering because leaf area expands,Booting because grain filling occurs,Maturity because yield formation peaks,None of these,A,Silicon is needed mainly at panicle initiation when root activity drops and transpiration rates are high.
518,76,Agronomy,What is the most common source of calcium silicate used to correct silicon deficiency in rice?,Basic slag,Gypsum,Lime,Rock phosphate,None of these,A,"Basic slag, containing calcium silicate, is the usual amendment for silicon deficiency."
519,75,Agronomy,At what time after transplanting is Propanil (Stam F-34) typically applied in rice?,Immediately after transplanting,1 week after transplanting,3 weeks after transplanting,1 month after transplanting,None of these,B,Propanil is applied 1 week after transplanting to target weeds that have emerged but before they become problematic.
520,75,Agronomy,Which statement best describes the effectiveness of Butachlor (Machete) on weeds?,It kills weeds after they emerge,It is effective only on emerged weeds,It controls weeds before they emerge,It is ineffective against annual grasses,None of these,C,Butachlor is effective only before weeds emerge; once weeds have emerged it cannot kill them.
521,75,Agronomy,Anilophos is best described as:,Post-emergence herbicide for broad-leaved weeds,Pre-emergence and early post-emergence selective herbicide for annual grasses and sedges in rice,Systemic pre-emergence herbicide for upland crops,Non-selective herbicide for all weeds,None of these,B,"Anilophos is a selective herbicide used pre-emergence and early post-emergence to control annual grasses, sedges, and some broad-leaved weeds in rice."
522,75,Agronomy,Pyrazosulfuron (Saathi) is classified as:,Non-selective post-emergence herbicide,Selective systemic pre- and post-emergence herbicide for rice,Pre-emergence only herbicide for grasses,Post-emergence herbicide for broad-leaved weeds,None of these,B,Pyrazosulfuron is a selective systemic herbicide that can be applied before and early after weed emergence in rice.
523,75,Agronomy,The primary purpose of Beushening in rice cultivation is to:,Increase soil bulk density,Provide soil aeration and control weeds,Reduce percolation losses,Increase nutrient availability,None of these,B,"Beushening involves cross-ploughing to control weeds, improve stand, and aerate soil."
524,75,Agronomy,Puddling increases the bulk density of soil from approximately:,1.0 to 1.2 g/cc,1.2 to 1.4 g/cc,1.4 to 1.7 g/cc,1.7 to 2.0 g/cc,None of these,C,"Puddling mechanically destroys soil aggregates, raising bulk density from about 1.4 to 1.7 g/cc."
525,75,Agronomy,The booting stage in rice is characterized by:,Swelling of the flag leaf sheath,Emergence of the first leaf,Root elongation,Flowering,None of these,A,"Booting is the stage where the flag leaf sheath swells, marking a critical water requirement."
526,78,Agronomy,What is the primary benefit of the seedling method where seedlings are ready for transplanting on the 12th day after seeding?,Reduced nursery area requirement,Increased seedling density,Soil contact enhancement,Faster germination rate,None of these,A,"The method allows for a dense stand of seedlings without soil contact, making 25-30 m² nursery area sufficient for one hectare, thus reducing the nursery area requirement."
527,78,Agronomy,Which country first developed hybrid rice?,China,India,Japan,Vietnam,None of these,A,Hybrid rice was first developed by China in the last decade of the 1970s using the cytoplasm male sterility-fertility restore gene system.
528,78,Agronomy,What is the unique feature of Golden Rice?,High protein content,Beta carotene enrichment,Drought resistance,Pest resistance,None of these,B,"Golden Rice is unique because it is genetically engineered to be rich in beta carotene, which fortifies the vitamin A content in rice."
529,78,Agronomy,Who developed the System of Rice Intensification (SRI) methodology?,Ingo Potrykus,Henri de Laulanie,Norman Borlaug,M.S. Swaminathan,None of these,B,The System of Rice Intensification (SRI) methodology was developed by Henri de Laulanie in Madagascar in the 1980s.
530,78,Agronomy,What is one of the basic principles of the System of Rice Intensification (SRI)?,Increasing plant population,Using more herbicides,Reducing irrigation quantities,Decreasing organic manure,None of these,C,"One of the basic principles of SRI is reducing irrigation quantities, which helps in increasing the productivity of irrigated rice."
531,78,Agronomy,Which hybrid rice variety was released by a private organization?,APRH-1,APRH-2,KRH,PHB-71,None of these,D,PHB-71 is the only hybrid rice variety that was released by a private organization.
532,78,Agronomy,What is a significant benefit of adopting the System of Rice Intensification (SRI)?,Increased use of chemicals,Higher water consumption,Increased yields,Larger landholdings requirement,None of these,C,"A significant benefit of adopting SRI is increased yields, which can be 20-100% or more compared to conventional methods."
533,79,Agronomy,What is the primary disadvantage of the System of Rice Intensification (SRI)?,Higher labour costs in the initial years,Increased seed rate,Larger nursery area requirement,Higher water usage,None of these,A,The primary disadvantage of SRI is the higher labour costs in the initial years due to individual seedling transplanting and weeding.
534,79,Agronomy,"Which disease is caused by the deficiency of thiamine, a vitamin lost during the polishing of rice?",Beri-beri,Scurvy,Rickets,Pellagra,None of these,A,"Beri-beri is caused by the deficiency of thiamine, which is lost during the polishing of rice."
535,79,Agronomy,What is the sowing time for Boro rice?,April-May,November-December,June-July,September-October,None of these,B,The sowing time for Boro rice is November-December.
536,79,Agronomy,What is the optimum soil pH required for growing rice?,4-6,7-8,8-9,3-4,None of these,A,The optimum soil pH required for growing rice is 4-6.
537,79,Agronomy,Which biofertilizer is commonly used for rice?,Azolla,Rhizobium,Azotobacter,Blue-green algae,None of these,A,Azolla is a commonly used biofertilizer for rice.
538,79,Agronomy,What is the most critical stage of water for rice?,Booting stage,Seedling stage,Flowering stage,Maturity stage,None of these,A,The most critical stage of water for rice is the booting stage.
539,79,Agronomy,Which gas is emitted from rice fields?,Methane,Carbon dioxide,Nitrous oxide,Ammonia,None of these,A,Methane is the gas emitted from rice fields.
540,80,Agronomy,Which vitamin is conserved in rice through the process of parboiling?,Vitamin B1,Vitamin B12,Vitamin C,Vitamin D,None of these,B,"Parboiling of rice conserves Vitamin B12, which is a crucial nutrient."
541,80,Agronomy,What is the seed rate in the Dapog method for rice?,1-2 kg/m²,3-4 kg/m²,5-6 kg/m²,7-8 kg/m²,None of these,B,The Dapog method for rice requires a seed rate of 3-4 kg/m².
542,80,Agronomy,Which gene is responsible for dwarfness in rice?,Norin-10,Dee-gee-woo-gene,Gliadine,Glutenin,None of these,B,The Dee-gee-woo-gene is responsible for the dwarfness trait in rice.
543,80,Agronomy,What is the spacing for rice sowing of seedlings?,10 × 5 cm,15 × 10 cm,20 × 10 cm,25 × 15 cm,None of these,C,The recommended spacing for rice sowing of seedlings is 20 × 10 cm.
544,80,Agronomy,Which disease in rice is caused by zinc deficiency?,Blast disease,Khaira disease,Reclamation disease,Bacterial blight,None of these,B,Khaira disease in rice is due to zinc deficiency.
545,80,Agronomy,What is the minimum length for a rice grain to be classified as extra-long?,5 mm,6 mm,7 mm,8 mm,None of these,C,A rice grain is said to be extra-long if it is 7 mm or more in length.
546,80,Agronomy,Which gene is responsible for dwarfness in wheat?,Dee-gee-woo-gene,Norin-10,Gliadine,Glutenin,None of these,B,The Norin-10 gene is responsible for the dwarfness trait in wheat.
547,81,Agronomy,"Which Mexican wheat varieties were introduced in India in 1963, leading to the Green Revolution?","Lerma Rojo, Sonaro 63, Sonaro-64, Mayo 64","Jairaj, Malavika, Sonaro 63, Mayo 64","Triticum monococcum, Triticum aegiloploid, Lerma Rojo, Sonaro 64","T. aestivum, T. durum, T. diccocum, Triticum monococcum",None of these,A,"The correct answer is A because these varieties were imported by the then Minister of Agriculture, Shri C. Subramaniam, and released for commercial cultivation in India in 1965, leading to the Green Revolution."
548,81,Agronomy,Which state in India has the highest productivity of wheat?,Uttar Pradesh,Madhya Pradesh,Punjab,Haryana,None of these,C,The correct answer is C because Punjab has the highest productivity of wheat at 45 q/ha due to nearly 100% of the wheat area being under irrigated conditions and higher doses of fertilizer consumption.
549,81,Agronomy,Which type of wheat is predominantly grown in India and is suitable for chapati making and bakery products?,Durum/Macaroni wheat,Emmer wheat,Common bread wheat,Diploid wheat,None of these,C,The correct answer is C because common bread wheat occupies about 87% of the wheat area in India and is good for chapati making and bakery products.
550,81,Agronomy,Which type of wheat is used for preparing Suji and Semya?,Common bread wheat,Durum/Macaroni wheat,Emmer wheat,Diploid wheat,None of these,B,The correct answer is B because Durum/Macaroni wheat is used for Suji and Semya preparation and occupies about 12% of the wheat area in India.
551,81,Agronomy,Which wheat variety is suitable for preparing the South Indian dish 'Uppumav'?,Common bread wheat,Durum/Macaroni wheat,Emmer wheat,Diploid wheat,None of these,C,The correct answer is C because Emmer wheat is suitable for preparing the South Indian dish 'Uppumav' and occupies about 1% of the wheat area in India.
552,81,Agronomy,Which state in India has the highest area under wheat cultivation?,Madhya Pradesh,Punjab,Haryana,Uttar Pradesh,None of these,D,The correct answer is D because Uttar Pradesh has the highest area under wheat cultivation in India.
553,81,Agronomy,Which type of wheat has the chromosome number 2n = 14?,Common bread wheat,Durum/Macaroni wheat,Diploid wheat,Emmer wheat,None of these,C,The correct answer is C because Diploid wheat species like Triticum monococcum and Triticum aegiloploid have the chromosome number 2n = 14.
554,82,Agronomy,Which stage of wheat irrigation is considered the most critical?,CRI (crown root initiation) stage,Tillering stage,Jointing stage,Flowering (Booting) stage,None of these,A,"The CRI (crown root initiation) stage is the most critical stage of irrigation for wheat, occurring 21 days after sowing."
555,82,Agronomy,At which stage does the milky fluid in wheat grains turn hard?,Milking Stage,Dough stage,Flowering (Booting) stage,Jointing stage,None of these,B,The Dough stage is when the milky fluid in wheat grains turns hard.
556,82,Agronomy,"If water is available for only one irrigation, at which stage should it be applied?",CRI stage,Tillering stage,Jointing stage,Flowering (Booting) stage,None of these,A,"If water is available for only one irrigation, it should be applied at the CRI stage."
557,82,Agronomy,Which stage is characterized by the swelling of the uppermost internode in wheat?,Tillering stage,Jointing stage,Flowering (Booting) stage,Milking Stage,None of these,C,The Flowering (Booting) stage is characterized by the swelling of the uppermost internode in wheat.
558,82,Agronomy,Which variety of wheat is suitable for the hills of North India?,Lerma Rojo 64-A,Sujata,Girija,Sonalika,None of these,C,Girija is a variety of wheat suitable for the hills of North India.
559,82,Agronomy,Which genes are responsible for the dwarfness of the Norin 10 cultivar?,Sd 1 and Sd 2,Sd 1 and Sd 3,Sd 2 and Sd 3,Sd 1 and Sd 4,None of these,A,The dwarfness of the Norin 10 cultivar is due to the recessive genes Sd 1 and Sd 2.
560,82,Agronomy,What are the ideal climatic conditions for wheat growth?,"Cool and moist weather during vegetative growth, warm and dry weather during grain formation","Warm and dry weather during vegetative growth, cool and moist weather during grain formation","Cool and dry weather during vegetative growth, warm and moist weather during grain formation","Warm and moist weather during vegetative growth, cool and dry weather during grain formation",None of these,A,The ideal climatic conditions for wheat growth are cool and moist weather during the vegetative growth period and warm and dry weather during grain formation.
561,83,Agronomy,Which variety of wheat is suitable for late sowing and saline soils?,K-65,Lok-1,Sujata,Shailaja,None of these,A,K-65 is specifically mentioned as a tall variety suitable for late sowing and saline soils.
562,83,Agronomy,Which wheat variety is known for its excellent chapatti making quality?,C-306,WH-147,DBW-17,RAJ-3765,None of these,A,C-306 is described as a tall variety suitable for rainfed conditions and excellent in chapatti making quality.
563,83,Agronomy,Which of the following is a triple gene dwarf wheat variety developed in 1970?,Kalyan Sona,Heera,HD-2009,Sonaro-64,None of these,B,Heera is listed as one of the triple gene dwarf wheat varieties developed in 1970.
564,83,Agronomy,Which wheat variety is resistant to the UG-99 race of rust?,RAJ-3077,RAJ-4037,RAJ-4120,RAJ-3765,None of these,C,RAJ-4120 is specifically mentioned as being resistant to the UG-99 race of rust.
565,83,Agronomy,Which variety of wheat is suitable for dry land (un-irrigated) areas?,Lok-1,Sujata,Shailaja,Malavia-12,None of these,B,Sujata is described as suitable for dry land (un-irrigated) areas.
566,83,Agronomy,What is the seed rate for normal sowing of wheat?,75 kg seeds/ha,100 kg seeds/ha,125 kg seeds/ha,150 kg seeds/ha,None of these,B,The seed rate for normal sowing of wheat is specified as 100 kg seeds/ha.
567,83,Agronomy,Which wheat variety is known for its heat tolerance and was developed in 2023?,Karan Vandana,Karan Vaidehi,Karan Vrinda,Karan Varuna,None of these,C,Karan Vrinda (DBW-371) is mentioned as a heat tolerant variety developed in 2023.
568,84,Agronomy,What is the ideal depth for sowing triple dwarf varieties of wheat?,3-4 cm,4-5 cm,5-6 cm,6-7 cm,None of these,A,"Triple dwarf varieties of wheat are sown at a depth of 3-4 cm, which is shallower compared to single and double gene dwarf varieties."
569,84,Agronomy,Which sowing method is considered the best and most common for wheat?,Broadcasting,Dibbling,Drilling,Kera method,None of these,C,"Drilling, specifically using seed-cum-ferti drills, is considered the best and most common method for sowing wheat."
570,84,Agronomy,What is the recommended spacing for irrigated wheat?,20 x 10 cm,22.5 x 10 cm,25 x 15 cm,30 x 10 cm,None of these,B,The recommended spacing for irrigated wheat is 22.5 x 10 cm.
571,84,Agronomy,What is the best time for sowing wheat under normal conditions?,1st fortnight of October,2nd fortnight of October,1st fortnight of November,2nd fortnight of November,None of these,C,The best time for sowing wheat under normal conditions is the 1st fortnight of November.
572,84,Agronomy,Which method of sowing involves dropping seeds by hand in furrows made by a country plough?,Pora method,Kera method,Drilling,Broadcasting,None of these,B,The Kera method involves dropping seeds by hand in furrows made by a country plough.
573,84,Agronomy,What is the recommended dose of nitrogen for wheat per hectare?,100 kg/ha,110 kg/ha,120 kg/ha,130 kg/ha,None of these,C,The recommended dose of nitrogen for wheat is 120 kg/ha.
574,84,Agronomy,Which weed has shown resistance against Isoproturon?,Avena fatua,Phalaris minor,Chenopodium album,Convolvulus arvensis,None of these,B,"Phalaris minor has shown resistance against Isoproturon, as reported by Dr. R.K. Malik at Hissar."
575,85,Agronomy,Which chemical can be used as an alternative to isoproturon for controlling Phalaris minor?,Metasulphuron,Tribunil,"2, 4-D",Dicamba,None of these,A,Metasulphuron @ 4g/ha can be used instead of isoproturon against Phalaris minor.
576,85,Agronomy,Why was Tribunil banned in India?,Due to its high cost,Due to its carcinogenic properties,Due to its ineffectiveness,Due to environmental concerns,None of these,B,Tribunil was banned in India due to its carcinogenic properties.
577,85,Agronomy,What is the botanical name of common bread wheat?,Triticum durum,Triticum diccocum,Triticum aestivum,Triticale,None of these,C,The botanical name of common bread wheat is Triticum aestivum.
578,85,Agronomy,Which gene is responsible for dwarfness in wheat?,Rht 1,Rht 2,Norin-10,Both Rht 1 & Rht 2,None of these,C,The gene responsible for dwarfness in wheat is Norin-10.
579,85,Agronomy,What is the fruit type of wheat?,Berry,Caryopsis,Legume,Nut,None of these,B,The fruit type of wheat is Caryopsis.
580,85,Agronomy,Which of the following is a cross between wheat and rye?,Triticum durum,Triticum diccocum,Triticale,Triticum aestivum,None of these,C,Triticale is a cross between wheat and rye.
581,85,Agronomy,What is the suitable row-to-row spacing for wheat?,15 cm,20 cm,22.5 cm,30 cm,None of these,C,The suitable row-to-row spacing for wheat is 22.5 cm.
582,84,Agronomy,Which protein in wheat is essential for good bread quality and chapatti making?,Gluten,Albumin,Globulin,Gliadin,None of these,A,Gluten is the wheat protein that provides the elasticity and structure necessary for good bread quality and chapatti making.
583,84,Agronomy,What is the safe storage moisture content range for grains?,5-10%,10-12%,15-20%,20-25%,None of these,B,"For safe storage, the moisture content of grains should be between 10-12% to prevent spoilage and maintain quality."
584,84,Agronomy,Who introduced Triticum aestivum in India?,Gregory Mendel,Charles Darwin,NE Borlaug,Louis Pasteur,None of these,C,"NE Borlaug of Mexico is credited with introducing Triticum aestivum, a high-yielding wheat variety, in India."
585,84,Agronomy,What is the moisture content at the harvesting stage in wheat?,10-15%,15-20%,20-25%,25-30%,None of these,D,The moisture content at the harvesting stage in wheat typically ranges from 25-30%.
586,84,Agronomy,Which state in India has the highest production and cultivation area of wheat?,Punjab,Haryana,Madhya Pradesh,Uttar Pradesh,None of these,D,Uttar Pradesh is the state with the highest production and cultivation area of wheat in India.
587,84,Agronomy,"Which variety of wheat is susceptible to 2, 4-D where spike deformity occurs?",HD-2009 (Arjun),HD-2967,PBW-343,WH-147,None of these,A,"HD-2009 (Arjun) is a variety of wheat that is susceptible to 2, 4-D, which can cause spike deformity."
588,84,Agronomy,Which biofertilizer is recommended for wheat?,Rhizobium,Azatobacter,Azospirillum,Blue-green algae,None of these,B,Azatobacter is the recommended biofertilizer for wheat as it helps in nitrogen fixation and improves soil fertility.
589,87,Agronomy,Which type of barley has all three spikelets fertile and is most commonly cultivated in India?,H. Vulgare,H. Irregulare,H. Distichon,H. Hexastichon,None of these,A,H. Vulgare is described as six-rowed barley with all three spikelets fertile and is noted as the most commonly cultivated in India.
590,87,Agronomy,Which barley variety is known to be resistant to Molya nematode?,RD-2052,Azad,Amber,Kailash,None of these,A,RD-2052 is specifically mentioned as a Molya nematode resistant variety of barley.
591,87,Agronomy,What is the primary reason maize is known as the 'queen of cereals'?,High yield potential,High protein content,Resistance to pests,Low water requirement,None of these,A,Maize is referred to as the 'queen of cereals' due to its highest yield potential among cereals.
592,87,Agronomy,Which pigment is responsible for the yellow color in maize?,Cryptoxanthin,Chlorophyll,Carotene,Xanthophyll,None of these,A,The yellow color in maize is due to the presence of Cryptoxanthin.
593,87,Agronomy,What is the optimum temperature for maize germination?,21°C,18°C,25°C,30°C,None of these,A,The optimum temperature required for maize germination is 21°C.
594,87,Agronomy,Which type of roots are present in maize to nourish seedling plants?,Seminal roots,Fibrous roots,Tap roots,Adventitious roots,None of these,A,Maize possesses seminal roots that nourish seedling plants.
595,87,Agronomy,What is the water requirement range for maize cultivation?,500-800mm,300-500mm,800-1000mm,1000-1200mm,None of these,A,The water requirement for maize cultivation is about 500-800mm.
596,88,Agronomy,"Which disease is caused by the deficiency of vitamin B complex, niacin, and tryptophan in a maize-dependent diet?",Pellagra,Scurvy,Rickets,Beriberi,None of these,A,"Pellagra is caused by the deficiency of vitamin B complex, niacin, and tryptophan, which are low in maize."
597,88,Agronomy,What is the terminal male flower cluster of maize called?,Tassel,Silk,Cob,Ear,None of these,A,"The terminal male flower cluster of maize is called a tassel, which is a branched panicle bearing pollen."
598,88,Agronomy,Which part of the maize plant bears the female flower cluster?,Tassel,Silk,Stem,Leaf,None of these,B,"The female flower cluster of maize is borne on the silk, which is a very long silky filament."
599,88,Agronomy,Who proposed the use of the double cross technique for hybrid seed production in maize?,E.M. East,G.H. Shull,D.F. Jones,Shurtevant,None of these,C,D.F. Jones proposed the use of the double cross technique for hybrid seed production in maize in 1920.
600,88,Agronomy,Which type of maize is extensively grown in the USA?,Flint corn,Dent corn,Sweet corn,Flour corn,None of these,B,Dent corn is extensively grown in the USA and its kernel appears like a tooth.
601,88,Agronomy,Which type of maize is commonly cultivated in India?,Flint corn,Dent corn,Sweet corn,Flour corn,None of these,A,Flint corn is commonly cultivated in India and its kernel is hard and smooth.
602,88,Agronomy,Which type of maize is chiefly used to prepare food products like corn flakes and popcorn?,Flint corn,Dent corn,Pop corn,Flour corn,None of these,C,Popcorn is chiefly used to prepare food products like corn flakes and popcorn due to its unique property of releasing a floury mass when heated.
603,89,Agronomy,Which of the following is a characteristic feature of a top cross hybrid in maize?,It is obtained by combining an inbred line and an open-pollinated variety.,It is obtained by combining two inbred lines.,It is obtained by combining two open-pollinated varieties.,It is obtained by combining a hybrid and an open-pollinated variety.,None of these,A,"A top cross hybrid is specifically obtained by combining an inbred line and an open-pollinated variety, as stated in the source."
604,89,Agronomy,Which of the following maize varieties is known for being rich in lysine and tryptophan amino acids?,Ganga-1,Protina,Amber,Vikram,None of these,B,"Protina is a lysine-rich Opaque-2 composite variety of maize, as mentioned in the source."
605,89,Agronomy,What is the optimum plant population for maize during the Kharif season?,"50,000-55,000 plants/ha","55,000-60,000 plants/ha","65,000-70,000 plants/ha","70,000-75,000 plants/ha",None of these,C,"The optimum plant population for maize during the Kharif season is 65,000-70,000 plants/ha, as specified in the source."
606,89,Agronomy,Which herbicide can be used for pre-emergent control of grasses and broad-leaved weeds in maize?,Atrazine,Metolachlor,Glyphosate,"2,4-D",None of these,B,"Metolachlor 50EC @ 1kg a.i./ha can be used for pre-emergent control of grasses and broad-leaved weeds in maize, as mentioned in the source."
607,89,Agronomy,Which of the following is a synthetic variety of maize?,Ganga-1,Amber,Vikram,Kisan,None of these,B,"Amber is an example of a synthetic variety of maize, as stated in the source."
608,89,Agronomy,What is the seed rate for maize hybrids?,15-20 kg/ha,20-25 kg/ha,25 kg/ha,30-35 kg/ha,None of these,C,"The seed rate for maize hybrids is 25 kg/ha, as specified in the source."
609,89,Agronomy,Which of the following is a critical stage for water in maize cultivation?,Germination stage,Vegetative stage,Tasseling and silking stages,Maturity stage,None of these,C,"Tasseling and silking stages are critical for moisture and nutrients in maize cultivation, as mentioned in the source."
610,90,Agronomy,Which herbicide is described as a new selective post‑emergence herbicide for maize controlling both broad‑leaf and grass weeds?,Mesotrione,Simazine,Halosulfuron methyl,Atrazine,None of these,A,Mesotrione is noted as a new selective post‑emergence herbicide for maize targeting broad‑leaf and grass weeds.
611,90,Agronomy,Halosulfuron methyl (Sempra) is applied at which growth stage of maize for effective weed control?,At sowing,15‑20 days after sowing,45‑60 days after sowing,At tasseling,None of these,B,The source specifies its use as a post‑emergence herbicide applied 15‑20 DAS.
612,90,Agronomy,The temperature most suitable for the growth of Zea mays is:,20 °C,25 °C,32 °C,38 °C,None of these,C,32 °C is given as the suitable temperature for maize growth.
613,90,Agronomy,"In the developmental sequence of maize, which structure appears first?",Tassel (male flower),Ear (female inflorescence),Silks,Leaves,None of these,A,"The first appearance on a maize plant is the tassel, the male flower."
614,90,Agronomy,"Compared to maize, pearl millet requires:",More water (800‑1000 mm),Same water (500‑800 mm),Less water (250‑500 mm),No water,None of these,C,"Pearl millet’s water requirement is the lowest among cereals, 250‑500 mm, versus maize’s 500‑800 mm."
615,90,Agronomy,"Among cereals and millets, which crop is noted for the highest drought tolerance?",Wheat,Bajra (pearl millet),Rice,Barley,None of these,B,Bajra (pearl millet) is described as the most drought‑tolerant cereal/millet.
616,90,Agronomy,The roots emerging from the second and third nodes of pearl millet that support the plant are called:,Tap roots,Prop (brace) roots,Fibrous roots,Adventitious roots,None of these,B,"Roots from the second and third nodes in pearl millet are termed prop or brace roots, providing support."
617,91,Agronomy,What is the seed rate for direct sowing of pearl millet?,4-5 kg/ha,2 kg/ha,10-12 kg/ha,40-50 kg/ha,None of these,A,The seed rate for direct sowing of pearl millet is 4-5 kg/ha as mentioned in the source.
618,91,Agronomy,Which was the first male sterile line of pearl millet?,Tift 23-A1,HB-1,HHB-67,BJ-104,None of these,A,Tift 23-A1 was the first male sterile line of pearl millet as stated in the source.
619,91,Agronomy,Which hybrid variety of pearl millet is iron-rich and bio-fortified?,HHB-67,Dhanshakti,Pusa moti,PHB-10,None of these,B,Dhanshakti is the first iron-rich bio-fortified variety of pearl millet according to the source.
620,91,Agronomy,What is the seed rate for fodder purpose in sorghum?,4-5 kg/ha,2 kg/ha,10-12 kg/ha,40-50 kg/ha,None of these,D,The seed rate for fodder purpose in sorghum is 40-50 kg/ha as mentioned in the source.
621,91,Agronomy,Which variety of sorghum is known for being drought and salinity tolerant?,CSH-1,M 35-1,CSH-9,SSG-58-8,None of these,C,CSH-9 is the drought and salinity tolerant variety of sorghum according to the source.
622,91,Agronomy,Why is sorghum called the camel of the desert?,Due to its resistance to drought,Due to its high yield,Due to its rich lysine content,Due to its early flowering,None of these,A,Sorghum is called the camel of the desert because of its resistance to drought as mentioned in the source.
623,91,Agronomy,What is the inflorescence of sorghum called?,Panicle,Spike,Raceme,Umbel,None of these,A,"The inflorescence of sorghum is called a panicle, also known as heads, as stated in the source."
624,92,Agronomy,Who is known as the 'sugarcane wizard' in India for his significant contributions to sugarcane hybridization research?,T.S. Venkataraman,M.S. Swaminathan,Norman Borlaug,Vargheese Kurien,None of these,A,T.S. Venkataraman is known as the 'sugarcane wizard' in India due to his extensive research on the hybridization of sugarcane.
625,92,Agronomy,Which country leads in sugarcane productivity with 115 tonnes per hectare?,Peru,Australia,Brazil,India,None of these,A,"Peru leads in sugarcane productivity with 115 tonnes per hectare, as mentioned in the source."
626,92,Agronomy,Which state in India has the highest number of sugar factories?,Maharashtra,Uttar Pradesh,Tamil Nadu,Karnataka,None of these,A,"Maharashtra has the highest number of sugar factories in India, with 134 factories."
627,92,Agronomy,Which species of sugarcane is known as 'Noble cane' and has low fiber content?,S. officinarum,S. barberi,S. sinense,S. robustum,None of these,A,Saccharum officinarum is known as 'Noble cane' and is characterized by its low fiber content.
628,92,Agronomy,Which state in India has the highest productivity of sugarcane?,Tamil Nadu,Uttar Pradesh,Maharashtra,Karnataka,None of these,A,"Tamil Nadu has the highest productivity of sugarcane in India, with 99.3 tonnes per hectare."
629,92,Agronomy,What is the chromosome number of Saccharum officinarum?,80,82,118,124,None of these,A,The chromosome number of Saccharum officinarum is 80.
630,92,Agronomy,Which country is the largest producer of sugarcane?,Brazil,India,China,Cuba,None of these,A,"Brazil is the largest producer of sugarcane, followed by India and China."
631,93,Agronomy,Which wild species of sugarcane has very low sugar and very high fiber content?,S. spontaneum,S. robustum,S. officinarum,S. barberi,None of these,A,"S. spontaneum is known for having very low sugar content and very high fiber content, as mentioned in the source."
632,93,Agronomy,What is the ideal portion of the cane for sowing due to its high glucose content?,Bottom 1/3 portion,Middle 1/2 portion,Top 1/3 to half portion,Whole cane,None of these,C,"The top 1/3 to half portion of the cane is comparatively immature and has high glucose content, making it ideal for germination."
633,93,Agronomy,Which planting method is followed in tall growing cane areas to protect from lodging?,Flat planting,Furrow method,Trench method,Ridge method,None of these,C,The trench method is specifically followed in tall growing cane areas such as coastal areas to protect from lodging.
634,93,Agronomy,What is the best source of nitrogen for normal soil in sugarcane cultivation?,Urea,Ammonium sulphate,CAN,Ammonium nitrate,None of these,B,Ammonium sulphate is mentioned as the best source of nitrogen for normal soil in the source.
635,93,Agronomy,Which stage of sugarcane growth has the maximum requirement of water?,Germination,Formative,Maturation,Harvesting,None of these,B,"The formative stage, which lasts from 60-130 DAP, has the maximum requirement of water."
636,93,Agronomy,What is the recommended depth for furrows in the furrow method of planting in North India?,5-10 cm,10-15 cm,15-20 cm,20-25 cm,None of these,B,The furrow method in North India involves planting in furrows that are 10-15 cm deep.
637,93,Agronomy,Which type of planting takes about 15-18 months for harvesting and is commonly grown in Maharashtra?,Autumn planting,Adsali planting,Eksali planting,Spring planting,None of these,B,"Adsali planting is done in June-July and takes 15-18 months for harvesting, commonly grown in Maharashtra."
638,94,Agronomy,What is the primary purpose of blind hoeing in sugarcane cultivation?,To control weeds,To improve soil aeration,To enhance water retention,To promote root growth,None of these,A,"Blind hoeing is specifically mentioned as a practice for weed control in sugarcane cultivation, performed after planting and before crop emergence."
639,94,Agronomy,Which method is most commonly used for irrigating sugarcane?,Furrow method,Drip irrigation,Sprinkler irrigation,Subsurface irrigation,None of these,A,The source explicitly states that the furrow method of irrigation is the most common method used for sugarcane.
640,94,Agronomy,What happens to sucrose under high temperature conditions in sugarcane?,It gets converted into glucose,It crystallizes,It evaporates,It remains unchanged,None of these,A,"Under high temperature, sucrose in sugarcane gets converted into glucose, which affects the quality of the produce."
641,94,Agronomy,What is the recommended brix value range for mature sugarcane?,16-18,10-12,20-22,14-16,None of these,A,Sugarcane is considered mature if the brix value or refractometer reading is between 16-18.
642,94,Agronomy,Who developed the concept of crop logging in sugarcane?,H.F. Clements,Gregor Mendel,Norman Borlaug,George Washington Carver,None of these,A,"H.F. Clements in Hawaii developed the concept of crop logging, which is used for foliar diagnosis in sugarcane."
643,94,Agronomy,Which by-product of sugarcane is used for alcohol production?,Molasses,Bagasse,Press mud,Sucrose,None of these,A,"Molasses, a by-product of sugarcane, is specifically used for alcohol production."
644,94,Agronomy,What is the primary cause of crop lodging in sugarcane?,Strong wind,Excessive rainfall,Pest infestation,Nutrient deficiency,None of these,A,"Crop lodging in sugarcane is primarily caused by strong wind, which can be prevented by various methods like trench planting and earthling up."
645,95,Agronomy,What is the composition of gasohol used in automobiles?,80% petrol + 20% alcohol,70% petrol + 30% alcohol,90% petrol + 10% alcohol,60% petrol + 40% alcohol,None of these,A,Gasohol is specifically prepared from 80% petrol and 20% alcohol derived from sugarcane for use in automobiles.
646,95,Agronomy,Which organism causes Red rot disease in sugarcane?,*Colletotrichum falcatum*,*Clavibacter xyli*,*Phytoplasma*,*Xanthomonas vascularam*,None of these,A,"*Colletotrichum falcatum* is the causal organism for Red rot disease in sugarcane, characterized by the reddening of the stem pith."
647,95,Agronomy,What is the scientific name of the insect responsible for Pyrilla disease in sugarcane?,*Pyrilla perpusilla*,*Chilo infuscatellus*,*Tryporyza noviella*,*Aleurobolus borodensis*,None of these,A,The scientific name of the insect responsible for Pyrilla disease in sugarcane is *Pyrilla perpusilla*.
648,95,Agronomy,Which of the following is a biological control method for managing Shoot borer in sugarcane?,*Trichgramma chilonis*,Cartap hydrochloride,Carbofuran 3G,*Epiricania melanoleuca*,None of these,A,*Trichgramma chilonis* is used as a biological control method for managing Shoot borer in sugarcane.
649,95,Agronomy,What is the primary symptom of Top borer damage in sugarcane?,Bunchy top,Dead heart,Reddening of the stem pith,Juice sucking from leaves,None of these,A,The primary symptom of Top borer damage in sugarcane is the formation of a bunchy top.
650,95,Agronomy,Which disease in sugarcane is caused by *Phytoplasma*?,Grassy shoot/Albino,Red rot,Ratooning stunting disease,Gumosis,None of these,A,*Phytoplasma* is the causal organism for Grassy shoot/Albino disease in sugarcane.
651,95,Agronomy,Which chemical is recommended for managing Top borer in sugarcane?,Carbofuran 3G,Cartap hydrochloride,*Trichgramma chilonis*,*Epiricania melanoleuca*,None of these,A,Carbofuran 3G is recommended for managing Top borer in sugarcane.
652,96,Agronomy,What is the inflorescence of sugarcane called?,Arrow,Panicle,Spadix,Umbel,None of these,A,The inflorescence of sugarcane is specifically referred to as an 'Arrow'.
653,96,Agronomy,Which state in India has the highest productivity of sugarcane?,Tamil Nadu,Maharashtra,Uttar Pradesh,Punjab,None of these,A,Tamil Nadu is known for having the highest productivity of sugarcane in India.
654,96,Agronomy,What is the most critical stage for irrigation in sugarcane cultivation?,Germination stage,Formative stage,Maturity stage,Harvesting stage,None of these,B,The formative stage is the most critical stage for irrigation in sugarcane cultivation.
655,96,Agronomy,Which of the following soils are unsuitable for sugarcane cultivation?,Loamy soils,Clay soils,Saline soils,Sandy soils,None of these,C,Saline soils are unsuitable for sugarcane cultivation due to their high salt content.
656,96,Agronomy,What is the Brix reading range for the proper maturity of sugarcane?,12-14% TSS,16-18% TSS,20-22% TSS,24-26% TSS,None of these,B,The Brix reading for the proper maturity of sugarcane should be between 16-18% TSS (total soluble solids).
657,96,Agronomy,Which of the following is known as the noble cane?,Saccharum barberi,Saccharum officinarum,Saccharum spontaneous,Saccharum robustum,None of these,B,Saccharum officinarum is known as the noble cane.
658,96,Agronomy,What is the primary reason for burning sugarcane before harvesting?,To reduce pests,To improve sucrose and juice quality,To ease the harvesting process,To remove weeds,None of these,B,Burning of sugarcane is done primarily to improve sucrose and juice quality.
659,97,Agronomy,Which type of gram is known for its good branching habit and cosmopolitan nature?,Desi gram,Kabuli gram,Green gram,Black gram,None of these,A,"Desi gram is known for its good branching habit and cosmopolitan nature, as mentioned in the classification section."
660,97,Agronomy,What is the primary reason for the sour taste in the leaves and pods of gram?,Presence of Mallic acid,Presence of Oxalic acid,Presence of both Mallic and Oxalic acids,Presence of Citric acid,None of these,C,The sour taste in the leaves and pods of gram is due to the presence of both Mallic acid (90-96%) and Oxalic acid (4-10%).
661,97,Agronomy,Which variety of desi gram is best suited for rainfed conditions?,Avrodhi,Pusa-256/BG 256,C-235,Gaurav,None of these,B,Pusa-256/BG 256 is mentioned as the most common and best variety for rainfed conditions.
662,97,Agronomy,What is the test weight range for Kabuli gram?,140-260g,270-375g,200-300g,300-400g,None of these,B,The test weight range for Kabuli gram is specified as 270-375g.
663,97,Agronomy,Which variety of desi gram is resistant to Ascochyta blight?,Avrodhi,C-235,Gaurav,RS-10,None of these,C,Gaurav is mentioned as a variety resistant to Ascochyta blight.
664,97,Agronomy,What type of root system does gram have?,Fibrous root system,Adventitious root system,Tap root system,Aerial root system,None of these,C,"Gram has a tap root system, which is mentioned in the botany section."
665,97,Agronomy,Which variety of desi gram is suitable for heavy soils of Rajasthan?,RS-10,RS-11,ICCC-2,Aparna,None of these,B,RS-11 is a mutant variety that is drought resistant and suitable for heavy soils of Rajasthan.
666,99,Agronomy,Which of the following is NOT a common name for pigeon pea?,red gram,arhar,tur,soybean,None of these,D,"Red gram, arhar and tur are all listed names for pigeon pea; soybean is unrelated."
667,99,Agronomy,"Among pulses, pigeon pea is especially noted for which physiological trait?",C4 photosynthesis,deep rooted,shallow rooted,nitrogen fixation only,None of these,B,"The source describes pigeon pea as deep‑rooted, a key drought‑tolerance feature."
668,99,Agronomy,Var. flavus of Cajanus cajan is characterized by which combination?,"Perennial, tall, late maturity, 4‑5 grains/pod","Annual, short plant, early maturity, 2‑3 grains/pod","Annual, tall, late maturity, 4‑5 grains/pod","Perennial, short plant, early maturity, 2‑3 grains/pod",None of these,B,"Var. flavus is annual, short, early‑maturing and bears 2‑3 grains per pod, as stated."
669,99,Agronomy,Which Indian state contributes the largest area under pigeon pea cultivation?,Maharashtra,Uttar Pradesh,Karnataka,Gujarat,None of these,A,"The source ranks area: Maharashtra > UP > Karnataka, making Maharashtra the top."
670,99,Agronomy,The first hybrid pigeon pea (ICPH‑8) was released in which year?,1985,1991,1995,2000,None of these,B,"ICPH‑8, the world’s first hybrid arhar, was developed in 1991 at ICRISAT."
671,99,Agronomy,Pigeon pea exhibits which type of germination?,epigeal,hypogeal,viviparous,none,None of these,B,The botanical description lists hypogeal germination for pigeon pea.
672,99,Agronomy,Which variety is specifically noted for wilt resistance?,Mukta,Prabhat,UPAS‑120,Basant,None of these,A,Mukta is identified in the source as a wilt‑resistant medium‑duration variety.
673,101,Agronomy,Which of the following cotton species is known for having the highest fiber length?,G. arborium,G. herbaceum,G. hirsutum,G. barbadense,None of these,D,G. barbadense is known as Egyptian/Sea Island cotton and has the highest fiber length of 3.6-5.0 cm.
674,101,Agronomy,Which cotton species is NOT a diploid?,G. arborium,G. herbaceum,G. hirsutum,G. barbadense,None of these,C,"G. hirsutum is a tetraploid with 2n=52 chromosomes, unlike G. arborium and G. herbaceum which are diploids with 2n=26 chromosomes."
675,101,Agronomy,Which variety is the first spinning variety of Egyptian cotton released in India?,Lohit,Suvin,Sujata,Sanjay,None of these,C,Sujata is the first spinning variety of Egyptian cotton released in India.
676,101,Agronomy,Which hybrid variety of cotton was the first commercially developed in the world?,Varalaxmi,H-4,Maru Vikas,Savita,None of these,B,"H-4 was the first commercially hybrid variety of cotton developed in the world by Dr. C.T. Patel of GAU, Surat in 1970."
677,101,Agronomy,Which cotton species covers the largest area under cultivation in India?,G. arborium,G. herbaceum,G. hirsutum,G. barbadense,None of these,C,"G. hirsutum covers 36% of the cotton cultivation area in India, which is the largest among the listed species."
678,101,Agronomy,Which of the following is an extra-long staple variety of hirsutum cotton?,Lohit,MCU-5,Suvin,Sanjay,None of these,B,MCU-5 is an extra-long staple variety of hirsutum cotton.
679,101,Agronomy,Which is the first interspecific hybrid between G. hirsutum and G. barbadense?,H-4,Varalaxmi,Maru Vikas,Savita,None of these,B,"Varalaxmi is the first interspecific hybrid between G. hirsutum and G. barbadense, released from UAS, Dharwad (Karnataka)."
680,102,Agronomy,What is the primary purpose of delinting/defuzzing cotton seeds?,To increase seed weight,To improve seed germination and sowing ease,To change the seed color,To increase fiber length,None of these,B,"Delinting/defuzzing is done to make seeds easy for sowing and to help them germinate rapidly. It also helps in grading the seed, killing hibernating insect stages, and destroying diseased pathogens."
681,102,Agronomy,What is the recommended seed rate for Bt. cotton per hectare?,10-18 kg,15-25 kg,2-3 kg,1-1.5 kg,None of these,D,"The recommended seed rate for Bt. cotton is 1-1.5 kg per hectare, which averages to about 10,000 plant population."
682,102,Agronomy,What is the optimal sowing time for cotton in North India?,Last week of June to first week of July,September - October,1st fortnight of May,November - December,None of these,C,The optimal sowing time for cotton in North India is the 1st fortnight of May.
683,102,Agronomy,What is the plant population density in the Ultra Narrow Row (UNR) method?,"1,00,000 plants/ha","2,77,000 plants/ha","5,00,000 plants/ha","10,000 plants/ha",None of these,B,"The Ultra Narrow Row (UNR) method keeps a plant population density of 2,77,000 plants per hectare."
684,102,Agronomy,What is the term used for the appearance of flower bud in cotton?,Boll,Capsule,Square,Flower,None of these,C,The appearance of flower bud in cotton is known as square.
685,102,Agronomy,What is the primary purpose of topping in cotton plants?,To increase plant height,To encourage sympodial branching and boll development,To reduce the number of leaves,To change the flower color,None of these,B,Topping in cotton plants is done to protect further terminal growth and to encourage sympodial branching and good boll development by diverting the energy flow.
686,102,Agronomy,What is the typical range of ginning percentage in cotton?,10-15%,20-25%,30-35%,40-45%,None of these,C,"The typical range of ginning percentage, which is the separation of fiber from the seed cotton, is 30-35%."
687,103,Agronomy,Which bacterium causes bacterial blight in cotton?,Xanthomonas malvecerum,Pseudomonas syringae,Erwinia amylovora,Clavibacter michiganensis,None of these,A,The source states bacterial blight is caused by Xanthomonas malvecerum.
688,103,Agronomy,"The ""black arm"" stage of bacterial blight primarily affects which part of the cotton plant?",Leaves,Stems,Bolls,Roots,None of these,B,Black arm refers to stem infection in the disease progression.
689,103,Agronomy,Little leaf disorder in cotton is due to deficiency of which micronutrient?,Zinc,Iron,Copper,Manganese,None of these,A,The source links little leaf symptoms to Zn (zinc) deficiency.
690,103,Agronomy,Which lepidopterous larva attacks terminal shoots of cotton during the pre‑flowering stage?,Spotted bollworm (Earias insulana),Pink bollworm (Pectinophora gossypiella),American bollworm (Helicoverpa armigera),Cotton bollworm (Helicoverpa zea),None of these,A,Spotted bollworms attack terminal shoots during pre‑flowering as per the source.
691,103,Agronomy,The insecticidal trait in Bt cotton is derived from which organism?,Soil bacterium Bacillus thuringiensis,Fungus Trichoderma harzianum,Virus Baculovirus,Algae Chlorella vulgaris,None of these,A,Bt cotton incorporates lethal genes from the soil bacterium Bacillus thuringiensis.
692,103,Agronomy,In which year were the first generation Bt crops approved for commercial production?,1995,1996,1998,2000,None of these,B,The first generation Bt crops were approved in 1995 and planted commercially in 1996.
693,103,Agronomy,Approximately what proportion of India's cotton area was under Bt cotton during 2014‑15?,75%,85%,95%,100%,None of these,C,The source reports about 95% of total cotton area (12.6 mha) was Bt cotton in 2014‑15.
694,104,Agronomy,Which gene combination defines the second generation Bt cotton variety Bollgourd-II?,Cry I Ac only,Cry I Ac + Cry 2 Ab,Cry 2 Ab only,Cry I Ac + Cry 3 A,None of these,B,"Bollgourd-II was developed by combining Cry I Ac and Cry 2 Ab genes, making it the second generation Bt cotton."
695,104,Agronomy,What is the primary purpose of maintaining 20% refugia area with non‑Bt cotton around Bt cotton fields?,Increase yield,Reduce pesticide cost,Prevent resistance to bollworms,Enhance fiber quality,None of these,C,"The refugia strategy keeps non‑Bt cotton to provide a population of susceptible bollworms, thereby delaying resistance development."
696,104,Agronomy,Which parameter is used to measure fiber maturity in cotton?,Arealometer,Neppiness,Number of counts,170 kg bale weight,None of these,A,"Fiber maturity is assessed using an arealometer, a device that measures the density of fibers."
697,104,Agronomy,What is the range of oil content in cotton seed?,10–20%,14.5–25.6%,20–30%,5–15%,None of these,B,Cotton seed oil content varies between 14.5% and 25.6% as per the source data.
698,104,Agronomy,Which species covers about 70% of total jute cultivation area?,C. olitorius,C. capsularis,C. tilla,C. indica,None of these,B,"C. capsularis, known as white jute, accounts for roughly 70% of jute cultivation area."
699,104,Agronomy,What is the seed rate recommended for jute cultivation?,2–4 kg/ha,4–6 kg/ha,6–8 kg/ha,8–10 kg/ha,None of these,C,The recommended seed rate for jute is 6–8 kg per hectare.
700,104,Agronomy,Which compound is the toxic pigment present in cotton seed?,Gossypol,Lignin,Cellulose,Hemicellulose,None of these,A,"Gossypol is the toxic pigment found in cotton seed, as mentioned in the source."
701,105,Agronomy,What is the optimum time for harvesting jute to obtain quality fiber and good yield?,90 DAS,120 DAS,135-140 DAS,150 DAS,None of these,C,"The optimum time for harvesting jute to obtain quality fiber and good yield is at the small pod stage, which is 135-140 days after sowing (DAS)."
702,105,Agronomy,Which practice involves peeling the raw bark from the green jute plant immediately after harvest?,Harvesting,Ribboning,Retting,Tuberization,None of these,B,"Ribboning is the practice where the raw bark is peeled from the green jute plant immediately after harvest, and the ribbons obtained are then retted."
703,105,Agronomy,What is the optimum temperature required for the retting process in jute?,25°C,30°C,34°C,40°C,None of these,C,The optimum temperature required for the retting process in jute is about 34°C.
704,105,Agronomy,Which country is the origin of the potato (Solanum tuberosum)?,India,Peru,China,Brazil,None of these,B,"The potato (Solanum tuberosum) originated in Peru, South America."
705,105,Agronomy,Who developed the True Potato Seed (TPS)?,Charles Darwin,Gregor Mendel,Ramanujan,Norman Borlaug,None of these,C,True Potato Seed (TPS) was developed by Ramanujan.
706,105,Agronomy,Which state in India has the largest area under potato cultivation?,Bihar,West Bengal,Uttar Pradesh,Punjab,None of these,C,Uttar Pradesh has the largest area under potato cultivation in India.
707,105,Agronomy,What is the ideal temperature range for satisfactory tuber growth in potatoes?,10-15°C,17-19°C,20-25°C,25-30°C,None of these,B,The ideal temperature range for satisfactory tuber growth in potatoes is 17-19°C.
708,106,Agronomy,What is the optimal pH range for reducing scab disease incidence in potatoes?,5.0-6.5,6.5-7.5,4.0-5.0,7.0-8.0,None of these,A,"The optimal pH range for reducing scab disease incidence in potatoes is 5.0-6.5, as acidic conditions help in reducing the disease."
709,106,Agronomy,Which variety of potato is known for its frost resistance?,K. chamatkar,K. sheetman,K. badshah,K. deva,None of these,B,"K. sheetman is known for its frost resistance, making it suitable for colder climates."
710,106,Agronomy,What is the primary benefit of the Seed Plot Technique (SPT) in potato cultivation?,Increased yield,Multiplication of disease-free seeds,Faster maturity,Improved taste,None of these,B,The Seed Plot Technique (SPT) is primarily used for the multiplication of disease-free (virus-free) seeds in potato cultivation.
711,106,Agronomy,Who developed the True Potato Seeds (TPS) method?,Pushkarnath et al.,Ramanujam,Norman Borlaug,Gregory Mendel,None of these,B,The True Potato Seeds (TPS) method was given by Ramanujam in 1957.
712,106,Agronomy,What is the recommended spacing for potato seed sowing?,30-45 x 10-15 cm,45-60 x 15-20 cm,60-75 x 20-25 cm,75-90 x 25-30 cm,None of these,B,The recommended spacing for potato seed sowing is 45-60 x 15-20 cm to ensure proper growth and yield.
713,106,Agronomy,Which disorder in potatoes is caused by a lack of oxygen during storage?,Black heart,Blight,Scab,Wilt,None of these,A,"Black heart is a disorder in potatoes caused by a lack of oxygen during storage, leading to the breakdown of internal tissues."
714,106,Agronomy,What is the primary advantage of using True Potato Seeds (TPS) over traditional tuber planting?,Increased yield,Reduced cost of cultivation,Faster growth,Improved resistance to pests,None of these,B,The primary advantage of using True Potato Seeds (TPS) is the reduced cost of cultivation compared to the traditional method of planting by tubers.
715,107,Agronomy,Which disease of potato is caused by the fungus Synchitrium endobioticum?,Late blight,Wart disease,Black scurf,Scab,None of these,B,Wart disease of potato is caused by the fungus Synchitrium endobioticum as explicitly stated in the source.
716,107,Agronomy,What is the primary cause of 'Hollow heart' in potatoes?,Excessive use of N-fertilizer,Prolonged storage at 0°C,High temperature and poor ventilation,Infection by Aphids,None of these,A,"Hollow heart in potatoes is caused by the excessive use of N-fertilizer, leading to an irregular cavity in the center of tubers."
717,107,Agronomy,Which fungus is responsible for Late blight of potato?,Altenaria solani,Rhizoctonia solani,Streptomyces scabis,Phytophthora infestans,None of these,D,"Late blight of potato is caused by the fungus Phytophthora infestans, which was responsible for the Irish famine in 1845."
718,107,Agronomy,What is the most serious storage disease of potato?,Late blight,Early blight,Charcoal rot,Black scurf,None of these,C,Charcoal rot is identified as the most serious storage disease of potato in the source.
719,107,Agronomy,Which insect infects potato tubers both in the field and during storage?,Aphids,Potato tuber moth,Whiteflies,Thrips,None of these,B,The potato tuber moth (Gnorimoschema operculella) is the insect that infects potato tubers both in the field and during storage.
720,107,Agronomy,Why is KCl not used in solanaceae crops?,It causes hollow heart,It attracts pests,Chloride has adverse effect on dry matter and starch content,It promotes fungal growth,None of these,C,KCl is not used in solanaceae crops because chloride has an adverse effect on the dry matter and starch content of potato.
721,107,Agronomy,Which chemical is used as a dormancy breaker in potatoes?,1% Thiourea with 1 ppm of GA₃,3% Boric acid,KCl,N-fertilizer,None of these,A,1% Thiourea with 1 ppm of GA₃ is used as a dormancy breaker in potatoes for 10 minutes.
722,108,Agronomy,Which type of groundnut variety is known to be dormant and requires a resting period for germination?,Bunch type,Spreading type,Semi-spreading type,Erect type,None of these,B,The spreading type of groundnut is dormant and requires a resting period of 2-2.5 months for germination.
723,108,Agronomy,Which country leads in the production of groundnut?,India,Nigeria,China,Brazil,None of these,C,"China leads in the production of groundnut, followed by India and Nigeria."
724,108,Agronomy,What is the process called where the ovary becomes a stalk-like structure and enters the soil to form pods?,Pollination,Germination,Pegging,Fertilization,None of these,C,Pegging is the process where the ovary becomes a stalk-like structure known as a gonophore and enters the soil to form pods.
725,108,Agronomy,Which state in India has the highest productivity of groundnut?,Andhra Pradesh,Gujarat,Tamil Nadu,Maharashtra,None of these,C,Tamil Nadu has the highest productivity of groundnut in India.
726,108,Agronomy,What is the ideal soil type for groundnut cultivation?,Clay soil,Sandy loam soil,Silt soil,Peat soil,None of these,B,"Light texture, sandy loam soil is excellent for groundnut cultivation."
727,108,Agronomy,Which variety of groundnut is classified under the bunch type?,Chandra,TMV-1,Jyoti,RS-1,None of these,C,Jyoti is a variety of groundnut classified under the bunch type.
728,108,Agronomy,What is the seed rate for spreading type groundnut per hectare?,80-100 kg/ha,60-80 kg/ha,50-70 kg/ha,90-110 kg/ha,None of these,B,The seed rate for spreading type groundnut is 60-80 kg/ha.
729,109,Agronomy,Which chemical is used for floral initiation in groundnut?,NAA @ 40 PPM,Tok E-25,Imezathapyr,Gypsum,None of these,A,NAA @ 40 PPM is specifically mentioned in the source as the chemical used for floral initiation in groundnut.
730,109,Agronomy,What is the primary cause of bitterness in groundnut kernels?,High moisture content,Aflatoxin,Iron deficiency,Virus infection,None of these,B,"The source states that bitterness of groundnut kernels is due to Aflatoxin, a fungal toxin."
731,109,Agronomy,Which herbicide is used for early post-emergence in groundnut?,Tok E-25,Imezathapyr,NAA @ 40 PPM,Gypsum,None of these,B,The source specifies that Imezathapyr is the herbicide used for early post-emergence in groundnut.
732,109,Agronomy,What is the shelling percentage of groundnut?,45%,70%,26%,7.3%,None of these,B,The source clearly states that the shelling percentage of groundnut is 70%.
733,109,Agronomy,Which pest is a major threat to groundnut crops?,Aphids,Thrips,White grub,Virus,None of these,C,The source identifies the white grub as the major pest of groundnut.
734,109,Agronomy,What is the primary cause of yellowing of groundnut leaves?,Calcium deficiency,Iron deficiency,High moisture content,Virus infection,None of these,B,The source states that the yellowing of groundnut leaves is due to iron deficiency.
735,109,Agronomy,What is the optimal moisture level for storing groundnut kernels to manage Aflatoxin contamination?,5%,8%,10%,12%,None of these,B,The source specifies that the optimal moisture level for storing groundnut kernels to manage Aflatoxin contamination is 8%.
736,110,Agronomy,Which country is the origin of Soybean?,China,India,USA,Brazil,None of these,A,Soybean originated in China. This is a historical fact about the crop's origin.
737,110,Agronomy,Which state in India has the highest productivity of Soybean?,Madhya Pradesh,Maharashtra,Rajasthan,Andhra Pradesh,None of these,D,"Andhra Pradesh has the highest productivity of Soybean, with more than 40 q/ha."
738,110,Agronomy,What is the family of Soybean?,Poaceae,Solanaceae,Leguminaceae,Brassicaceae,None of these,C,"Soybean belongs to the family Leguminaceae, which is a family of flowering plants commonly known as the legume, pea, or bean family."
739,110,Agronomy,Which type of plant is Soybean?,"C4, long day plant","C3, short day plant","C4, short day plant","C3, long day plant",None of these,B,"Soybean is classified as a C3 plant and it is a short day plant, meaning it flowers when the days are shorter."
740,110,Agronomy,What is the ideal sowing time for Soybean in India?,1st week of May to 2nd week of June,3rd week of June to 1st fortnight of July,1st week of August to 2nd week of September,3rd week of September to 1st fortnight of October,None of these,B,The ideal sowing time for Soybean in India is from the 3rd week of June to the 1st fortnight of July.
741,110,Agronomy,Which variety of Soybean is NOT introduced from the USA?,Bragg Lee,Kent Clark-63,Blackheart,Ankur Punjab-1,None of these,D,"Ankur Punjab-1 is an Indian variety of Soybean, not introduced from the USA."
742,110,Agronomy,What is the approximate protein content in Soybean?,30%,35%,42%,50%,None of these,C,"Soybean contains approximately 42% protein, which is rich in lysine."
743,111,Agronomy,Which of the following is NOT a major weed mentioned in the text?,Eichinocola colonum,Cyprus rotandus,Sorghum helepense,Avena fatua,None of these,D,"The major weeds mentioned in the text are Eichinocola colonum, Cyprus rotandus, Sorghum helepense, and Trianthema. Avena fatua is not listed."
744,111,Agronomy,Which chemical is recommended for PPI application before sowing?,Alachlor,Metribuzin,Fluchlorin,Imazethapyr,None of these,C,The text specifies that Fluchlorin is recommended for PPI application before sowing at a rate of 1 kg/ha.
745,111,Agronomy,What causes the pungency in mustard?,Glucosinolates,Isothiocyanate,Erucic acid,Enzyme hydrolysis,None of these,B,"Pungency in mustard is due to isothiocyanate, which is an enzyme hydrolysis product of glucosinolates."
746,111,Agronomy,Which variety of mustard is developed using biotechnology through somatic hybridization?,Kranti Varuna (T-59),Rohini Pusa bold,Pusa jai Kisan (Bio-902),NRCHB-506,None of these,C,Pusa jai Kisan (Bio-902) is the first variety of Brassica juncea developed in the world using biotechnology through somatic hybridization.
747,111,Agronomy,What is the upper limit of toxic glucosinolates fixed by the government in mustard cake?,0.1%,0.3%,0.5%,1.0%,None of these,C,The upper limit of toxic glucosinolates in mustard cake is fixed at 0.5% by the government.
748,111,Agronomy,"Which variety of mustard is suitable for late sowing in irrigated areas of MP, UP, and Rajasthan?",Laxmi Vasundara,Ashirwad Basanti,NRCHB-101,Pusa jai Kisan NRC-HB-506,None of these,C,"NRCHB-101 is the variety of mustard suitable for late sowing in irrigated areas of MP, UP, and Rajasthan."
749,111,Agronomy,What characterizes a 'Double zero variety' (Canola) of mustard?,Contains < 3% erucic acid and < 30 µmol/g glucosinolates,Contains < 5% erucic acid and < 40 µmol/g glucosinolates,Contains < 2% erucic acid and < 20 µmol/g glucosinolates,Contains < 4% erucic acid and < 35 µmol/g glucosinolates,None of these,A,A 'Double zero variety' (Canola) of mustard contains less than 3% erucic acid and less than 30 µmol/g glucosinolates.
750,112,Agronomy,Which technology was used to develop the genetically modified mustard variety DMH-11?,CRISPR-Cas9,Barnase/Barstar,RNA interference,Zinc Finger Nucleases,None of these,B,The DMH-11 variety of mustard was developed using the 'barnase/barstar' technology for genetic modification.
751,112,Agronomy,What is the primary benefit of GM Mustard DMH-11 over traditional varieties?,Drought resistance,30% higher yield,Pest resistance,Faster growth rate,None of these,B,GM Mustard DMH-11 yields about 30% more than traditional reference mustard varieties.
752,112,Agronomy,Which disease of mustard is caused by the pathogen Plasmodiophora brassicae?,Alternaria blight,Sclerotinia stem rot,Clubroot,Downy mildew,None of these,C,Clubroot in mustard is caused by the pathogen Plasmodiophora brassicae.
753,112,Agronomy,What is the seed rate for GM Mustard DMH-11?,2 kg/ha,5 kg/ha,10 kg/ha,15 kg/ha,None of these,B,The seed rate for GM Mustard DMH-11 is 5 kg/ha.
754,112,Agronomy,Which insect pest is a major limiting factor in mustard production?,Mustard saw fly,Painted bug,Mustard aphid,Diamond black moth,None of these,C,Mustard aphid (Lipaphis erysami) is a very serious pest and a major limiting factor in mustard production.
755,112,Agronomy,Which family does Sesamum indicum (Til) belong to?,Brassicaceae,Fabaceae,Pedaliaceae,Asteraceae,None of these,C,Sesamum indicum (Til) belongs to the family Pedaliaceae.
756,112,Agronomy,What makes sesame oil very stable and gives it a long shelf life?,High vitamin C content,Antioxidative agents like sesamin and sesamolin,Low moisture content,High protein content,None of these,B,"The antioxidative agents such as sesamin, sesamolin, and sesamol make sesame oil very stable and give it a long shelf life."
757,114,Agronomy,Which family does Linseed (*Linum usitatissimum*) belong to?,Linaceae,Euphorbiaceae,Fabaceae,Poaceae,None of these,A,Linseed (*Linum usitatissimum*) belongs to the family Linaceae as stated in the source.
758,114,Agronomy,What is the primary use of Linseed oil?,Cooking oil,Source of Omega-3-fatty acid,Biofuel,Perfume production,None of these,B,"Linseed oil is primarily used as a chief source of Omega-3-fatty acid, which is beneficial for heart patients."
759,114,Agronomy,Which state in India is the major producer of Linseed?,Madhya Pradesh,Uttar Pradesh,Bihar,West Bengal,None of these,A,"Madhya Pradesh is the major growing state for Linseed in India, followed by Uttar Pradesh."
760,114,Agronomy,What is the seed rate for Linseed when grown as a Rabi season crop?,10 kg/ha,20 kg/ha,30-35 kg/ha,40 kg/ha,None of these,C,The seed rate for Linseed when grown as a Rabi season crop is 30-35 kg/ha.
761,114,Agronomy,Which alkaloid is found in Castor (*Ricinus communis*)?,Caffeine,Nicotine,Ricinine,Morphine,None of these,C,Ricinine is the alkaloid found in Castor (*Ricinus communis*).
762,114,Agronomy,What is the primary use of Castor oil?,Cooking oil,Lubricant in high-speed engines,Biofuel,Perfume production,None of these,B,Castor oil is primarily used as a lubricant in high-speed engines and aeroplanes.
763,114,Agronomy,Which state in India stands first in both area and production of Castor?,Madhya Pradesh,Uttar Pradesh,Gujarat,Bihar,None of these,C,Gujarat stands first in both area and production of Castor in India.
764,115,Agronomy,Which of the following pests are the most serious for the castor crop?,Castor semi-looper and capsule-borer,Aphids and whiteflies,Cutworms and armyworms,Thrips and mites,None of these,A,The castor semi-looper and the capsule-borer are specifically mentioned as the two most serious pests of castor in the source.
765,115,Agronomy,What is the recommended method for managing pests in castor crops?,Dusting quinolphos 1.5 % @ 20 kg/ha in early stages,Applying neem oil,Using biological control agents,Spraying water,None of these,A,The source specifies that dusting quinolphos 1.5 % @ 20 kg/ha in early stages is an effective method for controlling pests in castor crops.
766,115,Agronomy,Which disease is more likely to occur in waterlogged soil for castor crops?,Seedling blight,Powdery mildew,Rust,Leaf spot,None of these,A,The source states that seedling blight has a higher incidence in waterlogged soil.
767,115,Agronomy,Which oilseed has the highest percentage of linoleic acid?,Sunflower,Safflower,Groundnut,Soybean,None of these,B,The source mentions that safflower has the highest PUFA (linoleic acid) at 78.50% among oilseeds.
768,115,Agronomy,What is the origin of the sunflower (Helianthus annuus)?,Mexico,India,Afghanistan,Ethiopia,None of these,A,The source specifies that the origin of the sunflower is Mexico.
769,115,Agronomy,Which family does the safflower (Carthamus tinctorius) belong to?,Compositae,Fabaceae,Poaceae,Solanaceae,None of these,A,The source states that safflower belongs to the family Compositae.
770,115,Agronomy,What is the seed rate and spacing for sunflower cultivation?,8-10 kg/ha at spacing of 60x20 cm²,10-12 kg/ha at spacing of 45x30 cm²,5-7 kg/ha at spacing of 30x15 cm²,15-20 kg/ha at spacing of 45x45 cm²,None of these,A,The source specifies that the seed rate for sunflower is 8-10 kg/ha at a spacing of 60x20 cm².
771,116,Agronomy,What is the primary use of cumin seeds in various cultures?,Extraction of vegetable oil,Used as a flavoring agent in cuisines,Used as a primary ingredient in bread,Used for making beverages only,None of these,B,"Cumin seeds are used in the cuisines of many different cultures, in both whole and ground form, as mentioned in the source."
772,116,Agronomy,Which country is the main producer and consumer of cumin?,China,India,United States,Brazil,None of these,B,"The source states that India is the main producer and consumer of cumin, producing 70% of the world supply and consuming 90% of that."
773,116,Agronomy,What is the recommended seed rate for cumin per hectare?,5-10 kilograms,12-15 kilograms,20-25 kilograms,30-35 kilograms,None of these,B,The source specifies that the seed rate for cumin is 12-15 kilograms per hectare.
774,116,Agronomy,Which of the following is an important weed in cumin fields?,Amaranthus viridis,Zeeri (Plantago pumile),Chenopodium album,Portulaca oleracea,None of these,B,"The source mentions that Zeeri (Plantago pumile) is an important weed in cumin fields, having morphological similarity with the cumin plant."
775,116,Agronomy,What is the recommended sowing depth for cumin seeds?,0.5-1 cm,1-2 cm,3-4 cm,5-6 cm,None of these,B,The source states that the recommended sowing depth for cumin seeds is 1-2 cm.
776,116,Agronomy,Which of the following cultivars of cumin is good for western Rajasthan and Gujarat?,RZ-19,RZ-209,GC-4,RS-1,None of these,C,The source mentions that GC-4 is a new cultivar of cumin that is good for western Rajasthan and Gujarat.
777,116,Agronomy,What is the primary method of managing weeds in cumin fields?,Chemical weeding,Mechanical weeding,Hand weeding,Biological control,None of these,C,"The source states that hand weeding is done in cumin fields to avoid contamination of seeds, as the weed Zeeri is distinguishable only at the flowering stage."
778,117,Agronomy,Which disease causes yield losses up to 80% in cumin and is both soil- and seed-borne?,Cumin blight,Powdery mildew,Wilt,Rust,None of these,C,"Wilt (Fusarium oxysporum f. sp. cumini) is the most important disease in cumin, causing yield losses up to 80% and is both soil- and seed-borne."
779,117,Agronomy,What is the primary symptom of Cumin blight?,Yellowing of leaves,Dark brown spots on leaves and stems,White powdery substance on leaves,Wilting of the entire plant,None of these,B,Cumin blight (Alternaria burnsii) appears in the form of dark brown spots on leaves and stems.
780,117,Agronomy,Which management practice is recommended for controlling Powdery mildew in cumin?,Spraying with bavistin,Dusting with Sulphur dust,Using neem oil,Applying organic compost,None of these,B,"To control Powdery mildew, the crop should be dusted with Sulphur dust @ 25 kg/ha as soon as the symptoms are noticed."
781,117,Agronomy,What is the primary effect of aphids on cumin plants?,They cause dark brown spots on leaves,They suck the sap of the plant from tender parts and flowers,They cause wilting of the entire plant,They create a white powdery substance on leaves,None of these,B,"Aphids (Myzus persicae) suck the sap of the plant from tender parts and flowers, leading to yellowing of the plant and reduced seed formation."
782,117,Agronomy,Which state in India is the highest producer of coriander seeds?,Madhya Pradesh,Uttar Pradesh,Rajasthan,Gujarat,None of these,C,"In India, the highest coriander seed production state is Rajasthan."
783,117,Agronomy,What is the primary management practice for controlling Fusarium wilt in cumin?,Spraying with mencozeb,Dusting with Sulphur dust,Seed treatment with bavistin,Using neem oil,None of these,C,Management of Fusarium wilt includes seed treatment with bavistin @ 2g/kg of seed and spraying bavistin 0.2%.
784,117,Agronomy,Which pest frequently attacks cumin and feeds on young leaves?,Aphids,Mites,Whiteflies,Thrips,None of these,B,"Mites (Petrobia latens) frequently attack cumin and mostly feed on young leaves, causing severe infestation on young inflorescences."
785,118,Agronomy,What is the primary cause of the odour and taste in coriander seeds?,Essential oil content,High moisture content,Presence of alkaloids,Soil nutrients,None of these,A,"The odour and taste in coriander seeds are due to the essential oil content, which varies from 0.1 to 1.0% in the dry seeds."
786,118,Agronomy,Which season is ideal for growing coriander to achieve higher grain yield?,Kharif season,Zaid season,Rabi season,Throughout the year,None of these,C,"For higher grain yield, coriander has to be grown in the Rabi season."
787,118,Agronomy,What is the recommended seed rate for irrigated coriander cultivation?,5-7 kg/ha,10-12 kg/ha,15-18 kg/ha,20-25 kg/ha,None of these,B,The recommended seed rate for irrigated coriander cultivation is 10-12 kg/ha.
788,118,Agronomy,Which chemical is recommended for controlling aphids in coriander?,Carbendazim,Methyl demeton,Wettable sulphur,Neem seed kernel extract,None of these,B,Aphids in coriander can be controlled by spraying Methyl demeton 20 EC @ 2 ml/lit.
789,118,Agronomy,What is the primary use of fenugreek?,As a fruit,As a vegetable and pulse,As a root crop,As a cereal,None of these,B,Fenugreek is used as a vegetable as well as a pulse. The leaves and young pods are used as vegetables and the seed as condiments.
790,118,Agronomy,Which state holds the first position in fenugreek production?,Punjab,Haryana,Rajasthan,Uttar Pradesh,None of these,C,Rajasthan state holds the first position in fenugreek production.
791,118,Agronomy,What is the recommended treatment for controlling powdery mildew in fenugreek?,Spraying carbendazim,Dusting sulphur,Applying neem seed kernel extract,Using wettable sulphur,None of these,B,Powdery mildew in fenugreek can be controlled by dusting sulphur at 25 kg/ha.
792,119,Agronomy,Which state in India has the highest production of fennel?,Rajasthan,Gujarat,Punjab,Haryana,None of these,A,"Rajasthan has the highest production of fennel, as explicitly stated in the source."
793,119,Agronomy,What is the seed rate for direct sowing of fennel per hectare?,9-12 kg/ha,3-4 kg/ha,15-20 kg/ha,40-45 kg/ha,None of these,A,"The seed rate for direct sowing of fennel is 9-12 kg/ha, as mentioned in the source."
794,119,Agronomy,Which chemical is used for managing aphids in fennel crops?,Dimethoate,Malathion,Carbaryl,Chlorpyrifos,None of these,A,Dimethoate is used for managing aphids in fennel crops at a concentration of 2ml/litre of water.
795,119,Agronomy,What is the gum content percentage in Guar?,30-33%,25-30%,35-40%,20-25%,None of these,A,"The gum content percentage in Guar is 30-33%, as specified in the source."
796,119,Agronomy,Which of the following grasses is also known as Elephant grass?,Napier grass,Anjan grass,Sewan grass,Dhaman grass,None of these,A,"Napier grass is also known as Elephant grass, as mentioned in the source."
797,119,Agronomy,What is the ideal storage moisture percentage for hay?,15-18%,20-25%,10-15%,25-30%,None of these,A,"The ideal storage moisture percentage for hay is 15-18%, as stated in the source."
798,119,Agronomy,Which crop is most suitable for making silage?,Maize,Wheat,Rice,Barley,None of these,A,"Maize is the most suitable crop for making silage, as explicitly mentioned in the source."
799,120,Agronomy,Tea (Camellia spp.) belongs to which botanical family?,Theaceae,Rosaceae,Solanaceae,Fabaceae,None of these,A,The source lists the family of tea as Theaceae (also noted as Camaliaceae).
800,120,Agronomy,Which Indian region holds the top position in tea production?,Darjeeling (West Bengal),Nilgiri hills (Tamil Nadu),Assam,Kangra (Himachal Pradesh),None of these,C,"The source states that within India, Assam has the first position in tea production."
801,120,Agronomy,What is considered the best method of plucking tea leaves?,One leaf and a bud,Two leaves and a bud,Three leaves and a bud,Whole shoot,None of these,B,The source specifies that the best plucking method is two leaves and a bud.
802,120,Agronomy,Which weed is identified as an important problem in tea cultivation?,Parthenium hysterophorus,Cyperus rotundus,Imperata cylindrica,Echinochloa crus-galli,None of these,C,Imperata cylindrica (thatch grass) is mentioned as an important weed of tea.
803,120,Agronomy,Why are sodic soils unsuitable for tobacco cultivation?,They cause excessive nitrate uptake,Plants absorb high chloride ions leading to poor burning quality,They lower soil pH below 4,They increase soil organic matter excessively,None of these,B,"The source notes that sodic soils cause tobacco to absorb chloride ions, resulting in poor burning quality."
804,120,Agronomy,"In tobacco plants, nicotine is primarily synthesized in which part?",Leaves,Roots,Stems,Flowers,None of these,B,Nicotine is produced mainly in the roots and then transported to the leaves.
805,120,Agronomy,Which cultivated tobacco species has the higher nicotine content?,Nicotiana tabacum (0.5‑5.5%),Nicotiana rustica (3.5‑8.0%),Both have identical ranges,Neither contains nicotine,None of these,B,"Nicotiana rustica contains 3.5‑8.0% nicotine, which is higher than the 0.5‑5.5% range in N. tabacum."
806,121,Agronomy,What is the main purpose of topping in tobacco cultivation?,Increase flower production,Improve leaf size and quality,Reduce leaf number,Accelerate plant maturity,None of these,B,"Topping removes flower heads to divert energy and nutrients to the leaves, thereby improving their size and quality."
807,121,Agronomy,After how many days post‑topping are auxiliary buds typically removed during de‑suckering?,3 days,5 days,7 days,10 days,None of these,C,De‑suckering is performed after about 7 days of topping when auxiliary buds have started to grow.
808,121,Agronomy,How many priming cycles are generally required for the entire harvest of cigarette and wrapper tobacco?,2–3,3–4,5–6,7–8,None of these,C,The entire harvest needs 5–6 priming cycles to remove matured leaves.
809,121,Agronomy,Which of the following best describes the purpose of curing in tobacco processing?,Add moisture to leaves,"Remove moisture to develop colour, texture and aroma",Increase leaf size,Reduce leaf number,None of these,B,"Curing is a drying process that removes most leaf moisture to impart the required colour, texture and aroma."
810,121,Agronomy,Buck wheat belongs to which plant family?,Poaceae,Polygonaceae,Solanaceae,Asteraceae,None of these,B,Buck wheat (Phagopyrum esculentum) is classified under the family Polygonaceae.
811,121,Agronomy,The fruit of buck wheat is classified as a?,Berry,Achene,Pome,Drupe,None of these,B,"The fruit of buck wheat is an achene, a small dry fruit."
812,121,Agronomy,Which alkaloid is present in the leaves and flowers of buck wheat?,Nicotine,Rutin,Caffeine,Theobromine,None of these,B,Leaves and flowers of buck wheat contain the alkaloid rutin.
813,122,Agronomy,Which of the following crops is an example of an arable crop?,Potato,Cabbage,Lobia,Berseem,None of these,A,"Arable crops require preparatory tillage, and potato is listed as an example of such a crop."
814,122,Agronomy,What is the primary purpose of alley crops?,To hasten soil fertility restoration,To provide grazing for livestock,To cover the soil and reduce erosion,To earn hard cash,None of these,A,"Alley crops are grown mainly to hasten soil fertility restoration, enhance soil productivity, and reduce soil erosion."
815,122,Agronomy,Which crop is an example of a cash crop?,Jute,Cabbage,Lobia,Berseem,None of these,A,"Cash crops are grown for sale to earn hard cash, and jute is listed as an example of a cash crop."
816,122,Agronomy,What is the main characteristic of catch crops?,They are of very short duration and quick growing,They are grown for grazing livestock,They require preparatory tillage,They are grown along farm roads,None of these,A,"Catch crops are of very short duration, quick growing, and can be harvested early or used at any time."
817,122,Agronomy,Which family do cole crops belong to?,Cruciferae,Leguminosae,Solanaceae,Poaceae,None of these,A,Cole crops belong to the family Cruciferae and are capable of withstanding considerable frost.
818,122,Agronomy,What is the primary benefit of complementary crops?,Each crop benefits from intercropping,They are grown for sale to earn hard cash,They provide a large canopy and quick growing ability,They are grown to cover the soil and reduce erosion,None of these,A,"In complementary cropping, each crop benefits from intercropping, such as Jowar receiving nitrogen from Lobia."
819,122,Agronomy,Which of the following is an example of a restorative crop?,Legumes,Cabbage,Potato,Jute,None of these,A,"Restorative crops provide a good harvest along with enrichment or restoration of soil, and legumes are listed as an example."
820,123,Agronomy,Which farming practice involves growing a second crop between the rows of a main crop that is about to be harvested?,Inter cropping,Relay cropping,Mixed cropping,Sequence cropping,None of these,B,Relay cropping specifically involves growing a second crop between the rows of the main crop which is ready to harvest shortly.
821,123,Agronomy,What is the primary purpose of trap crops or decoy crops?,To improve soil fertility,To attract insect pests and soil-borne harmful biotic agents,To provide additional harvest,To reduce soil erosion,None of these,B,"Trap crops or decoy crops are grown to attract insect pests and soil-borne harmful biotic agents, such as parasitic weeds."
822,123,Agronomy,Which of the following is an example of a parasitic weed trapped by solanaceae plants?,Amaranthus,Orobanche,Cuscuta,Striga,None of these,B,Orobanche is mentioned as an example of a parasitic weed that is trapped by solanaceae plants.
823,123,Agronomy,What does mixed farming include?,Only crop production,"Crop production, livestock, poultry, fisheries, and beekeeping",Only livestock and crop production,Only fisheries and beekeeping,None of these,B,"Mixed farming is a system that includes crop production, livestock, poultry, fisheries, and beekeeping to satisfy many needs of the farmer."
824,123,Agronomy,Which farming practice refers to growing only one crop on a piece of land year after year?,Crop rotation,Mono cropping,Multiple cropping,Mixed cropping,None of these,B,Mono cropping or mono culture refers to the practice of growing only one crop on a piece of land year after year.
825,123,Agronomy,What is the practice of taking a second crop from the previous one called?,Inter cropping,Ratooning,Sequence cropping,Relay cropping,None of these,B,"Ratooning is the practice of taking a second crop from the previous one, such as ratoon sugarcane."
826,123,Agronomy,Which of the following is NOT a type of multiple cropping?,Inter cropping,Mixed cropping,Sequence cropping,Mono cropping,None of these,D,"Multiple cropping includes inter cropping, mixed cropping, and sequence cropping, but not mono cropping."
827,124,Agronomy,Who coined the term 'weed'?,Jethro Tull,Gregor Mendel,Norman Borlaug,Charles Darwin,None of these,A,Jethro Tull is credited with coining the term 'weed' as mentioned in the source.
828,124,Agronomy,Which organization was established in 1989 and later promoted to Directorate of Weed Science Research in 2009?,NRC for Weed Science,Indian Society of Weed Science,Directorate of Weed Research,Indian Journal of Weed Science,None of these,A,The NRC for Weed Science was established in 1989 and later promoted to Directorate of Weed Science Research in 2009.
829,124,Agronomy,What is the order of pesticide consumption in India?,Insecticides > Fungicides > Herbicides,Herbicides > Insecticides > Fungicides,Fungicides > Herbicides > Insecticides,Insecticides > Herbicides > Fungicides,None of these,A,"In India, the order of pesticide consumption is Insecticides followed by Fungicides and then Herbicides."
830,124,Agronomy,Which weed acts as an alternative host for the stem borer of rice?,Echinochloa spp.,Chenopodium album,Amaranthus spp.,Lantana camara,None of these,A,Echinochloa spp. is the weed that acts as an alternative host for the stem borer of rice.
831,124,Agronomy,"What percentage of the world's worst weed species are accounted for by the families Poaceae, Asteraceae, and Cyperaceae?",33%,26%,44%,20%,None of these,C,"The families Poaceae, Asteraceae, and Cyperaceae account for 44% of the world's worst weed species."
832,124,Agronomy,Which country has the highest consumption of herbicides per hectare in the world?,India,USA,China,Japan,None of these,D,Japan has the highest consumption of herbicides per hectare in the world.
833,124,Agronomy,Which weed is an alternative host for the tobacco streak virus causing groundnut stem necrosis?,Echinochloa spp.,Chenopodium album,Parthenium hysterophorus,Avena fatua,None of these,C,Parthenium hysterophorus is the weed that acts as an alternative host for the tobacco streak virus causing groundnut stem necrosis.
834,125,Agronomy,Which weed is associated with the ergot disease of Bajra (pearl millet)?,Cenchrus ciliaris,Leersia oryzoides,Abutilon spp.,Wild mustard (Sinapis arvensis),None of these,A,Cenchrus ciliaris is specifically linked to the ergot disease of Bajra (pearl millet) as mentioned in the table provided.
835,125,Agronomy,Which weed produces the highest number of seeds per plant?,Conyza bonariensi,Amaranthus spp.,Lambsquarter (Chenopodium spp.),Cuscuta spp,None of these,A,"Conyza bonariensi produces the highest number of seeds per plant, which is 226,753 seeds."
836,125,Agronomy,What is the primary cause of innate/inherent dormancy in weed seeds?,Genetic factors and chemical inhibitors in seed coat,Environmental factors,Deep placement of seeds,Unfavorable conditions,None of these,A,Innate/inherent dormancy is primarily caused by genetic factors and chemical inhibitors present in the seed coat.
837,125,Agronomy,"Which weed exhibits all three types of dormancy: innate, induced, and enforced?",Wild oat (Avena fatua),Conyza bonariensi,Amaranthus spp.,Phalaris minor,None of these,A,"Wild oat (Avena fatua) is reported to exhibit all three types of dormancy: innate, induced, and enforced."
838,125,Agronomy,What is the popular proverb related to weed seeding?,One year seeding is seven year weeding,A stitch in time saves nine,Early to bed and early to rise,Birds of a feather flock together,None of these,A,The popular proverb related to weed seeding is 'One year seeding is seven year weeding.'
839,125,Agronomy,Which weed is associated with bacterial leaf blight of rice?,Leersia oryzoides,Cenchrus ciliaris,Abutilon spp.,Wild mustard (Sinapis arvensis),None of these,A,Leersia oryzoides is associated with bacterial leaf blight of rice as mentioned in the table provided.
840,125,Agronomy,What is the primary purpose of weed seed withdrawal?,Removal of weed seeds from soil,Increasing weed seed longevity,Promoting weed growth,Enhancing seed dormancy,None of these,A,"The primary purpose of weed seed withdrawal is the removal of weed seeds from the soil through various means such as germination, mortality caused by different agents, and decay."
841,126,Agronomy,Which weed is responsible for causing Dropsy (Blindness) in humans?,Argemone mexicana,Parthenium hysterophorus,Sorghum halepense,Amaranthus spp.,None of these,A,"Argemone mexicana is known to cause Dropsy, which can lead to blindness in humans."
842,126,Agronomy,What type of poisoning in animals is caused by pigweed (Amaranthus spp.)?,Prussic acid poisoning,Oxalate poisoning,Dhurin poisoning,HCN poisoning,None of these,B,Pigweed (Amaranthus spp.) is responsible for oxalate poisoning in animals.
843,126,Agronomy,Which dispersal mechanism involves the modification of the calyx into hairs for seed dispersal?,Comose,Pappus,Balloon,Hydrochory,None of these,B,"Pappus involves a parachute-like modification of the calyx into hairs for seed dispersal, as seen in Tridax procumbens."
844,126,Agronomy,What is the term for the dispersal of weed seeds by ants?,Autochory,Zoochory,Myrmecochory,Anthropochory,None of these,C,Myrmecochory is the term for the dispersal of weed seeds by ants.
845,126,Agronomy,Which weed causes dermal allergies in humans?,Sorghum halepense,Parthenium hysterophorus,Amaranthus spp.,Argemone mexicana,None of these,B,Carrot grass (Parthenium hysterophorus) is responsible for causing dermal allergies in humans.
846,126,Agronomy,What is the main cause of biological invasion among the dispersal mechanisms?,Autochory,Zoochory,Anthropochory,Hydrochory,None of these,C,"Anthropochory, or human-mediated dispersal, is the main cause of biological invasion."
847,126,Agronomy,Which mechanism involves the dispersal of seeds by adhesion to the outside of animals?,Endozoochory,Epizoochory,Autochory,Myrmecochory,None of these,B,Epizoochory involves the dispersal of seeds by adhesion to the outside of animals.
848,127,Agronomy,Which of the following weeds completes its life cycle during the monsoon season?,Amaranthus viridis,Argemone maxicana,Cichorium intybus,Melilotus indicus,None of these,A,"Amaranthus viridis, also known as Chaulai or Pigweed, is classified as a monsoon/Kharif weed, which means it germinates and completes its life cycle during the monsoon season."
849,127,Agronomy,Which crop is most affected by the weed 'Wild oat'?,Maize,Barley,Bajra,Mustard,None of these,B,Wild oat (Avena fatua) is a winter/Rabi weed that primarily affects crops like barley and wheat.
850,127,Agronomy,What is the scientific name of the weed commonly known as 'Bathua'?,Chenopodium album,Cichorium intybus,Anagalis arvensis,Chenopodium murale,None of these,A,The scientific name of the weed commonly known as 'Bathua' or common lambsquarter is Chenopodium album.
851,127,Agronomy,Which of the following weeds is associated with non-cropped areas?,Trianthema spp.,Phyllanthus niruri,Partheneum hysterophorus,Tribulus terestris,None of these,C,Congress grass (Partheneum hysterophorus) is a weed commonly found in non-cropped areas.
852,127,Agronomy,Which weed is known to affect lucerne crops?,Cuscuta spp.,Melilotus albus,Avena fatua,Chenopodium murale,None of these,A,Dodder or amar bel (Cuscuta spp.) is a weed that affects lucerne crops.
853,127,Agronomy,Which of the following is NOT a Kharif weed?,Echinochloa colona,Cyperus irria,Melilotus indicus,Trianthema spp.,None of these,C,"Melilotus indicus, also known as Senji or yellow sweet clover, is a winter/Rabi weed, not a Kharif weed."
854,127,Agronomy,Which weed is commonly known as 'Stone breaker'?,Phyllanthus niruri,Tribulus terestris,Echinochloa crusgalli,Portulaca spp.,None of these,A,The weed commonly known as 'Stone breaker' or Hajardana has the scientific name Phyllanthus niruri.
855,128,Agronomy,Which weed is also known as 'Gehusa/gulli danda/gehu ka mama'?,Phalaris minor,Orobanche cernua,Asphodelus tunifolius,Euphorbia spp,None of these,A,"'Gehusa/gulli danda/gehu ka mama' is a common name for Phalaris minor, which is a weed associated with wheat."
856,128,Agronomy,Which of the following is an example of a summer weed?,Ageratum conyzoides,Daucus carota,Cynodon dactylon,Carduus nutans,None of these,A,Ageratum conyzoides is an example of a summer weed that grows during hot months.
857,128,Agronomy,Which weed is classified as an ephemeral?,Phyllanthus niruri,Datura sp,Launaea procumbens,Cichorium intybus,None of these,A,"Phyllanthus niruri is classified as an ephemeral weed, which completes its life cycle within 2-4 weeks."
858,128,Agronomy,Which of the following is a biennial weed?,Wild carrot (Daucus carota),Cynodon dactylon,Cyperus rotundus,Eichhornia crassipes,None of these,A,Wild carrot (Daucus carota) is an example of a biennial weed that completes its life cycle in two years.
859,128,Agronomy,"Which weed is known as 'Bermuda grass, Doob'?",Cynodon dactylon,Cenchrus ciliaris,Convolvulus arvensis,Parthenium hysterophorus,None of these,A,"'Bermuda grass, Doob' is the common name for Cynodon dactylon, a perennial weed."
860,128,Agronomy,Which of the following is a deep-rooted perennial weed?,Cyperus rotundus,Agropyron repens,Ambrosia sp,Cenchrus ciliaris,None of these,A,"Cyperus rotundus is an example of a deep-rooted perennial weed, with roots extending 1.0 m or more."
861,128,Agronomy,Which weed is associated with aquatic environments?,Eichhornia crassipes,Lantana camara,Parthenium hysterophorus,Convolvulus arvensis,None of these,A,"Eichhornia crassipes, also known as Water hyacinth/Jal kumbhi, is a weed associated with aquatic environments."
862,129,Agronomy,Which weed is classified as a facultative weed?,Phalaris minor,Echinochloa spp.,Lantana camara,Ipomoea triloba,None of these,C,Lantana camara is classified as a facultative weed because it grows in non-cropped areas such as wastelands and roadsides.
863,129,Agronomy,Which part of the plant is responsible for the propagation of Sorghum halepense?,Stolons,Tubers,Rhizomes,Bulbs,None of these,C,"Sorghum halepense is propagated by rhizomes, which are underground stems."
864,129,Agronomy,Which of the following weeds is an example of an alien weed introduced from North America?,Eichhornia crassipes,Parthenium hysterophorus,Phalaris minor,Conyza bonariensis,None of these,D,Conyza bonariensis is an alien weed introduced from North America.
865,129,Agronomy,Which weed is associated with cropped land?,Calotropis gigantean,Amaranthus spp.,Tribulus terrestris,Datura metal,None of these,B,"Amaranthus spp. is an obligate weed that occurs in cropped land, specifically in kharif crops."
866,129,Agronomy,Which weed is propagated by bulbs?,Cynodon dactylon,Allium canadense,Cyperus spp.,Cuscuta spp.,None of these,B,"Allium canadense (wild garlic or Canada onion) is propagated by bulbs, which are underground swollen leaf bases or scales."
867,129,Agronomy,Which of the following is a xerophytic weed?,Pluchea spp.,Phalaris minor,Echinochloa spp.,Ipomoea triloba,None of these,A,"Pluchea spp. is classified as a xerophytic weed, which means it is adapted to grow in desert conditions."
868,129,Agronomy,Which weed is propagated by creeping roots?,Sorghum halepense,Convolvulus arvensis,Cynodon dactylon,Cyperus spp.,None of these,B,"Convolvulus arvensis is propagated by creeping roots, which allow it to spread and establish new plants."
869,130,Agronomy,Which of the following weeds is native to Tropical America?,Lantana camara,Xanthium strumarium,Cynodon dactylon,Digitaria sanguinalis,None of these,A,Lantana camara is native to Tropical America as per the given table.
870,130,Agronomy,Which weed is classified as a native weed?,Echinochloa colona,Lantana camara,Salvinia molesta,Argemone mexicana,None of these,A,Echinochloa colona is listed as an example of a native weed.
871,130,Agronomy,Which of the following is a monocot weed?,Chenopodium album,Amaranthus spp,Cynodon dactylon,Datura,None of these,C,Cynodon dactylon is listed as an example of a monocot weed.
872,130,Agronomy,Which aquatic weed is known as the most troublesome?,Salvinia molesta,Pistia sp.,Eichhornia crassipes,Azolla pinnata,None of these,C,Eichhornia crassipes (water hyacinth) is mentioned as the most troublesome aquatic weed.
873,130,Agronomy,Which weed is native to Brazil?,Argemone mexicana,Salvinia molesta,Lantana camara,Xanthium strumarium,None of these,B,Salvinia molesta is native to Brazil as per the given table.
874,130,Agronomy,Which of the following is an example of a submerged weed?,Typha spp.,Ipomoea sp.,Potamogeton spp.,Pontederia cordata,None of these,C,Potamogeton spp. is listed as an example of a submerged weed.
875,130,Agronomy,"Which weed is susceptible to 2,4-D application?",Sorghum helpense,Cyprus rotandus,Phalaris minor,Echinochloa colona,None of these,B,"Cyprus rotandus is a sedge, which is mentioned as being susceptible to 2,4-D application."
876,131,Agronomy,Which type of parasite weed lacks chlorophyll and derives all its food from the host plant?,Total stem parasite,Semi stem parasite,Total root parasite,Semi root parasite,None of these,A,Total or holo stem parasites like Dodder (Cuscuta spp.) lack chlorophyll and derive all their food from the host plant.
877,131,Agronomy,Which of the following is a host plant for the semi stem parasite Loranthus?,Mango,Tomato,Potato,Mustard,None of these,A,"Loranthus, a semi stem parasite, commonly affects host plants like Mango, Tea, and Teak."
878,131,Agronomy,Which weed is classified as a total root parasite?,Dodder,Broomrape,Witch weed,Loranthus,None of these,B,Broomrape (Orobanche spp.) is a total root parasite that attaches to the roots of host plants for nutrition.
879,131,Agronomy,Which of the following is a C₄ weed?,Phalaris minor,Chenopodium album,Cynodon dactylon,Convolvulus arvensis,None of these,C,Cynodon dactylon is classified as a C₄ weed based on its photosynthetic pathway.
880,131,Agronomy,Which type of weed is Argemone mexicana?,Relative weed,Volunteer plant,Absolute weed,Rogue weed,None of these,C,"Argemone mexicana is classified as an absolute weed, which means it is always a weed and has no economic importance."
881,131,Agronomy,Which of the following is an example of a CAM weed?,Ageratum conyzoids,Echhornia crassipe,Portulaca oleracea,Phalaris minor,None of these,A,Ageratum conyzoids is classified as a CAM weed based on its photosynthetic pathway.
882,131,Agronomy,Which weed is considered a relative weed?,Cyprus spp.,Barley in wheat,Argemone mexicana,Dodder,None of these,B,"Relative weeds are undesirable crop plants in the main crop field, such as barley in wheat."
883,132,Agronomy,Which of the following is an example of an objectionable weed in mustard crops?,Wild oat,Satyanashi,Dodder,Wild onion,None of these,B,"Satyanashi, also known as Argemone maxicana, is specifically mentioned as an objectionable weed for mustard crops in the provided data."
884,132,Agronomy,What is the primary characteristic of mimicry weeds?,They are difficult to control,They mature at the same time as the main crop,They are morphologically similar to the main crop,They produce seeds that are difficult to separate,None of these,C,"Mimicry weeds are defined as weeds that are morphologically similar to the main crop, making them difficult to distinguish."
885,132,Agronomy,Which herbicide is known as the first selective organic herbicide used in the world?,Sodium arsenate,"2, 4-Dichlorophenoxyacetic acid (2, 4-D)",Copper sulphate,Sodium nitrate,None of these,B,"2, 4-Dichlorophenoxyacetic acid (2, 4-D) is historically recognized as the first selective organic herbicide used globally."
886,132,Agronomy,"What is the term for weeds that mature at the same time and height as the main crop, making seed separation difficult?",Objectionable weeds,Noxious weeds,Mimicry weeds,Satellite weeds,None of these,D,"Satellite weeds are defined as those that mature at the same time and height as the main crop, making seed separation difficult."
887,132,Agronomy,Which of the following is NOT an example of a noxious weed?,Cyprus spp.,Cuscuta,Phalaris minor,Eichornia,None of these,C,Phalaris minor is not listed as a noxious weed; it is mentioned as a mimicry weed in wheat.
888,132,Agronomy,"In which year was 2, 4-D first tested as a herbicide in India?",1944,1946,1948,1968,None of these,B,"2, 4-D was first tested as a herbicide in India in the year 1946."
889,132,Agronomy,What is the process of removing off-type plants from the main crop called?,Weeding,Roguing,Pruning,Thinning,None of these,B,Roguing is the process of removing off-type plants from the main crop to maintain crop purity.
890,133,Agronomy,Which regulatory body in India manages the use of herbicides and insecticides?,Central Insecticide Board and Registration Committee (CIBRC),Ministry of Agriculture and Farmers Welfare,Indian Council of Agricultural Research (ICAR),National Bureau of Plant Genetic Resources (NBPGR),None of these,A,The Central Insecticide Board and Registration Committee (CIBRC) is the specific regulatory body in India responsible for managing the use of herbicides and insecticides.
891,133,Agronomy,Which of the following crops in India see the maximum use of herbicides?,"Rice, wheat, and plantation crops","Maize, sorghum, and millets","Barley, oats, and rye","Soybean, groundnut, and sunflower",None of these,A,"Rice, wheat, and plantation crops are the major crops where herbicides are most extensively used in India."
892,133,Agronomy,Which state in India uses the highest amount of herbicides?,Punjab,Maharashtra,Bihar,Tamil Nadu,None of these,A,"Punjab is the state where the highest amount of herbicides are used, followed by Andhra Pradesh and Uttar Pradesh."
893,133,Agronomy,Which herbicide group inhibits the process of photosynthesis at PS-II?,Amides Chloro acetamides,Bipyridyliums,Dinitroanilines,Phenyl ureas,None of these,D,Phenyl ureas is the herbicide group that inhibits the process of photosynthesis at PS-II.
894,133,Agronomy,Which of the following herbicides is classified under the chemical group Bipyridyliums?,Paraquat,Atrazine,Fluchloralin,Glyphosate,None of these,A,"Paraquat is classified under the chemical group Bipyridyliums, which act by photosystem-1-electron diversion."
895,133,Agronomy,What is the primary function of the herbicide group Sulfonylureas?,Inhibition of ALS (Acetolactate synthase),Inhibition of cell division,Inhibition of auxin synthesis,Inhibition of lipid synthesis,None of these,A,The primary function of the herbicide group Sulfonylureas is the inhibition of ALS (Acetolactate synthase).
896,133,Agronomy,Which herbicide is an example of Pre-plant incorporation (PPI)?,Fluchloralin,Glyphosate,Atrazine,Paraquat,None of these,A,"Fluchloralin is an example of a herbicide used in Pre-plant incorporation (PPI), applied before sowing of a crop."
897,134,Agronomy,Which herbicide is an example of a pre-emergence herbicide?,Pendimethalin,"2, 4-D",Glyphosate,Paraquat,None of these,A,"Pendimethalin is listed as an example of a pre-emergence herbicide, which is applied before the emergence of the crop."
898,134,Agronomy,What type of herbicide kills any species of plant irrespective of weeds and crop?,Selective herbicide,Non-selective herbicide,Narrow spectrum herbicide,Broad spectrum herbicide,None of these,B,Non-selective herbicides are designed to kill any species of plant and are typically used in non-cropped areas.
899,134,Agronomy,Which herbicide is an example of a broad-spectrum herbicide?,"2, 4-D",Metsulfuron-methyl,Atrazine,Paraquat,None of these,C,"Atrazine is listed as an example of a broad-spectrum herbicide, which controls a wide range of weeds."
900,134,Agronomy,Which category of herbicides is applied to the foliage of plants?,Soil applied herbicides,Pre-emergence herbicides,Foliage applied herbicides,Pre-plant incorporation herbicides,None of these,C,Foliage applied herbicides are specifically applied to the foliage of plants or non-cropped weeds.
901,134,Agronomy,Which herbicide is known for having both soil and foliage activity?,Glyphosate,Atrazine,Paraquat,Pendimethalin,None of these,B,Atrazine is mentioned as a herbicide that has both soil and foliage activity.
902,134,Agronomy,Which herbicide is an example of a non-residual herbicide?,Atrazine,Metribuzin,Paraquat,Alachlor,None of these,C,"Paraquat is listed as an example of a non-residual herbicide, which is easily degraded after application."
903,134,Agronomy,What is the primary characteristic of a narrow-spectrum herbicide?,Kills a wide range of weeds,Kills only broad-leaved weeds and sedges,Kills any species of plant,Applied to soil,None of these,B,Narrow-spectrum herbicides control particular groups of weeds and do not typically control all weeds of a particular group.
904,135,Agronomy,Which herbicide has the longest duration of weed control?,"2, 4-D",Triazines,Fenec,Methyl-bromide,None of these,C,"Fenec has the longest duration of weed control, lasting more than 2 years."
905,135,Agronomy,Which of the following is an example of a temporary soil sterilant?,Triazines,Phenyl ureas,Methyl-bromide,Glyphosate,None of these,C,"Methyl-bromide is an example of a temporary soil sterilant, which sterilizes the soil for a relatively short period, usually 15-16 weeks."
906,135,Agronomy,Which type of herbicide kills plants primarily by contact with the plant tissue?,Systemic herbicides,Translocated herbicides,Contact herbicides,Permanent soil sterilants,None of these,C,Contact herbicides kill plants primarily by contact with the plant tissue and have less mobility within the plant.
907,135,Agronomy,Which of the following is an example of a systemic herbicide?,Paraquat,Diquat,Atrazine,Oxyflurfen,None of these,C,"Atrazine is an example of a systemic herbicide, which moves within the plant from the point of treatment to other parts."
908,135,Agronomy,Which bio-agent is used for controlling Lantana camara?,Dactylopius tomentus,Crocidosema lantana,Teranychus desertum,Cactoblastis cactrum,None of these,B,Crocidosema lantana is an insect bio-agent used for controlling the weed Lantana camara.
909,135,Agronomy,Which weed is controlled by the bio-agent Zygograma bicolorata?,Opuntia dellini,Eichhornia crassipes,Parthenium hysterophorus,Salvinia molesta,None of these,C,Zygograma bicolorata is an insect bio-agent used for controlling the weed Parthenium hysterophorus.
910,135,Agronomy,What are mycoherbicides?,Chemical compounds used to kill weeds,Insects used to control weeds,Pathogens cultured artificially and made available in sprayable formulations,Fertilizers used to promote plant growth,None of these,C,"Mycoherbicides are pathogens that are cultured artificially and made available in sprayable formulations, similar to chemical herbicides."
911,136,Agronomy,Which mycoherbicide was the first to be developed and what was its target weed?,"De Vine, Strangler-vine in citrus","Collego, Jointvetch in rice","Biomol, Malva pusila","Lubao2, Cuscuta",None of these,A,"De Vine was the first mycoherbicide developed in 1981, targeting the strangler-vine in citrus."
912,136,Agronomy,Which herbicide is effective for controlling grasses in nursery-stage rice?,Anilofos,Bispyribac-Na,"2,4-D",Azimsufuron,None of these,A,Anilofos is used in rice nurseries at a dose of 300-450 g/ha for controlling grasses.
913,136,Agronomy,What type of resistance is characterized by a weed biotype being resistant to two or more herbicides due to a single resistance mechanism?,Cross resistance,Multiple resistance,Herbicide tolerance,Selective resistance,None of these,A,Cross resistance occurs when a weed biotype is resistant to multiple herbicides due to a single resistance mechanism.
914,136,Agronomy,Which herbicide is used for broad spectrum weed control in direct seeded upland rice?,Benthiocarb,Pyrazosulfuron,Bispyribac-Na,Fenoxaprop-ethyl,None of these,C,Bispyribac-Na is used for broad spectrum weed control in direct seeded upland rice at a dose of 25 g/ha.
915,136,Agronomy,What is the target weed for the mycoherbicide Lubao2?,Strangler-vine,Jointvetch,Malva pusila,Cuscuta,None of these,D,Lubao2 targets the weed Cuscuta.
916,136,Agronomy,Which herbicide is applied at the 3-4 leaf stage in transplanted rice?,Pendimethalin,Propanil,Nitrofen,"2,4-D",None of these,B,Propanil is applied at the 3-4 leaf stage in transplanted rice at a dose of 0.84 kg/ha.
917,136,Agronomy,What was the first reported case of herbicide resistance in India?,Rice crop in Punjab,Wheat crop in Haryana,Sugarcane crop in Maharashtra,Cotton crop in Gujarat,None of these,B,"The first reported case of herbicide resistance in India was in the wheat crop in Haryana, where some biotypes of Phalaris minor were found resistant to Isoproturon."
918,137,Agronomy,Which herbicide is used for broad spectrum control of weeds in wheat?,Sulfosulfuron,Isoproturon,Clodinafop-propargyl,Carfentrazone,None of these,A,Sulfosulfuron is specifically mentioned for broad spectrum control of weeds in wheat.
919,137,Agronomy,What is the application rate of Atrazine for maize/bajra/sorghum?,0.5-0.75 kg/ha,1.0 kg/ha,0.50 kg/ha,25 g/ha,None of these,A,The table specifies that Atrazine is applied at a rate of 0.5-0.75 kg/ha for maize/bajra/sorghum.
920,137,Agronomy,Which herbicide is used for controlling wild oat and Phalaris minor in wheat?,Fenoxaflop ethyl,Pinaxaden,Metsufuron methyl,"2,4-D",None of these,A,Fenoxaflop ethyl is mentioned for controlling wild oat and Phalaris minor in wheat.
921,137,Agronomy,What is the application timing for Pendimethalin in pulses?,PE,POE (15-20 DAS),PPI,POE (30-35 DAS),None of these,A,The table indicates that Pendimethalin is applied at PE (Pre-Emergence) in pulses.
922,137,Agronomy,Which herbicide is used for controlling grasses in groundnut and other oil seeds?,Fluchloralin,Metribuzine,Pendimethalin,All of the above,None of these,D,"Fluchloralin, Metribuzine, and Pendimethalin are all listed for controlling grasses in groundnut and other oil seeds."
923,137,Agronomy,What is the application rate of Alachlor in soyabean?,1.0 kg/ha,1.5 kg/ha,0.5 kg/ha,0.75 kg/ha,None of these,B,The table specifies that Alachlor is applied at a rate of 1.5 kg/ha in soyabean.
924,137,Agronomy,Which herbicide is used for controlling BLW in wheat?,Carfentrazone,Metsufuron methyl,"2,4-D",All of the above,None of these,D,"Carfentrazone, Metsufuron methyl, and 2,4-D are all mentioned for controlling BLW (Broad Leaf Weeds) in wheat."
925,138,Agronomy,"Which herbicide is most commonly used for weed control in maize, sorghum, and pearl millet?",Atrazine,Simazine,Glyphosate,Pendimethalin,None of these,A,"Atrazine is the most commonly used herbicide for weed control in maize, sorghum, and pearl millet because Simazine has been withdrawn from use in India."
926,138,Agronomy,What does the abbreviation 'POE' stand for in the context of herbicide application?,Post emergence,Pre plant incorporation,Pre emergence,Post plant incorporation,None of these,A,"POE stands for Post emergence, which refers to the application of herbicides after the weeds have emerged."
927,138,Agronomy,Which herbicide is used for controlling all types of weeds in sugarcane?,Glyphosate,Atrazine,"2,4-D",Metribuzine,None of these,A,Glyphosate is used for controlling all types of weeds in sugarcane as indicated in the table.
928,138,Agronomy,What is the recommended dose of Imazethapyr for effective weed control?,75-100 g/ha,40-50 g/ha,1.0 kg/ha,0.5-0.75 kg/ha,None of these,A,The recommended dose of Imazethapyr for effective weed control is 75-100 g/ha as specified in the table.
929,138,Agronomy,Which herbicide is specifically mentioned for use in onion and garlic?,Oxyfluorfen,Pendimethalin,Butachlor,Fluchloralin,None of these,A,Oxyfluorfen is specifically mentioned for use in onion and garlic as indicated in the table.
930,138,Agronomy,What type of herbicide movement is associated with the xylem?,Apoplastic,Symplastic,Both Apoplastic and Symplastic,Neither Apoplastic nor Symplastic,None of these,A,"Apoplastic herbicide movement is associated with the xylem, which is a non-living tissue."
931,138,Agronomy,Which herbicide is used for controlling grasses and some broadleaf weeds in almost all vegetables?,Fluchloralin,Pendimethalin,Glyphosate,Atrazine,None of these,A,Fluchloralin is used for controlling grasses and some broadleaf weeds in almost all vegetables as indicated in the table.
932,139,Agronomy,Which herbicide is applied as a pre‑plant incorporation?,Fluchloralin (Basalin),Alachlor (Lasso),Glyphosate (Round up),Paraquat (Sweep),None of these,A,The table lists Fluchloralin (trade name Basalin) with the application timing 'Pre plant incorporation'.
933,139,Agronomy,Glufosinate herbicide inhibits which enzyme?,Acetyl‑CoA carboxylase,Glutamine synthetase,EPSP synthase,Photosystem II,None of these,B,The source states the site of action of glufosinate is inhibition of glutamine synthetase.
934,139,Agronomy,Which herbicide listed is classified as non‑selective?,Atrazine,Pendimethalin,Paraquat,Imazethapyr,None of these,C,"Paraquat (trade names Sweep, Gramoxone) is described as a non‑selective herbicide."
935,139,Agronomy,The selectivity of triazine herbicides is attributed to which enzyme?,Cytochrome P450,Glutathione S‑transferase,Rubisco,Nitrate reductase,None of these,B,The source notes that triazine selectivity is due to Glutathione S‑transferase.
936,139,Agronomy,"Which compound is recognized as the first organic herbicide, introduced in 1932?","DNOC (4,6‑dinitro‑ortho‑cresol)",Metasulfuron‑methy,Glyphosate,Nitrofen,None of these,A,"DNOC, developed in 1932, is identified as the first organic herbicide."
937,139,Agronomy,Water hyacinth can accumulate which heavy metal?,Lead,Zinc,Iron,Sodium,None of these,A,"The source mentions water hyacinth accumulates heavy metals including lead, cadmium and mercury."
938,139,Agronomy,Metasulfuron‑methy is considered a good substitute for which herbicide?,Glyphosate,"2,4‑D",Atrazine,Paraquat,None of these,B,"Metasulfuron‑methy is described as an exclusive broad‑leaved killer and a good substitute of 2,4‑D."
939,140,Agronomy,Which herbicide is known to be systematic/translocate and non-selective?,Glyphosate,Paraquat,Diquat,"2,4-D sodium salt",None of these,A,"Glyphosate is a systematic/translocate and non-selective herbicide, meaning it moves through the plant's system and affects a wide range of plants."
940,140,Agronomy,What is the primary cause of drift hazard in adjoining pulse crops?,Glyphosate,Paraquat,"2,4-D",Imazethapyr,None of these,C,"Drift hazard in adjoining pulse crops is due to the spray of 2,4-D, a herbicide that can volatilize and move to non-target areas."
941,140,Agronomy,Which crop is most sensitive to triazines?,Wheat,Oat,Sorghum,Mustard,None of these,B,"Oat is most sensitive to triazines, a class of herbicides that can cause significant damage to oat crops."
942,140,Agronomy,What is the term for the phenomenon where one plant has a detrimental effect on another through chemical compounds?,Suicidal germination,Allelopathy,Stale seed bed,Blind hoeing,None of these,B,Allelopathy is the phenomenon where one plant produces chemical compounds that have a detrimental effect on another plant.
943,140,Agronomy,Which herbicide is used to control Striga?,Glyphosate,Paraquat,"2,4-D sodium salt",Imazethapyr,None of these,C,"2,4-D sodium salt is used to control Striga, a parasitic weed that can cause significant yield losses in crops."
944,140,Agronomy,What is the term for the technique where weeds are allowed to germinate and then killed before sowing?,Suicidal germination,Allelopathy,Stale seed bed,Blind hoeing,None of these,C,Stale seed bed is the technique where weeds are allowed to germinate by applying pre-sowing irrigation and then killed before sowing.
945,140,Agronomy,Which herbicide is safe for wheat when used in a wheat + mustard/gram intercropping system?,Glyphosate,Paraquat,Isoproturon,Imazethapyr,None of these,C,"Isoproturon is a promising herbicide for wheat + mustard/gram intercropping systems, as it is safe for wheat and effective against weeds."
946,141,Agronomy,What is the measurement of one Angstrom?,10^-10 m,10^-8 m,10^-6 m,10^-4 m,None of these,A,"One Angstrom is defined as one ten-millionth of a meter, which is equivalent to 10^-10 m."
947,141,Agronomy,Which fertilizer has the highest nitrogen percentage?,Ammonium sulphate,Ammonium chloride,Urea,Anhydrous ammonia,None of these,D,Anhydrous ammonia has the highest nitrogen percentage (82%) among all nitrogen fertilizers.
948,141,Agronomy,What is the primary characteristic of acid sulphate soil?,High pH,Presence of sulphuric acid,Low moisture content,High organic matter,None of these,B,Acid sulphate soil is characterized by the formation of sulphuric acid through the oxidation of S-bearing ferrous pyrite minerals.
949,141,Agronomy,Which of the following is an example of an aquatic fern that fixes atmospheric nitrogen?,Azolla,Anabaena,Feldspar,Quartz,None of these,A,Azolla is an aquatic fern that fixes atmospheric nitrogen in symbiotic association with Anabaena azollae.
950,141,Agronomy,What is the primary use of the A-value in soil science?,Measuring soil pH,Assessing available P and S in soils,Determining soil moisture content,Calculating soil temperature,None of these,B,The A-value is used for the assessment of available phosphorus (P) and sulphur (S) in soils.
951,141,Agronomy,Which of the following is NOT an acid-forming fertilizer?,Ammonium sulphate,Ammonium chloride,Superphosphate,Urea,None of these,C,"Superphosphate is not listed as an acid-forming fertilizer, unlike ammonium sulphate, ammonium chloride, and urea."
952,141,Agronomy,"What is the primary force that binds molecules of different kinds, such as soil and water?",Cohesion,Adhesion,Gravity,Capillary action,None of these,B,"Adhesion is the force of attraction that binds molecules of different kinds, such as soil and water."
953,142,Agronomy,What is the primary purpose of blind cultivation?,To control weeds before crop emergence,To apply pesticides to the soil,To enhance microbial activity,To improve soil texture,None of these,A,"Blind cultivation is specifically practiced to control weeds before the crop emerges, particularly in crops like potato and sugarcane."
954,142,Agronomy,"Which chemical element is known to have a biostatic effect on the pesticide 2, 4-D?",Boron,Nitrogen,Phosphorus,Potassium,None of these,A,"Boron is known to have a biostatic effect, which reduces the microbial decomposition of the pesticide 2, 4-D."
955,142,Agronomy,What is the base temperature for wheat?,4 °C,10 °C,0 °C,15 °C,None of these,A,"The base temperature for wheat, below which there is no growth, is 4 °C."
956,142,Agronomy,What is the definition of agronomic efficiency?,Unit of crop produced per unit input (nutrient) added,Total crop yield per hectare,Amount of pesticide used per unit area,Water usage efficiency per crop,None of these,A,Agronomic efficiency is defined as the unit of crop produced per unit input of nutrient added.
957,142,Agronomy,What is the primary characteristic of argillation?,Migration of clay particles from upper to lower soil horizons,Increase in soil pH,Decrease in soil fertility,Enhancement of soil microbial activity,None of these,A,"Argillation is characterized by the migration of dispersed clay particles from upper to lower soil horizons, resulting in a textural horizon."
958,142,Agronomy,What does the Baule unit measure?,Amount of a nutrient associated with 50% of the maximum possible yield,Total crop yield per unit area,Amount of water needed per crop,Amount of pesticide required per hectare,None of these,A,The Baule unit measures the amount of a nutrient associated with 50% of the maximum possible yield.
959,142,Agronomy,What is the ceiling leaf area index?,Leaf area index at which mutual shading of leaves in a canopy is complete and net photosynthesis is zero,Maximum leaf area per plant,Leaf area required for optimal growth,Leaf area index at which photosynthesis is maximized,None of these,A,"The ceiling leaf area index is the point at which mutual shading of leaves in a canopy is complete and net photosynthesis is zero, meaning gross photosynthesis equals the respiration losses of the whole crop."
960,143,Agronomy,Who introduced the concept of cardinal temperature?,Sachs,Darwin,Mendel,Linnaeus,None of these,A,The concept of cardinal temperature was introduced by Sachs in 1860.
961,143,Agronomy,What is the optimum temperature range for cool season cereals?,0-15 °C,25-30 °C,31-37 °C,44-50 °C,None of these,B,The optimum temperature range for cool season cereals is 25-30 °C.
962,143,Agronomy,Which condition is associated with nitrate toxicity and causes grayish-blue skin in infants?,Epinasty,Ecesis,Methaemoglobinaemia,Ephemerals,None of these,C,"Methaemoglobinaemia is a condition associated with nitrate toxicity, causing grayish-blue skin in infants, known as blue baby syndrome."
963,143,Agronomy,What is the weight of a furrow slice over one hectare?,1.25 x 10⁶ kg/ha,2.25 x 10⁶ kg/ha,3.25 x 10⁶ kg/ha,4.25 x 10⁶ kg/ha,None of these,B,The weight of a furrow slice over one hectare is 2.25 x 10⁶ kg/ha.
964,143,Agronomy,What does epinasty refer to in plants?,Increased growth on the lower surface of a plant organ,Increased growth on the upper surface of a plant organ causing it to bend downwards,Adjustment of an organism to a new habitat,Plants completing their life cycle within 2-4 weeks,None of these,B,"Epinasty refers to increased growth on the upper surface of a plant organ, causing it to bend downwards."
965,143,Agronomy,What is the maximum temperature range for warm season cereals?,15-18 °C,25-30 °C,31-37 °C,44-50 °C,None of these,D,The maximum temperature range for warm season cereals is 44-50 °C.
966,143,Agronomy,What does one micron equal to?,One thousandth of a meter,One millionth of a meter,One billionth of a meter,One trillionth of a meter,None of these,B,One micron is equal to one millionth of a meter.
967,144,Agronomy,What is the conversion factor for nanometers to millimeters?,10⁻⁶,10⁻⁹,10⁻³,10⁻¹²,None of these,A,"The conversion factor for nanometers to millimeters is 10⁻⁶, as stated in the source."
968,144,Agronomy,"Which instrument is used to measure leaf temperature, transpiration, and stomatal resistance?",Porometer,Hygrometer,Thermometer,Anemometer,None of these,A,"A porometer is the instrument used to measure leaf temperature, transpiration, and stomatal resistance."
969,144,Agronomy,"At physiological maturity, what is the approximate moisture percentage of grains?",20%,15%,25%,10%,None of these,A,"At physiological maturity, the moisture percentage of grains is about 20%."
970,144,Agronomy,What is the primary cause of 'popping' in groundnut pods?,Ca deficiency,N deficiency,P deficiency,K deficiency,None of these,A,"Popping in groundnut pods, where the pod is without kernel or unfilled, is primarily caused by Ca deficiency."
971,144,Agronomy,What is the light compensation point for rice crop at 27 °C?,1400 ft. candles,1200 ft. candles,1000 ft. candles,1600 ft. candles,None of these,A,The light compensation point for rice crop at 27 °C is 1400 ft. candles.
972,144,Agronomy,Which type of plants have a higher light saturation point?,C₄ plants,C₃ plants,CAM plants,Algae,None of these,A,C₄ plants have a higher light saturation point compared to C₃ plants.
973,144,Agronomy,What is the term for the first irrigation of crops?,Kor watering,Primary irrigation,Initial watering,First flush,None of these,A,The first irrigation of crops is known as kor watering.
974,145,Agronomy,What does the selectivity ratio measure in agriculture?,The ratio of maximum dose tolerated by the crop to the minimum dose required to kill weeds,The ratio of minimum dose tolerated by the crop to the maximum dose required to kill weeds,The ratio of water needed by a crop to produce 1 kg of dry matter,The ratio of light intensity required for maximum photosynthesis,None of these,A,The selectivity ratio is specifically defined as the ratio of the maximum dose tolerated by the crop to the minimum dose required to kill weeds.
975,145,Agronomy,At what fraction of full sunlight do most crops reach light saturation point?,1/2,1/3,1/5,1/4,None of these,C,"Most crops reach the light saturation point at 1/5th of full sunlight, as stated in the source."
976,145,Agronomy,What is the formula for the Sodium Absorption Ratio (SAR)?,SAR = Na⁺ / (Ca⁺² + Mg⁺² / 2),SAR = Na⁺ / (Ca⁺² - Mg⁺²),SAR = (Na⁺ + Ca⁺²) / Mg⁺²,SAR = (Ca⁺² + Mg⁺²) / Na⁺,None of these,A,The formula for the Sodium Absorption Ratio (SAR) is given as SAR = Na⁺ / (Ca⁺² + Mg⁺² / 2).
977,145,Agronomy,What SAR value is considered harmful to crops?,5,10,13,20,None of these,B,Water containing a SAR value greater than 10 is harmful to crops.
978,145,Agronomy,Who gave the concept of thermoperiodism?,Darwin,Gardner,Mendel,Einstein,None of these,B,The concept of thermoperiodism was given by Gardner.
979,145,Agronomy,What does the transpiration ratio measure?,Amount of water transpired by a crop to produce 1 kg of dry matter,Amount of light required for maximum photosynthesis,Amount of water needed by a crop to produce 1 kg of dry matter,Amount of fertilizer needed by a crop to produce 1 kg of dry matter,None of these,A,The transpiration ratio measures the amount of water transpired by a crop to produce 1 kg of dry matter.
980,145,Agronomy,What is the optimal moisture range for VAPSA/Vetier condition?,0 to 10%,10 to 25%,25 to 50%,50 to 75%,None of these,C,The VAPSA/Vetier condition refers to the optimal moisture range of 25 to 50% moisture depletion for carrying out agricultural operations efficiently.
981,146,Soil Science,Which soil type is characterized by the presence of canker nodules?,Red soils,Black soils,Alluvial soils,Laterite soils,None of these,A,"Canker nodules are predominantly found in red soils, which is a distinctive feature of this soil type."
982,146,Soil Science,What is the process called when sesquioxides are leached out of the soil?,Podzolization,Pedoturbation,Calcification,Salinization,None of these,A,"Podzolization is the process where sesquioxides are moved out of the soil, typically observed in podzolic soils."
983,146,Soil Science,Which soil horizon is typically absent in arable soils?,O horizon,A horizon,B horizon,C horizon,None of these,A,"The O horizon, which is rich in organic matter, is usually absent in arable soils due to frequent tilling and cultivation."
984,146,Soil Science,What is the particle density of most soils?,2.65 g/cc,1.33 g/cc,1.50 g/cc,2.00 g/cc,None of these,A,"The particle density of most soils is approximately 2.65 g/cc, which is a standard value used in soil science."
985,146,Soil Science,Which mineral is a 2:1 expanding type?,Montmorillonite,Kaolinite,Vermiculite,Chlorite,None of these,A,"Montmorillonite is a type of clay mineral that has a 2:1 expanding structure, which means it can swell by absorbing water."
986,146,Soil Science,Which soil order is characterized by recently developed soils with no diagnostic horizons?,Entisols,Inceptisols,Mollisols,Ultisols,None of these,A,"Entisols are recently formed soils that lack diagnostic horizons, often found in areas with recent geological activity."
987,146,Soil Science,Which hormone is responsible for apical bud dominance?,Auxin,Gibberellin,Cytokinin,Abscisic acid,None of these,A,"Auxin is the plant hormone responsible for apical bud dominance, which inhibits the growth of lateral buds."
988,147,Soil Science,Which crops absorb nitrogen in ammonical form directly?,Paddy & potato,Wheat & maize,Sunflower & soybean,Cotton & sugarcane,None of these,A,"Paddy and potato are known to absorb nitrogen directly in the ammonical form, making them unique compared to other crops."
989,147,Soil Science,In which zone of soil should ammonical fertilizers be applied in rice cultivation?,Oxidized zone,Reduced zone,Surface zone,Subsurface zone,None of these,B,Ammonical fertilizers should be applied in the reduced zone of soil for rice cultivation to maximize their effectiveness.
990,147,Soil Science,What is the major source of nitrogen absorption by plants?,Ammonium (NH₄⁺) form,Nitrite (NO₂⁻) form,Nitrate (NO₃⁻) form,Nitrogen gas (N₂) form,None of these,C,"The major source of nitrogen absorption by plants is in the nitrate (NO₃⁻) form, which is readily taken up by plant roots."
991,147,Soil Science,What is the SI unit of pressure?,Newton (N),Joule (J),Pascal (Pa),Watt (W),None of these,C,"The SI unit of pressure is Pascal (Pa), named after the French mathematician and physicist Blaise Pascal."
992,147,Soil Science,Which clay mineral is dominant in red soils?,Montmorillonite,Kaolinite,Illite,Vermiculite,None of these,B,"The dominant clay mineral in red soils is kaolinite, which contributes to their unique properties and color."
993,147,Soil Science,What causes the red color in red soils?,Aluminum oxide,Iron oxide,Calcium carbonate,Silicon dioxide,None of these,B,"The red color in red soils is due to the presence of iron oxide, which gives the soil its distinctive hue."
994,147,Soil Science,Which crop is Azolla widely used as a biofertilizer for?,Wheat,Maize,Rice,Cotton,None of these,C,Azolla is widely used as a biofertilizer in rice crops due to its ability to fix nitrogen and enhance soil fertility.
995,148,Soil Science,Which microorganism is primarily responsible for the decomposition of wood?,Actinomycetes,Fungi,Bacteria,Protozoa,None of these,A,"Actinomycetes are known to be the primary decomposers of wood, breaking down complex organic materials."
996,148,Soil Science,Which gene is responsible for nitrogen fixation?,Nif gene,Fix gene,Nod gene,Rhiz gene,None of these,A,The Nif gene is specifically responsible for the process of nitrogen fixation in certain organisms.
997,148,Soil Science,Which type of soil is most suitable for the majority of crops?,Clay,Silt,Sandy loam,Peat,None of these,C,Sandy loam soils are considered ideal for most crops due to their balanced texture and good drainage properties.
998,148,Soil Science,What does a lowering of the bulk density of soil indicate?,Poor soil structure,Better physical properties,High clay content,Increased compaction,None of these,B,"A lower bulk density indicates better physical properties of soil, such as improved aeration and root penetration."
999,148,Soil Science,Which crop has the highest tolerance to boron?,Wheat,Corn,Sugar beet,Rice,None of these,C,"Sugar beet is known for its high tolerance to boron, making it suitable for soils with higher boron content."
1000,148,Soil Science,What is the desired size of a soil sample for soil testing?,0.1-0.5 kg,0.5-1.0 kg,1.0-1.5 kg,1.5-2.0 kg,None of these,B,The desired size of a soil sample for soil testing is 0.5-1.0 kg to ensure accurate and representative results.
1001,148,Soil Science,Which element is required for seed formation?,Nitrogen,Potassium,Phosphorous,Calcium,None of these,C,Phosphorous is essential for seed formation as it plays a crucial role in the development of seeds and reproductive structures.
1002,149,Soil Science,What term is used for many pedons within a defined limit that forms the basic unit of soil classification?,Soil horizon,Soil series,Soil profile,Pedocal,None of these,B,A soil series groups pedons of similar characteristics and is the fundamental unit in soil classification.
1003,149,Soil Science,Chisel ploughs can break hard soil pans at depths up to approximately:,30-40 cm,45-55 cm,60-70 cm,80-90 cm,None of these,C,The source states chisel ploughs are effective in breaking hard pans even at 60‑70 cm depth.
1004,149,Soil Science,Which implement is primarily used for primary tillage?,Harrow,Plough,Cultivator,Roller,None of these,B,"Ploughs are designated for primary tillage, whereas harrows are for secondary tillage."
1005,149,Soil Science,Which stage accounts for about three‑quarters of wind erosion?,Suspension,Surface creep,Saltation,Deflation,None of these,C,"Saltation contributes roughly 75% of wind erosion, making it the dominant stage."
1006,149,Soil Science,Cabbage becomes highly sensitive to boron toxicity at concentrations lower than:,0.10 ppm,0.33 ppm,1.0 ppm,5.0 ppm,None of these,B,The source specifies that cabbage shows toxicity when boron is below 0.33 ppm.
1007,149,Soil Science,Which of the following is a widely used urease inhibitor in India?,Nitragin,Agrotain (NBPT),Dicyandiamide,Urea,None of these,B,"Agrotain, also known as NBPT, is the most common urease inhibitor commercially available in India."
1008,149,Soil Science,"At pH 6.5 or lower, which phosphate ion is most readily absorbed by plants?",HPO4^2-,PO4^3-,H2PO4^-,H3PO4,None of these,C,H2PO4^- is the phosphate form that plants absorb most efficiently under acidic conditions (pH ≤ 6.5).
1009,150,Soil Science,Foliar spraying is primarily used to apply which of the following?,Large quantity of fertilizers,Micronutrients,Irrigation water,Pesticides,None of these,B,"Foliar spraying delivers nutrients directly to leaves, making it ideal for micronutrients that are needed in small amounts and bypasses soil uptake."
1010,150,Soil Science,"According to the source, organic matter is the major source for which element at 80%?",Nitrogen,Phosphorus,Sulphur,Potassium,None of these,C,"The text states that organic matter supplies 80% of sulphur, making it the major source."
1011,150,Soil Science,"For each unit increase in pH, the concentration of Mn²⁺ and Fe²⁺ decreases by how many times?",10-fold,100-fold,1000-fold,"10,000-fold",None of these,B,The source notes that a unit pH increase reduces Mn²⁺ and Fe²⁺ concentration by 100-fold.
1012,150,Soil Science,The ideal NPK ratio for cereals is:,4:2:1,1:2:1,2:4:1,1:1:1,None of these,A,The ideal NPK ratio for cereals is given as 4:2:1 in the source.
1013,150,Soil Science,The most widely occurring clay mineral in soil is:,Illite,Montmorillonite,Kaolinite,Smectite,None of these,C,Kaolinite is mentioned as the most widely occurring clay mineral in soil.
1014,150,Soil Science,The fertilizer prepared with Rhizobium culture is known as:,Urea,Nitrogin,Phosphate,Compost,None of these,B,"Fertilizer with Rhizobium culture is called Nitrogin, with Nif gene responsible."
1015,150,Soil Science,The pH of peat soil is approximately:,3.9,5.5,7.0,8.5,None of these,A,"Peat soil has a pH of 3.9, making it suitable for paddy cultivation."
1016,151,Soil Science,Which of the following is NOT a secondary clay mineral?,Kaolinite,Montmorillonite,Illite,Halite,None of these,D,"Halite is a primary mineral (salt) and not listed among secondary clay minerals such as kaolinite, montmorillonite and illite."
1017,151,Soil Science,Who is recognized as the father of soil science and pedology?,Charles Darwin,V.V. Dokuchaev,John H. Smith,Carl Linnaeus,None of these,B,V.V. Dokuchaev is historically credited as the founder of modern soil science and pedology.
1018,151,Soil Science,Which rock type is correctly paired with its example?,Igneous – Limestone,Sedimentary – Granite,Metamorphic – Quartz,Igneous – Basalt,None of these,D,"Basalt is a typical igneous rock, whereas the other pairings are incorrect."
1019,151,Soil Science,"According to edaphology, soil is considered:",A source of minerals,A natural habitat for plants,A reservoir of water,A medium for animal burrows,None of these,B,Edaphology defines soil as the natural habitat where plants grow.
1020,151,Soil Science,Which statement about quartz is true as per the source?,It is the chief constituent of the clay fraction,Its chemical formula is S1O2,It is primarily found in the silty fraction,It is a secondary mineral,None of these,B,The source lists quartz (silica) with the formula S1O2.
1021,151,Soil Science,Which metamorphic rock–parent material pairing is correct?,Slate – Shale,Marble – Sandstone,Gneiss – Limestone,Quartz – Granite,None of these,A,"Slate forms from the metamorphism of shale, matching the given pairing."
1022,151,Soil Science,"The Latin word ‘Solum’, meaning floor, gave rise to the English term _____.",Soil,Solvent,Solace,Solar,None of these,A,‘Solum’ is the etymological origin of the word ‘soil’.
1023,152,Soil Science,Which of the following rocks is classified as an acid rock?,Granite,Basalt,Limestone,Sandstone,None of these,A,"Acid rocks contain abundant free silica; granite, an acid rock, has quartz in pure form."
1024,152,Soil Science,What percentage of the Earth's crust is composed of feldspar?,36%,48%,10%,25%,None of these,B,Feldspar minerals constitute about 48% of the Earth's crust.
1025,152,Soil Science,Which mineral is most resistant to weathering according to the source?,White mica,Black mica,Feldspar,Quartz,None of these,A,"White mica (muscovite) is stated to be more resistant to weathering than black mica, feldspar, and other silicates."
1026,152,Soil Science,"According to Joffe, which factor is a passive soil former?",Climate,Organisms,Parent material,Relief/topography,None of these,C,Joffe lists parent material among the passive factors influencing soil formation.
1027,152,Soil Science,Approximately how many years does it take to form one inch of topsoil?,20-100 years,200-1000 years,2-5 years,5000-10000 years,None of these,B,The source states that forming one inch of topsoil requires 200 to 1000 years.
1028,152,Soil Science,Which type of mica is also known as muscovite?,Potash mica,Magnesium mica,Black mica,White mica,None of these,A,"Potash mica, described as white, clear and transparent, is identified as muscovite mica."
1029,152,Soil Science,Weathering of feldspar primarily yields which soil component?,Sand,Clay,Silt,Gravel,None of these,B,Feldspar weathers easily and gives rise to clay through hydrolysis.
1030,153,Soil Science,"According to H. Jenny, which of the following is NOT a soil‑forming factor in the equation s = f(cl, o, r, p, t)?",Climate,Organisms,Relief,pH,None of these,D,"The equation lists climate, organisms, relief, parent material and time; pH is not included."
1031,153,Soil Science,Which soil horizon is usually missing in cultivated (arable) soils?,O horizon,A horizon,B horizon,C horizon,None of these,A,The O horizon is an organic layer typical of virgin forest soils and is absent in arable lands.
1032,153,Soil Science,The A1 sub‑horizon is distinguished mainly by:,Highest concentration of organic matter,Highest accumulation of clay and Fe/Al oxides,Presence of calcium carbonate deposits,Thick layer of parent material fragments,None of these,A,A1 is the uppermost mineral horizon and is rich in organic matter.
1033,153,Soil Science,The E' (or A2') horizon is primarily a zone of:,"Maximum eluviation of clay, Fe and Al oxides",Maximum accumulation of calcium carbonate,Highest biological activity,Thick organic litter accumulation,None of these,A,"E' or A2' represents the horizon where clay, iron and aluminum oxides are leached out."
1034,153,Soil Science,"In arid regions, which mineral is commonly deposited in the B (illuvial) horizon?",Iron oxides,Aluminum oxides,Calcium carbonate,Silica sand,None of these,C,The B horizon in arid zones often accumulates calcium carbonate (CaCO₃) and related salts.
1035,153,Soil Science,The B horizon is also referred to as the:,Illuvial horizon,Eluvial horizon,Organic horizon,Parent material horizon,None of these,A,B horizon is the illuvial layer where materials are accumulated after leaching.
1036,153,Soil Science,Which description best fits the A (eluvial) horizon?,Zone of maximum leaching and nutrient mobilization,Zone of accumulation of salts and oxides,Layer composed mainly of undecomposed organic litter,Transition layer between B and C horizons,None of these,A,The A horizon is the top mineral layer where leaching and nutrient mobilization are most intense.
1037,154,Soil Science,Which soil horizon is described as unconsolidated material underlying the solum and the zone of least weathering?,C horizon,B horizon,A horizon,O horizon,None of these,A,The C horizon is defined as the unconsolidated material beneath the solum and experiences the least weathering.
1038,154,Soil Science,"According to the component percentages given, which component occupies the smallest proportion of soil?",Mineral,Organic matter,Air space,Water,None of these,B,"Organic matter constitutes only 5% of the soil, the lowest among the listed components."
1039,154,Soil Science,"In field conditions, which method is most commonly used to determine soil texture?",Feel method,Pipette method,Hydrometer method,Mechanical analysis,None of these,A,"Soil texture in the field is usually identified by the feel method, which relies on tactile assessment."
1040,154,Soil Science,Which percentage correctly defines a sandy soil as per the text?,>85% sand,>80% sand,>40% sand,>60% sand,None of these,A,A sandy soil is characterized by containing more than 85% sand particles.
1041,154,Soil Science,The international pipette method for mechanical analysis of soil is based on which principle?,Sedimentation,Filtration,Evaporation,Osmosis,None of these,A,The pipette method determines particle size distribution using the principle of sedimentation.
1042,154,Soil Science,Which textural class has the highest pore space among soils?,Sand,Silt,Clay,Loam,None of these,C,"Clay soils possess the greatest pore space compared with sand, silt, or loam."
1043,154,Soil Science,"If a soil sample contains 45% mineral, 5% organic matter, 25% air and 25% water, what is the combined percentage of mineral and organic matter?",50%,55%,60%,70%,None of these,A,Adding mineral (45%) and organic matter (5%) gives a total of 50%.
1044,155,Soil Science,"According to the ISSS classification, which size range defines fine sand?",0.2 - 2.0 mm,0.02 - 0.2 mm,0.02 - 0.002 mm,> 2.0 mm,None of these,B,The ISSS table lists fine sand as particles 0.02–0.2 mm in diameter.
1045,155,Soil Science,Which soil type is described as having high resistance to implements because of cohesion and stickiness?,Light soil,Heavy soil,Loamy soil,Sandy soil,None of these,B,"Heavy soils are noted for cohesion, stickiness, and resistance to the passage of implements."
1046,155,Soil Science,Which crops are most suitable for heavy soils?,"Cotton, rice and sorghum","Groundnut, potato and tobacco","Wheat, barley and maize",All of the above,None of these,A,"The source states heavy soils are suitable for cotton, rice and sorghum."
1047,155,Soil Science,Which of the following is NOT an advantage of loamy soils over sandy soils?,Better water retention,Better drainage,Higher nutrient retention,Higher bulk density,None of these,D,"Loamy soils are praised for water, nutrient retention and drainage; higher bulk density is not mentioned as an advantage."
1048,155,Soil Science,"Which soil textural class is highlighted as best for agricultural production, especially for sandy loam?",Sandy loam,Clay loam,Silty clay,Peaty,None of these,A,The source explicitly mentions sandy loam as the most suitable for agricultural production.
1049,155,Soil Science,What particle size range corresponds to silt in the ISSS classification?,0.2 - 2.0 mm,0.02 - 0.2 mm,0.02 - 0.002 mm,< 0.002 mm,None of these,C,Silt is defined as particles between 0.02 mm and 0.002 mm in diameter.
1050,155,Soil Science,"The terms ""heavy"" and ""light"" soils refer to which property?",Soil colour,Nutrient content,Resistance to passage of implements,pH level,None of these,C,Both terms describe the degree of resistance offered by the soil to the passage of implements.
1051,156,Soil Science,What does the term 'soil structure' refer to?,Arrangement of primary soil particles into aggregates,Chemical composition of the soil,Color variations in the soil profile,Moisture content of the soil,None of these,A,"Soil structure describes how sand, silt, and clay particles group together into aggregates."
1052,156,Soil Science,Natural aggregates of soil particles are called:,Clods,Peds,Granules,Loam,None of these,B,The term 'peds' is used for naturally occurring soil aggregates.
1053,156,Soil Science,Which agronomic practice can modify soil structure?,Irrigation,Ploughing,Harvesting,Seeding,None of these,B,"Mechanical disturbance such as ploughing breaks and reforms aggregates, altering the soil structure."
1054,156,Soil Science,"In the field classification of soil structure, 'grade' indicates:",Size of the peds,Shape of the peds,Degree of distinctness of the peds,Color of the peds,None of these,C,Grade describes how clearly the individual peds can be distinguished from each other.
1055,156,Soil Science,Which type of soil structure has a larger horizontal dimension than vertical?,Prism-like,Columnar,Plate-like,Granular,None of these,C,"Plate-like (or platy) structures are flat, with width exceeding thickness."
1056,156,Soil Science,"When the tops of prism-like structures are flat and level, the structure is termed:",Columnar,Prismatic,Platy,Blocky,None of these,B,"Flat‑topped prism-like aggregates are described as prismatic, whereas rounded tops are columnar."
1057,156,Soil Science,Prism-like soil structures are most commonly found in subsoil horizons of which climatic zones?,Tropical,Temperate,Arid and semi‑arid,Polar,None of these,C,"These vertical, pillar‑shaped aggregates develop frequently in dry (arid and semi‑arid) regions."
1058,157,Soil Science,"Which soil structural type is described as having three dimensions roughly equal and commonly found in subsoil influencing drainage, aeration, and root penetration?",Block like,Granular,Spheroidal,Crumb,None of these,A,"The description matches the block‑like structure, which has three dimensions about the same size and is typical of subsoil affecting drainage, aeration and root penetration."
1059,157,Soil Science,"In the A” horizon, spheroidal aggregates are typically not larger than what diameter?",0.5 cm,1 cm,2 cm,5 cm,None of these,C,Spheroidal aggregates in the A” horizon are rounded pads not more than 2 cm in diameter.
1060,157,Soil Science,"How does spheroidal soil structure affect infiltration, percolation, and aeration when the soil gets wet?",They are greatly reduced,They become more rapid,They are not affected,They become unpredictable,None of these,C,"The spheroidal structure does not alter infiltration, percolation, or aeration even after wetting."
1061,157,Soil Science,Which statement correctly distinguishes granular from crumb structures?,Granular aggregates are more porous than crumb,Granular are relatively less porous while crumb are especially porous,Both have equal porosity,Crumb is found only in subsoil,None of these,B,"Granular aggregates are relatively less porous, whereas crumb aggregates are especially porous, making both favorable for crops."
1062,157,Soil Science,The five size classes of soil structure are based on what characteristic?,Color,Size of peds,Organic matter content,Soil temperature,None of these,B,Classes of soil structure are differentiated into five size classes according to the size of the peds.
1063,157,Soil Science,Which factor does NOT influence the grade of soil structure?,Moisture content,Organic matter,Texture,Soil pH,None of these,D,"Grades are affected by moisture, organic matter and texture, but soil pH is not mentioned as an influencing factor."
1064,157,Soil Science,What does a higher grade of soil structure indicate?,Greater distinctness and durability of peds,Larger aggregate size,Higher mineral content,Increased acidity,None of these,A,"A higher grade reflects more distinct and durable individual peds, indicating better structural stability."
1065,158,Soil Science,Which of the following most directly improves the granulation of soil?,Addition of organic matter,Intensive cultivation,Sodium ion presence,Grasses and legumes,None of these,D,Grasses and legumes develop a network of roots that promote granular soil structure.
1066,158,Soil Science,What is the typical particle density of mineral soils?,1.0 g/cm³,2.66 g/cm³,2.1–2.4 g/cm³,1.1–1.4 g/cm³,None of these,B,Mineral soils have a particle (true) density of about 2.66 g per cubic centimetre.
1067,158,Soil Science,Which ion destroys soil structure by causing deflocculation?,Sodium ion,Calcium ion,Magnesium ion,Potassium ion,None of these,A,"Sodium ions disperse clay particles, leading to deflocculation and loss of structure."
1068,158,Soil Science,Bulk density is obtained by multiplying particle density by which proportion of the soil volume?,Volume of solids fraction,Pore‑space fraction,Moisture‑content fraction,Organic‑matter fraction,None of these,A,Bulk density = particle density × volume of solids; the example uses 0.5 cm³ of solids.
1069,158,Soil Science,Which statement correctly describes bulk density measurement?,It includes the volume of pore spaces,It excludes pore spaces,It is measured with a pycnometer,It equals particle density,None of these,A,Bulk (apparent) density accounts for both solid particles and the pores they enclose.
1070,158,Soil Science,Which agricultural practice most likely damages soil structure?,Tillage at optimum moisture,Adding organic matter,Intensive cultivation,Growing grasses and legumes,None of these,C,Intensive cultivation breaks aggregates and degrades soil structure.
1071,158,Soil Science,How does adding organic matter affect particle density of soil?,Increases it,Decreases it,No change,First increases then decreases,None of these,B,"Organic matter has lower density (1.1–1.4 g/cm³) than mineral particles, lowering overall particle density."
1072,159,Soil Science,Which bulk density range corresponds to fine‑textured (clay) soils?,1.4-1.75 g/cc,1.1-1.4 g/cc,0.5 g/cc,2.0 g/cc,None of these,B,The source states that fine‑textured (clay) soils have a bulk density of 1.1‑1.4 g/cc.
1073,159,Soil Science,What is the effect of adding organic matter on soil thermal conductivity?,It decreases thermal conductivity,It increases thermal conductivity,It has no effect,It first increases then decreases thermal conductivity,None of these,A,"According to the source, addition of organic matter in soil decreases thermal conductivity."
1074,159,Soil Science,How does increasing soil moisture content influence thermal conductivity?,Moisture increase decreases conductivity,Moisture increase increases conductivity,Moisture has no effect on conductivity,"Moisture reduces porosity, leading to higher conductivity",None of these,B,"The source notes that as soil moisture content increases, thermal conductivity also increases."
1075,159,Soil Science,What is the typical redox potential (Eh) range for well‑drained (oxidized) soils?,-250 to -350 mV,+400 to +700 mV,0 to +200 mV,-100 to 0 mV,None of these,B,"Well‑drained, oxidized soils have Eh values between +400 and +700 mV as given in the source."
1076,159,Soil Science,Which condition yields the greatest diurnal variation in soil temperature?,Deep compact soil,Shallow loose soil,Deep loose soil,Shallow compact soil,None of these,B,"The source lists shallow, loose soils as having higher diurnal temperature variation than deep or compact soils."
1077,159,Soil Science,A soil containing 18 % clay is expected to exhibit which property?,Non‑plastic behavior,Plastic behavior,High bulk density,Low thermal conductivity,None of these,B,"Soils with more than 15 % clay show plasticity, so an 18 % clay soil is plastic."
1078,159,Soil Science,Tillage operations generally have what combined effect on bulk density and thermal conductivity?,Increase both bulk density and thermal conductivity,Decrease both bulk density and thermal conductivity,Increase bulk density but decrease thermal conductivity,Decrease bulk density but increase thermal conductivity,None of these,B,The source states that tillage decreases bulk density and also decreases thermal conductivity.
1079,160,Soil Science,Which statement correctly describes the lower plastic limit of soil?,Lowest moisture content at which soil can be deformed without cracking and is the upper limit for tillage operations except rice.,Highest moisture content at which soil ceases to be plastic.,Moisture content at which soil aggregates are destroyed.,Moisture content at which soil can be deformed without cracking and is the lower limit for tillage operations except rice.,None of these,A,"The lower plastic limit is defined as the lowest moisture content where soil can be deformed without cracking, and it serves as the upper limit for tillage operations except in rice cultivation."
1080,160,Soil Science,What does the upper limit or liquid limit of soil represent?,Highest moisture content which destroys soil aggregates.,Lowest moisture content at which soil can be deformed without cracking.,Moisture content at which soil ceases to be plastic.,Moisture content at which soil aggregates are formed.,None of these,C,The liquid limit is the higher moisture content at which soil aggregates are destroyed and the soil ceases to be plastic.
1081,160,Soil Science,Arrange the soil consistency in order of decreasing resistance to mechanical stress.,dry > wet > moist,wet > dry > moist,dry > moist > wet,moist > dry > wet,None of these,C,"Dry soil has the highest resistance, followed by moist soil, and wet soil has the least resistance to mechanical stress."
1082,160,Soil Science,Which crop exhibits the highest oxygen diffusion ratio (ODR) in the given data?,rice,wheat,irrigated pea,maize,None of these,C,"The data shows irrigated pea with an ODR of 39.5 g/cm²/min, the highest among the listed crops."
1083,160,Soil Science,Which crop has the lowest oxygen diffusion ratio (ODR) according to the source?,rice,irrigated pea,wheat,maize,None of these,A,Rice has the lowest ODR of 22.1 x 10⁻⁸ g/cm²/min as stated in the source.
1084,160,Soil Science,"In the Munsell colour chart, which component denotes the purity of colour?",hue,value,chroma,saturation,None of these,C,Chroma in the Munsell system represents the purity or saturation of the colour.
1085,160,Soil Science,Which statement about specific heat of soil and water is correct?,Soil heat gain or loss is five times slower than water.,Soil heat gain or loss is five times quicker than water.,Soil and water have the same specific heat.,Soil heat gain or loss is ten times quicker than water.,None of these,B,"Because soil’s specific heat is 0.2 cal/g compared to water’s 1.0 cal/g, soil heats and cools five times faster than water."
1086,161,Soil Science,Which soil structure is noted for having the greatest porosity?,Crumby and granular (spheroids),Blocky,Platy,Columnar,None of these,A,"Crumby and granular (spheroids) structures possess more pore space than other soil structures, giving them the highest porosity."
1087,161,Soil Science,What is the ideal ratio of micro‑pores to macro‑pores in a well‑structured soil?,1:2,1:1,2:1,3:1,None of these,B,"A balanced soil has equal amounts of micro‑ and macro‑pores, i.e., a 1:1 ratio."
1088,161,Soil Science,Which silicate mineral supplies both magnesium and molybdenum to plants?,Olivine,Dolomite,Biotite,Tourmaline,None of these,A,Olivine is listed as a source of magnesium and also of molybdenum for plant nutrition.
1089,161,Soil Science,"In the descending sequence of weathering resistance, which mineral ranks between muscovite and biotite?",Feldspar,Quartz,Calcite,Muscovite,None of these,A,The sequence is Quartz > Muscovite > Feldspar > Biotite > Calcite; thus feldspar is between muscovite and biotite.
1090,161,Soil Science,Which element constitutes the largest proportion of the Earth's crust?,Oxygen,Silicon,Aluminum,Ferrous (Iron),None of these,A,"Oxygen makes up about 46.6% of the crust, the highest among all listed elements."
1091,161,Soil Science,"In phyllosilicate clay minerals, the sheet dominated by silicon is called:",Tetrahedral,Octahedral,Hexagonal,Pentagonal,None of these,A,The silicon‑rich sheet is termed tetrahedral because Si⁴⁺ is coordinated by four oxygen ions.
1092,161,Soil Science,Which silicate mineral is a recognized source of boron for plants?,Tourmaline,Olivine,Biotite,Pyrolusite,None of these,A,"Tourmaline, a boron‑alumina silicate, is identified as a plant‑available source of boron."
1093,162,Soil Science,Which silicate clay type has one tetrahedral and one octahedral sheet?,1:1 type,2:1 type,2:2 type,2:1:1 type,None of these,A,1:1 type minerals contain one tetrahedral and one octahedral sheet.
1094,162,Soil Science,Which mineral is an example of a 2:1 type silicate clay?,Kaolinite,Montmorillonite,Chlorite,Mica,None of these,B,Montmorillonite is listed as a 2:1 type mineral.
1095,162,Soil Science,Which group of silicate clays is non‑expanding due to two magnesium‑dominated alumina sheets?,1:1 type,2:1 type,2:2 type,2:1:1 type,None of these,C,The 2:2 type has two Mg‑dominated alumina sheets and is non‑expanding.
1096,162,Soil Science,"Which expanding silicate clay is loosened by the ""wonder wall force""?",Montmorillonite,Vermiculite,Illite,Mica,None of these,A,Montmorillonite is described as being loosened by the wonder wall force.
1097,162,Soil Science,Which expanding clay mineral has the highest cation exchange capacity among silicate clays?,Montmorillonite,Vermiculite,Illite,Mica,None of these,B,Vermiculite’s CEC exceeds that of all other silicate clays.
1098,162,Soil Science,Which non‑expanding mineral is commonly found in clay soils?,Montmorillonite,Vermiculite,Illite,Mica,None of these,C,Illite is listed as a non‑expanding type found in clay soil.
1099,162,Soil Science,Which silicate clay contains an extra layer of Mg‑dominated alumina sheet called Brucite?,Kaolinite,Montmorillonite,Chlorite,Mica,None of these,C,Chlorite is a 2:1:1 or 2:2 type with a Brucite layer.
1100,163,Soil Science,Which silicate clay has the highest total surface area per gram?,Kaolinite,Illite,Montmorillonite,Vermiculate,None of these,D,"Vermiculate has a total surface area of 780–900 m²/g, which is higher than the other clays listed."
1101,163,Soil Science,Which silicate clay has a medium external surface area?,Kaolinite,Illite,Montmorillonite,Vermiculate,None of these,C,"Montmorillonite’s external surface area is described as medium, whereas Kaolinite is very low, Illite low, and Vermiculate high."
1102,163,Soil Science,"Which clay exhibits high cohesion, plasticity, and swelling?",Kaolinite,Illite,Montmorillonite,Vermiculate,None of these,C,"Montmorillonite is noted for high cohesion, plasticity, and swelling among the listed clays."
1103,163,Soil Science,Which silicate clay has a cation exchange capacity (CEC) of 60–150 meq/100 g?,Kaolinite,Illite,Montmorillonite,Vermiculate,None of these,C,The CEC range 60–150 meq/100 g corresponds to Montmorillonite.
1104,163,Soil Science,Which clay has particle sizes ranging from 0.01 to 1.0 µm?,Kaolinite,Illite,Montmorillonite,Vermiculate,None of these,C,"Montmorillonite’s size range is 0.01–1.0 µm, smaller than the other clays listed."
1105,163,Soil Science,Which property is highest for Vermiculate clay?,Total surface area,External surface area,Internal surface area,Cohesion,None of these,A,Vermiculate’s total surface area (780–900 m²/g) is the highest among all silicate clays mentioned.
1106,163,Soil Science,"In the modern soil classification system, what is the smallest unit of soil classification?",Order,Sub-order,Great group,Soil series,None of these,D,The smallest unit in the classification hierarchy is the soil series.
1107,164,Soil Science,Which soil order is named from the Latin word meaning 'beginning' and is the largest soil order worldwide?,Inceptisols,Entisols,Vertisols,Oxisols,None of these,A,Inceptisols are derived from Latin ‘inceptum’ meaning beginning and cover about 20% of the world’s soils.
1108,164,Soil Science,Which soil order has no diagnostic horizons and is defined by the presence of only an A horizon?,Inceptisols,Entisols,Alfisols,Oxisols,None of these,B,Entisols are characterized by the absence of any profile development beyond the A horizon.
1109,164,Soil Science,Which soil order is distinguished by a high content of expansive clay (montmorillonite) that forms deep cracks and a micro‑relief called gilgai?,Oxisols,Vertisols,Alfisols,Inceptisols,None of these,B,"Vertisols contain montmorillonite, causing shrink‑swell and gilgai formations."
1110,164,Soil Science,Which soil order is always red or yellowish due to high iron and aluminium oxides and occurs in tropical rain forests?,Oxisols,Vertisols,Entisols,Alfisols,None of these,A,Oxisols are defined by their red/yellow color from iron and aluminium oxides.
1111,164,Soil Science,Which soil order is formed in semi‑arid to humid areas under hardwood forests and has a clay‑enriched subsoil?,Oxisols,Alfisols,Inceptisols,Entisols,None of these,B,"Alfisols develop in such climates, have a clay‑rich B horizon, and are fertile."
1112,164,Soil Science,"Which soil order is characterized by the absence of accumulation of clays, iron oxide, aluminium oxide or organic matter?",Inceptisols,Oxisols,Vertisols,Alfisols,None of these,A,Inceptisols show minimal horizon development and lack such accumulations.
1113,164,Soil Science,Which soil order was previously classified as laterite soils?,Oxisols,Alfisols,Vertisols,Inceptisols,None of these,A,Some Oxisols were earlier termed laterite soils due to their iron‑rich nature.
1114,165,Soil Science,Which soil type is characterized by a base saturation of at least 35% and is commonly found in laterite and red soil areas?,Alfisols,Histosols,Aridosols,Spodosols,None of these,A,Alfisols are defined by having at least 35% base saturation and are typically found in laterite and red soil areas.
1115,165,Soil Science,What is the primary characteristic of Histosols?,High bulk density,Rich in organic matter,High concentration of salts,Alkaline pH,None of these,B,"Histosols are characterized by being rich in organic matter, which gives them a very low bulk density and poor drainage."
1116,165,Soil Science,Which soil type is predominantly found in arid or semi-arid climates and has a very low concentration of organic matter?,Alfisols,Histosols,Aridosols,Ultisols,None of these,C,Aridosols form in arid or semi-arid climates and are characterized by a very low concentration of organic matter due to limited vegetative production.
1117,165,Soil Science,What is the defining feature of Spodosols?,High base saturation,Presence of calcareous material,Formation in cool and humid areas,High pH levels,None of these,C,"Spodosols are typically found in cool and humid areas, which is a key characteristic of these soils."
1118,165,Soil Science,Which of the following soil types is known for being highly acidic and having a pH of less than 5?,Alfisols,Histosols,Aridosols,Ultisols,None of these,D,"Ultisols are known for being highly acidic, often having a pH of less than 5 due to the accumulation of iron oxide."
1119,165,Soil Science,What is the primary cause of salinization in Aridosols?,High organic matter content,Accumulation of salts on the surface,High base saturation,Presence of calcareous material,None of these,B,Salinization in Aridosols is primarily caused by the accumulation of salts on the surface.
1120,165,Soil Science,Which clay mineral is commonly dominant in Ultisols?,Montmorillonite,Illite,Kaolinite,Vermiculite,None of these,C,"Kaolinite is the dominant clay mineral in many Ultisols, contributing to their good bearing capacity."
1121,166,Soil Science,What is the defining diagnostic feature of Mollisols?,High clay content,Mollic epipedon,High silt fraction,Presence of loess,None of these,B,"Mollisols are distinguished by a deep, high‑organic‑matter surface horizon called a mollic epipedon."
1122,166,Soil Science,Which soil order is formed in volcanic ash and contains high proportions of glass and amorphous colloidal materials?,Mollisols,Andisols,Gelisols,Alfisols,None of these,B,Andisols are defined as soils formed in volcanic ash with high glass and amorphous colloidal content.
1123,166,Soil Science,Gelisols are characterized by the presence of permafrost within what depth of the soil surface?,1 meter,2 meters,3 meters,4 meters,None of these,B,Gelisols contain permafrost within two meters of the soil surface.
1124,166,Soil Science,Which of the following crops is NOT mentioned as being supported by Andisol areas?,Tea,Coffee,Wheat,Tobacco,None of these,C,"The source lists fruit, maize, tea, coffee, tobacco; wheat is not mentioned."
1125,166,Soil Science,"According to the U.S. Soil Conservation Service, which land capability class is NOT suitable for regular cultivation?",Class I,Class II,Class III,Class IV,None of these,D,"Classes I, II, and III are suitable; Class IV falls into the group not suitable for cultivation."
1126,166,Soil Science,Which process is NOT listed among the main processes leading to the formation of grassland Mollisols?,Melanisation,Decomposition,Humification,Leaching,None of these,D,"The listed processes are melanisation, decomposition, humification, and pedoturbation; leaching is not mentioned."
1127,166,Soil Science,In which climate zone are Gelisols typically found?,Tropical,Temperate,Very cold,Semi‑arid,None of these,C,"Gelisols are soils of very cold climates, defined by permafrost and cryoturbation."
1128,167,Soil Science,"Which land class is described as ""good cultivable lands without any limitations"" and suitable for intensive crop cultivation?",Class I,Class II,Class III,Class IV,None of these,A,Class I lands have no limitations and are ideal for intensive crop cultivation.
1129,167,Soil Science,A farmer wants to cultivate a field on deep red soil with moderate erosion hazard. Which land class does this field belong to?,Class I,Class II,Class III,Class IV,None of these,B,"Deep red and black soils fall under Class II, which have moderate limitations and erosion."
1130,167,Soil Science,"Which land class is characterized by steep slope, high erosion hazard, slow water permeability, and poor fertility?",Class I,Class II,Class III,Class IV,None of these,C,Class III lands have severe limitations such as steep slope and poor fertility.
1131,167,Soil Science,A pasture is established on shallow soils that are saline. Which land class is this?,Class I,Class IV,Class V,Class VI,None of these,B,Class IV lands are suitable for occasional cultivation and mainly used for pasture/hay.
1132,167,Soil Science,Which land class is primarily used for grazing and forestry but has stony or rocky soils where drainage is not possible?,Class V,Class VI,Class VII,Class VIII,None of these,A,Class V lands are not suitable for arable farming but are used for grazing on stony or rocky soils.
1133,167,Soil Science,A land area is suitable for grazing but has some limitations. Which class is it?,Class V,Class VI,Class VII,Class VIII,None of these,B,Class VI lands are suitable for grazing with some limitations.
1134,167,Soil Science,Which land class is suitable for wood land and wildlife with severe limitation on grazing?,Class VI,Class VII,Class VIII,Class I,None of these,B,Class VII lands are suitable for wood land and wildlife with severe limitation on grazing.
1135,168,Soil Science,Which colour denotes Class‑III land capability on a standard map?,Light green,Yellow,Red,Blue,None of these,C,Class‑III is represented by the colour red on land capability maps.
1136,168,Soil Science,Alluvial soils are also known as what type of soil?,Riverine,Coastal,Deltaic,Mountain,None of these,A,Alluvial soils are called riverine soils because they form in river basins.
1137,168,Soil Science,Where are alluvial soils most widely found in India?,Indo‑Gangetic Plain,Deccan Plateau,Himalayan Foothills,Western Ghats,None of these,A,The Great Indo‑Gangetic Plain has the widest occurrence of alluvial soils.
1138,168,Soil Science,Alluvial soils are described as having which profile maturity?,Mature,Immature,Semi‑mature,Highly developed,None of these,B,Alluvial soils are noted as immature with weak profiles.
1139,168,Soil Science,Which nutrient is generally low in alluvial soils?,Nitrogen,Potash,Phosphoric acid,Alkalies,None of these,A,Alluvial soils typically have low nitrogen content.
1140,168,Soil Science,"In the Great Indo‑Gangetic Plain, older alluvial soils are called what?",Khadar,Bhangar,Both,Neither,None of these,B,Older alluvial soils in the plain are referred to as bhangar.
1141,168,Soil Science,Which colour represents Class‑V land capability?,Light green,Yellow,Dark green,Orange,None of these,C,Class‑V is denoted by dark green on capability maps.
1142,169,Soil Science,Which soil type is found in low valley bottoms that are flooded annually?,Khadar,Bhangar,Tarai,Bhabar,None of these,A,"Khadar soils are located in low valley bottoms that experience annual flooding, making them distinct from higher elevation soils."
1143,169,Soil Science,What distinguishes Bhangar soils from Khadar soils?,"Lower elevation, sandy composition","Higher elevation, clayey and dark with kankar","Same elevation, sandy composition","Higher elevation, sandy composition",None of these,B,"Bhangar soils lie about 30 m above flood level, are clayey, dark, and contain kankar nodules, unlike the sandy, lower‑lying Khadar soils."
1144,169,Soil Science,"Which soil zone is characterized by coarse, pebbly alluvial fans along the Shiwalik foothills?",Tarai,Bhabar,Khadar,Bhangar,None of these,B,"Bhabar soils are found on alluvial fans with coarse, pebbly material along the Shiwalik foothills."
1145,169,Soil Science,Tarai soils are deficient in which nutrient?,Nitrogen,Phosphate,Potassium,Organic matter,None of these,B,"Tarai soils, though rich in nitrogen and organic matter, are deficient in phosphate."
1146,169,Soil Science,Alluvial soils are best suited for irrigation using which methods?,Drip irrigation,Canal and well/tube‑well irrigation,Sprinkler irrigation,Surface irrigation,None of these,B,The softness and fertility of alluvial soils respond well to canal and well/tube‑well irrigation.
1147,169,Soil Science,Black soils are rich in which clay mineral?,Kaolinite,Montmorillonite,Illite,Smectite,None of these,B,"Black soils, derived from Deccan trap, contain high levels of montmorillonite clay."
1148,169,Soil Science,Black soils cover approximately what percentage of India's area?,5%,10%,16.6%,25%,None of these,C,"Black soils cover about 5.46 lakh sq km, which is 16.6 % of India’s total geographical area."
1149,170,Soil Science,Which of the following crops is NOT typically grown on black soils?,Cotton,Soyabean,Rice,Wheat,None of these,C,"Major crops grown on black soils include cotton, soyabean, wheat, jowar, linseed, Virginia tobacco, castor, sunflower, and millets. Rice is not mentioned as a crop grown on black soils."
1150,170,Soil Science,The black color of black soils is attributed to the presence of:,Titaniferous magnetite,Kaolinite,Calcium carbonate,Humus,None of these,A,The black color of black soils has been attributed by some scientists to the presence of a small proportion of titaniferous magnetite or even to iron and black constituents of the parent rock.
1151,170,Soil Science,Which state is NOT mentioned as a region where red soils are found?,Maharashtra,Madhya Pradesh,Punjab,Tamil Nadu,None of these,C,"Red soils are found in Tamil Nadu, parts of Karnataka, south-east of Maharashtra, eastern parts of Andhra Pradesh and Madhya Pradesh, among others. Punjab is not mentioned."
1152,170,Soil Science,What is the primary reason for the red color of red soils?,Presence of iron,High P fixation capacity,Presence of kaolinite,Richness in Fe and Mn,None of these,A,The red color of red soils is due to the presence of iron.
1153,170,Soil Science,Which of the following is a characteristic of laterite and lateritic soils?,High calcium content,Poor physical condition due to presence of hydrous oxide of Fe & Al,High water retention capacity,Rich in organic matter,None of these,B,Laterite and lateritic soils have poor physical condition due to the presence of hydrous oxide of Fe & Al.
1154,170,Soil Science,Which of the following states is NOT mentioned as a region where laterite and lateritic soils are found?,Kerala,Karnataka,Orissa,Haryana,None of these,D,"Laterite and lateritic soils are mainly found in Kerala, Karnataka, Orissa, Assam, and coastal areas of Goa and Maharashtra. Haryana is not mentioned."
1155,170,Soil Science,What is the primary clay mineral present in red soils?,Montmorillonite,Kaolinite,Illite,Vermiculite,None of these,B,Red soils have a high P fixation capacity due to the presence of kaolinite clay mineral.
1156,171,Soil Science,Which of the following is a characteristic feature of laterite soil?,High content of iron oxide,High content of organic matter,Low specific gravity,High water retention capacity,None of these,A,"Laterite soil is known for its high content of iron oxide, which gives it a characteristic pink or red color."
1157,171,Soil Science,Where are desert soils primarily found in India?,"Thar Desert, Rajasthan",Western Ghats,Gangetic Plains,Himalayan Region,None of these,A,"Desert soils are primarily found in the Thar Desert, which is located in the Indian state of Rajasthan."
1158,171,Soil Science,What is the primary characteristic of soil fertility?,Ability to supply plant nutrients in adequate amounts,Capacity to produce high crop yields,High water retention capacity,Low density,None of these,A,Soil fertility refers to the inherent capacity of the soil to supply plant nutrients in adequate amounts for plant growth.
1159,171,Soil Science,Which of the following statements about soil productivity is correct?,It is an inherent property of the soil.,It depends solely on the physical factors of the soil.,It indicates crop yields under specified management conditions.,All fertile soils are productive.,None of these,C,Soil productivity is the capability of soil to produce specified crop yields under well-defined management conditions.
1160,171,Soil Science,What type of plants are commonly recognized to grow in desert soils?,Cacti,Ferns,Mosses,Lichens,None of these,A,Cacti are commonly recognized plants that grow in desert soils due to their ability to thrive in arid conditions.
1161,171,Soil Science,Which of the following is NOT a characteristic of laterite soil?,High specific gravity,Formed from basalt,High water retention capacity,Composed mainly of iron oxide,None of these,C,"Laterite soil is known for its low water retention capacity, not high."
1162,171,Soil Science,What is a key difference between soil fertility and soil productivity?,"Soil fertility is an inherent property, while soil productivity is not.","Soil fertility depends on management conditions, while soil productivity does not.","Soil fertility indicates crop yields, while soil productivity does not.","Soil fertility is influenced by biological factors, while soil productivity is not.",None of these,A,"Soil fertility is an inherent property of the soil, while soil productivity is not an inherent property and depends on management conditions."
1163,172,Soil Science,What is the C:N ratio of humus?,10:1,12:1,20:1,9:1,None of these,A,The C:N ratio of humus is explicitly stated as 10:1 in the provided source material.
1164,172,Soil Science,Which ion is less tightly held by soil colloids and thus readily available for plants or subjected to leaching?,Al+3,Ca+2,K+,Mg+2,None of these,C,"The source material states that K+ is less tightly held by colloids, making it readily available for plants or subjected to leaching."
1165,172,Soil Science,What is the Bemlen factor used for?,Calculating soil pH,Converting organic carbon to organic matter,Measuring nitrogen content,Determining cation exchange capacity,None of these,B,"The Bemlen factor, 1.724, is used to convert organic carbon values to organic matter as stated in the source."
1166,172,Soil Science,Which of the following has the highest C:N ratio?,Legumes,FYM,Microorganisms,Crop straw,None of these,D,"The C:N ratio of crop straw is 100:1, which is the highest among the options provided."
1167,172,Soil Science,What is the primary function of soil buffering?,Increasing soil pH,Resistance to change in soil pH,Decreasing soil organic matter,Enhancing cation exchange capacity,None of these,B,"Soil buffering refers to the resistance to change in soil pH, as mentioned in the source material."
1168,172,Soil Science,Which anion is less tightly held by soil and thus easily available to plants or subjected to leaching?,H2PO4-2,OH-,SO4-2,NO3-,None of these,D,"The source material indicates that NO3- is less tightly held by soil, making it easily available to plants or subjected to leaching."
1169,172,Soil Science,What is the approximate percentage of nitrogen in general soil?,0.01 - 0.02%,0.03 - 0.05%,0.06 - 0.08%,0.09 - 0.10%,None of these,B,"The status of nitrogen in general soil is approximately 0.03 - 0.05%, as stated in the source material."
1170,173,Soil Science,What is the process called when colloidal particles are coagulated by adding oppositely charged ions?,Flocculation,Salinization,Leaching,Liming,None of these,A,Flocculation is the process where colloidal particles are coagulated by adding oppositely charged ions.
1171,173,Soil Science,Which ion has the highest order of flocculation?,Al⁺³,Ca⁺,H⁺,Mg⁺²,None of these,A,"The order of flocculation is Al⁺³ > Ca⁺ > H⁺ > Mg⁺², making Al⁺³ the ion with the highest order."
1172,173,Soil Science,Which nutrient is most available to plants among the following?,Nitrogen,Potassium,Phosphorous,Calcium,None of these,A,"The sequence of availability/absorption of nutrients is Nitrogen > Potassium > Phosphorous, making Nitrogen the most available."
1173,173,Soil Science,Which nutrients become more available with an increase in soil pH?,Ca and Mo,Fe and Mn,Zn and Al,P and B,None of these,A,The availability of Ca and Mo increases with an increase in soil pH.
1174,173,Soil Science,What is the primary cause of soil acidity?,Presence of H⁺ and Al⁺³ ions,High levels of Ca and Mg,Excessive irrigation,Deficiency of nitrogen,None of these,A,Soil acidity is primarily caused by the presence of H⁺ and Al⁺³ ions in the soil solution.
1175,173,Soil Science,Which states in India have the highest acidic soils?,"West Bengal, North-East states, Orissa, TN, Bihar","Rajasthan, Gujarat, Punjab, Haryana","Maharashtra, Karnataka, Andhra Pradesh, Kerala","Uttar Pradesh, Madhya Pradesh, Chhattisgarh, Jharkhand",None of these,A,"The highest acidic soils in India are found in West Bengal, North-East states, Orissa, TN, and Bihar."
1176,173,Soil Science,What is a common method for reclaiming saline soils?,Leaching of soluble salts,Adding more salts,Increasing soil pH,Reducing irrigation,None of these,A,A common method for reclaiming saline soils is the leaching of soluble salts by good irrigation water.
1177,174,Soil Science,Which of the following is a characteristic feature of alkaline soils?,Developed due to excess NaCO₃ and NaHCO₃ ions,pH < 8.5,EC (ds/m) > 4,ESP (%) < 15,None of these,A,"Alkaline soils are developed due to excess NaCO₃ and NaHCO₃ ions and typically have a pH > 8.5, EC (ds/m) < 4, and ESP (%) > 15."
1178,174,Soil Science,Which fertilizer should be used in alkali soils?,Urea,CAN,Ammonium sulfate,Potassium chloride,None of these,B,"In alkali soils, CAN (Calcium Ammonium Nitrate) or DAP (Diammonium Phosphate) should be used instead of urea."
1179,174,Soil Science,What is the recommended amount of gypsum for reclamation of sodic or alkali soils with pH > 8.5?,4 qt/ha,6 qt/ha,8 qt/ha,10 qt/ha,None of these,C,Gypsum @ 8 qt/ha is used for the reclamation of sodic or alkali soils having pH > 8.5.
1180,174,Soil Science,Which of the following crops is highly tolerant to salt?,Sunhemp,Barley,Pea,Gram,None of these,B,"Barley is classified as a highly tolerant crop to salt, whereas sunhemp, pea, and gram are sensitive crops."
1181,174,Soil Science,What is the primary characteristic of hygroscopic water in soil?,It is held at field capacity,It moves in liquid form,It is biologically active,It is held mostly by soil colloids,None of these,D,Hygroscopic water is held mostly by soil colloids and is biologically inactive as it moves in vapor form.
1182,174,Soil Science,Which of the following is NOT a recommended practice for the reclamation of alkali soils?,Using gypsum,Using iron pyrite,Green manuring,Using urea,None of these,D,"Using urea is not recommended for alkali soils; instead, CAN or DAP should be used."
1183,174,Soil Science,Which of the following fruit crops is highly tolerant to salt?,Apple,Lemon,Date palm,Strawberry,None of these,C,"Date palm is classified as a highly tolerant fruit crop to salt, whereas apple, lemon, and strawberry are sensitive or less tolerant."
1184,175,Soil Science,Which type of soil water is most available to crops?,Capillary water,Gravitational water,Hygroscopic water,Runoff water,None of these,A,Capillary water is held between field capacity and hygroscopic coefficient in micro pores and is the mostly available form of water to crops.
1185,175,Soil Science,What is the tension range for capillary water in soil?,0.3 to 31 atm,Less than 0.3 atm,More than 31 atm,0.1 to 0.5 atm,None of these,A,Capillary water is held at a tension of 0.3 (1/3) to 31 atm.
1186,175,Soil Science,Which stage of water erosion is considered the most serious because it is unnoticed by farmers?,Splash/rain drop,Sheet erosion,Rill erosion,Gully erosion,None of these,B,"Sheet erosion is the highest and uniform removal of soil particles and is unnoticed by farmers, making it the most serious form of water erosion."
1187,175,Soil Science,What is the primary characteristic of gravitational water in soil?,Held by a negative tension of less than 0.3 atm,Held between field capacity and hygroscopic coefficient,Held at a tension of 0.3 to 31 atm,Held in the root zone of plants,None of these,A,Gravitational water is held by a negative tension of less than 0.3 atm and is free water which drains out.
1188,175,Soil Science,Which stage of wind erosion involves the movement of soil particles through bounces or jumps on the ground?,Surface creep,Suspension,Saltation,Deposition,None of these,C,Saltation is the first stage of movement of soil particles in a series of jumps and involves particles 0.1-0.5 mm in diameter.
1189,175,Soil Science,What is the particle size range for soil particles moved by surface creep?,Less than 0.1 mm,0.1-0.5 mm,Greater than 0.5 mm,0.5-1 mm,None of these,C,Surface creep involves the rolling or sliding of larger soil particles greater than 0.5 mm in size.
1190,175,Soil Science,Which type of soil erosion cannot be removed by normal tillage operations?,Splash/rain drop erosion,Sheet erosion,Rill erosion,Gully erosion,None of these,D,"Gully erosion cannot be removed by normal tillage operations, making it a more severe form of soil erosion."
1191,176,Soil Science,What percentage of soil loss is accounted for by suspension?,3-4%,5-6%,7-8%,9-10%,None of these,A,The correct answer is 3-4% because the source explicitly states that soil loss accounts for 3-4% by suspension.
1192,176,Soil Science,What is the permissible limit of soil loss in India?,10 ton/ha/year,12 ton/ha/year,14 ton/ha/year,16 ton/ha/year,None of these,B,The permissible limit of soil loss in India is 12 ton/ha/year as stated in the source.
1193,176,Soil Science,What is the term for erosion caused by human activities such as excessive grazing and deforestation?,Natural erosion,Anthropogenic erosion,Water erosion,Wind erosion,None of these,B,The correct term is Anthropogenic erosion because the source defines it as erosion caused by human interventions like excessive grazing and deforestation.
1194,176,Soil Science,What is the term for soil deposited by wind that is sandy?,Alluvial,Glacial,Aeolian,Loess,None of these,C,The correct term is Aeolian because the source specifies that sandy soil deposited by wind is termed Aeolian.
1195,176,Soil Science,What happens when the C:N ratio exceeds 30:1?,Mineralization,Immobilization,Aminization,Ammonification,None of these,B,"When the C:N ratio exceeds 30:1, immobilization occurs as stated in the source."
1196,176,Soil Science,"What is the final stage of decomposition of protein that releases amines, amino acids, and urea?",Mineralization,Immobilization,Aminization,Ammonification,None of these,C,"The final stage is termed aminization because the source defines it as the decomposition of protein releasing amines, amino acids, and urea."
1197,176,Soil Science,"What is the term for the process where ammonia is produced from amines, amino acids, and urea?",Mineralization,Immobilization,Aminization,Ammonification,None of these,D,The correct term is ammonification because the source states that the process turning these products into ammonia is called ammonification.
1198,177,Soil Science,Which microbe is responsible for converting ammonia to nitrite in the nitrification process?,Nitrobacter,Nitrosomonas,Rhizobium,Azotobacter,None of these,B,Nitrosomonas is the microbe responsible for converting ammonia to nitrite in the first step of the nitrification process.
1199,177,Soil Science,What is the optimum temperature range for nitrifying bacteria?,20-25°C,25-30°C,30-35°C,35-40°C,None of these,C,"The optimum temperature range for nitrifying bacteria is 30-35°C, as this range supports their optimal activity."
1200,177,Soil Science,Which of the following is a stem nodulating green manure crop?,Sunhemp,Dhaicha,Clusterbeans,Sesbania rostrata,None of these,D,"Sesbania rostrata is a stem nodulating green manure crop, which is native to West Africa."
1201,177,Soil Science,What is the C:N:P ratio that indicates immobilization occurs?,100:10:1,100:5:1,50:10:1,200:10:1,None of these,D,"Immobilization occurs when the C:N:P ratio is greater than 100:10:1, indicating a higher carbon content relative to nitrogen and phosphorus."
1202,177,Soil Science,Which manure has the highest nitrogen content among the following?,FYM,Town compost,Vermi-compost,Night soil,None of these,D,Night soil has the highest nitrogen content of 5.5% among the given options.
1203,177,Soil Science,What is the primary form of phosphorus present in soil humus?,Phospholipids,Nucleic acids,Phytin,Adenosine triphosphate,None of these,C,"The primary form of phosphorus present in soil humus is phytin, with a small amount present as nucleic acids."
1204,177,Soil Science,Which of the following is an example of ex-situ green manuring?,Sunhemp,Dhaicha,Glyricidia,Clusterbeans,None of these,C,"Glyricidia is an example of ex-situ green manuring, where green leaves along with twigs are collected and used as manure."
1205,178,Soil Science,Which type of fertilizer supplies only one major plant nutrient?,Straight fertilizer,Complex fertilizer,Mixed fertilizer,Complete fertilizer,None of these,A,"Straight fertilizers are defined as those that supply only one major plant nutrient, such as Urea which primarily supplies nitrogen."
1206,178,Soil Science,Which fertilizer has the highest equivalent acidity?,Ammonium chloride,Ammonium sulphate,Anhydrous ammonia,Urea,None of these,C,Anhydrous ammonia has the highest equivalent acidity of 148 meq/100g among the listed fertilizers.
1207,178,Soil Science,What does the fertilizer grade 19:19:19 indicate?,"Ratio of N, P, and K","Minimum guarantee of N, P₂O₅, and K₂O",Hygroscopic nature,Residual nature,None of these,B,"The fertilizer grade refers to the minimum guaranteed analysis of plant nutrients in terms of available N, P₂O₅, and K₂O."
1208,178,Soil Science,Which fertilizer has the lowest equivalent acidity?,Ammonium nitrate,Urea,DAP,Ammonium sulphate,None of these,A,Ammonium nitrate has the lowest equivalent acidity of 60 meq/100g among the listed fertilizers.
1209,178,Soil Science,Which of the following is an example of a complex fertilizer?,Urea,SSP,DAP,CAN,None of these,C,"DAP (Diammonium Phosphate) is an example of a complex fertilizer as it supplies two primary nutrients, nitrogen, and phosphorus."
1210,178,Soil Science,What is the correct order of hygroscopic nature of fertilizers in decreasing order?,Urea > Ammonium nitrate > Ammonium sulphate > CAN,Ammonium nitrate > Urea > Ammonium sulphate > CAN,CAN > Ammonium sulphate > Urea > Ammonium nitrate,Ammonium sulphate > Urea > Ammonium nitrate > CAN,None of these,B,The correct order of hygroscopic nature of fertilizers in decreasing order is Ammonium nitrate > Urea > Ammonium sulphate > CAN.
1211,178,Soil Science,Which fertilizer is known to have all three primary major nutrients?,Straight fertilizer,Complex fertilizer,Mixed fertilizer,Complete fertilizer,None of these,D,"Complete fertilizers are defined as those having all three primary major nutrients, such as NPK."
1212,179,Soil Science,Which fertilizer is most suitable for acidic soils?,Sodium nitrate,Calcium nitrate,Potassium nitrate,Ammonium sulphate,None of these,A,"Sodium nitrate is good for acidic soils as it has a basic residual nature, which helps to neutralize soil acidity."
1213,179,Soil Science,Which fertilizer is highly hygroscopic and explosive in nature?,Ammonium sulphate,Ammonium nitrate,Calcium ammonium nitrate,Potassium nitrate,None of these,B,Ammonium nitrate is highly hygroscopic and explosive in nature due to its chemical composition.
1214,179,Soil Science,Which state in India has the maximum consumption of Nitrogen and Phosphorus fertilizers?,Punjab,Haryana,Uttar Pradesh,Maharashtra,None of these,C,Uttar Pradesh has the maximum consumption of Nitrogen and Phosphorus fertilizers.
1215,179,Soil Science,Which fertilizer is neutral in nature?,Ammonium sulphate,Ammonium chloride,Calcium ammonium nitrate,Sodium nitrate,None of these,C,"Calcium ammonium nitrate (CAN) is neutral in nature, making it suitable for a wide range of soils."
1216,179,Soil Science,Which fertilizer contains the highest percentage of Nitrogen?,Ammonium nitrate,Ammonium sulphate,Calcium nitrate,Sodium nitrate,None of these,A,"Ammonium nitrate contains 33% Nitrogen, which is the highest among the given options."
1217,179,Soil Science,Which fertilizer is extensively used in paddy due to its acidic residual nature?,Ammonium sulphate,Ammonium chloride,Calcium nitrate,Potassium nitrate,None of these,B,"Ammonium chloride is extensively used in paddy due to its acidic residual nature, which is beneficial for paddy cultivation."
1218,179,Soil Science,Which fertilizer has the highest equivalent basacity?,Sodium nitrate,Calcium nitrate,Ammonium sulphate,Ammonium chloride,None of these,A,"Sodium nitrate has the highest equivalent basacity of 29, making it more effective in neutralizing soil acidity."
1219,180,Soil Science,Which statement about urea is correct?,It contains 46% nitrogen,It contains 21% nitrogen,It is produced only as a solution,It increases soil pH,None of these,A,Urea is the most common N‑fertilizer in India and contains 46% nitrogen.
1220,180,Soil Science,Neem coated urea primarily improves which aspect of nitrogen management?,Nitrogen use efficiency,Phosphorus retention in soil,Soil acidity reduction,Potassium availability,None of these,A,The slow‑release property of neem coating enhances nitrogen use efficiency.
1221,180,Soil Science,Which analytical method is used for determining available nitrogen in soil?,Kjeldahl method,Alkaline permanganate method,Dumas combustion method,Nesslerization,None of these,B,The alkaline permanganate method is specified for available nitrogen determination.
1222,180,Soil Science,What is the maximum permissible biuret concentration in urea applied as a foliar spray?,1.5%,0.25%,2.0%,0.5%,None of these,B,Biuret toxicity limits its concentration to 0.25% for foliar applications.
1223,180,Soil Science,"In soils with pH greater than 8, the dominant nitrogen loss pathway is:",Denitrification,Leaching,Volatilization as NH₃,Immobilization,None of these,C,Alkaline conditions favor ammonia volatilization (NH₃) from nitrogen fertilizers.
1224,180,Soil Science,Which bacteria are chiefly responsible for denitrification?,Rhizobium and Azotobacter,Pseudomonas and Bacillus,Nitrosomonas and Nitrobacter,Streptomyces and Actinomyces,None of these,B,Denitrifying bacteria listed are Pseudomonas and Bacillus.
1225,180,Soil Science,"Given that about 60% of nitrogen loss in India is due to volatilization, N application in alkaline soils should be increased by at least:",10%,15%,25%,40%,None of these,C,"To compensate for volatilization losses, a minimum increase of 25% in N application is recommended for alkaline soils."
1226,181,Soil Science,Which type of fertilizer is most susceptible to leaching loss?,Nitrate fertilizer,Phosphate fertilizer,Potassium fertilizer,Ammonium fertilizer,None of these,A,"Leaching or drainage loss mostly occurs in nitrate fertilizer, especially in humid areas."
1227,181,Soil Science,Which of the following is an example of a nitrification inhibitor?,Thiourea,Urea formaldehyde,Sulphur coated urea,DAP,None of these,A,Thiourea is a nitrification inhibitor used to decrease the activity of nitrifying bacteria.
1228,181,Soil Science,Which compound is used to reduce the solubility of nitrogen fertilizer in slow-release fertilizers?,Urea formaldehyde,Thiourea,Neem Cake,Rock phosphate,None of these,A,Urea formaldehyde is a synthesizing compound used to reduce the solubility of nitrogen fertilizer.
1229,181,Soil Science,Which phosphate fertilizer has the highest percentage of P₂O₅?,SSP,DSP,TSP,Basic slag,None of these,C,"TSP (Triple Super Phosphate) contains 46-48% P₂O₅, which is the highest among the given options."
1230,181,Soil Science,Which fertilizer is used for acid soil reclamation?,DAP,Rock phosphate,SSP,MAP,None of these,B,Rock phosphate is used for acid soil reclamation and contains 20-40% P₂O₅.
1231,181,Soil Science,What is the trade name of urea & ammonium phosphate grade 29:29:0?,GROMOR,IBDU,CDU,N-Serve,None of these,A,GROMOR is the trade name of urea & ammonium phosphate grade 29:29:0.
1232,181,Soil Science,Which of the following is a citrate-soluble phosphate fertilizer?,SSP,Di calcium phosphate,TSP,MAP,None of these,B,Di calcium phosphate is a citrate-soluble phosphate fertilizer with 33-40% P₂O₅.
1233,182,Soil Science,Which fertilizer is most suitable for acidic and heavy soils but not for alkaline soils?,KCl/MOP,K₂SO₄,KNO₃,Bio-super,None of these,A,KCl/MOP is suitable for acidic and heavy soils but not for alkaline soils due to its chloride content.
1234,182,Soil Science,What is the primary composition of Bio-super?,Rock phosphate + Sulphur + S oxidizing bacteria (Thiobacillus),Potassium chloride + Sulphur,Potassium nitrate + Phosphorus,Rock phosphate + Nitrogen,None of these,A,"Bio-super is primarily composed of rock phosphate, sulphur, and S oxidizing bacteria (Thiobacillus)."
1235,182,Soil Science,Which method is used for extracting phosphorous in alkaline and neutral soils?,Bray no. 1,Olsen method,Acidic extraction,Neutral extraction,None of these,B,The Olsen method is used for extracting phosphorous in alkaline and neutral soils.
1236,182,Soil Science,Which potassic fertilizer contains the highest percentage of K₂O?,KCl/MOP,K₂SO₄,KNO₃,Bio-super,None of these,A,KCl/MOP contains the highest percentage of K₂O (60%) among all potassic fertilizers.
1237,182,Soil Science,Which crops should not use KCl/MOP due to its chloride ion content?,"Sugarcane, sugar beet, tobacco, tomato, and potato","Wheat, rice, corn","Apple, orange, banana","Cotton, soybean, peanut",None of these,A,"KCl/MOP should not be used in sugarcane, sugar beet, tobacco, tomato, and potato due to its chloride ion content."
1238,182,Soil Science,What is the conversion factor to convert % P to % P₂O₅?,Multiply by 2.29,Multiply by 0.43,Multiply by 1.20,Multiply by 0.83,None of these,A,"To convert % P to % P₂O₅, you multiply by 2.29."
1239,182,Soil Science,Which state in India has the highest use of potassic fertilizer?,Maharashtra,Punjab,Uttar Pradesh,Madhya Pradesh,None of these,A,Maharashtra has the highest use of potassic fertilizer.
1240,183,Soil Science,Which instrument is used to determine the levels of potassium (K) and sodium (Na) in soil?,Flame photometer,Spectrophotometer,Chromatograph,pH meter,None of these,A,A flame photometer is specifically used to determine the levels of potassium (K) and sodium (Na) in soil as mentioned in the source.
1241,183,Soil Science,What is the primary use of ferrous sulphate in agriculture?,To control iron chlorosis,To increase soil pH,To provide nitrogen to plants,To improve soil structure,None of these,A,"Ferrous sulphate is sprayed on standing crops to control iron chlorosis, which is a common issue in crops like groundnut and soybean."
1242,183,Soil Science,Which micronutrient fertilizer contains the highest percentage of its respective nutrient?,Zinc oxide,Borax,Manganese sulphate,Copper sulphate,None of these,A,"Zinc oxide contains 78% zinc, which is the highest percentage among the listed micronutrient fertilizers."
1243,183,Soil Science,What is the main purpose of using gypsum in alkali soil?,Reclamation,Increasing nitrogen content,Reducing soil erosion,Enhancing water retention,None of these,A,Gypsum is used for the reclamation of alkali soil at a rate of 800 kg/ha.
1244,183,Soil Science,Which crop is NOT mentioned as benefiting from gypsum application for sulphur and calcium requirements?,Wheat,Onion,Mustard,Groundnut,None of these,A,Wheat is not mentioned as a crop that benefits from gypsum application for sulphur and calcium requirements.
1245,183,Soil Science,What is the percentage of boron in borax?,11%,26%,36%,54%,None of these,A,"Borax contains 11% boron, as mentioned in the source."
1246,183,Soil Science,What is the primary function of ammonium molybdate in pulses?,It is a constituent of leghaemoglobin,It increases soil pH,It provides nitrogen to plants,It improves soil structure,None of these,A,Ammonium molybdate is important in pulses because it is a constituent of leghaemoglobin.
1247,184,Soil Science,Which fertilizer application method is specifically used for phosphorus fertilizers due to their slow release nature?,Basal dose,Deep placement,Starter dose,Split doses,None of these,A,"Phosphorus fertilizers are applied at the basal dose because they are slow-release fertilizers, making this method suitable for their application."
1248,184,Soil Science,In which type of soil is ammonium sulphate the best suitable nitrogen fertilizer?,Acidic soils,Alkaline soils,Waterlogged soils,Sandy soils,None of these,C,Ammonium sulphate is best suitable for waterlogged soils because it provides nitrogen in a form that is less likely to be lost in such conditions.
1249,184,Soil Science,Which bacteria are responsible for the conversion of nitrite to nitrate?,Nitrosomonas,Nitrobacter,Pseudomonas,Bacillus,None of these,B,Nitrobacter bacteria are responsible for the conversion of nitrite to nitrate in the nitrogen cycle.
1250,184,Soil Science,What is the primary reason for not recommending ammonical fertilizers in saline and alkali soils?,They increase soil salinity,They cause alkalization of ammonia,They are too expensive,They are not readily available,None of these,B,"Ammonical fertilizers are not recommended in saline and alkali soils because alkalization of ammonia takes place, which can be detrimental to soil health."
1251,184,Soil Science,Which fertilizer is most commonly used where the quality of the crop is a priority?,Potassium chloride,Potassium sulphate,Ammonium sulphate,Rock phosphate,None of these,B,Potassium sulphate is used where the quality of the crop is required because potassium chloride can reduce the quality of crops.
1252,184,Soil Science,What is the percentage of nitrogen in Thiourea?,30.8%,32.8%,34.8%,36.8%,None of these,D,"The percentage of nitrogen in Thiourea is 36.8%, making it a significant source of nitrogen."
1253,184,Soil Science,Which fertilizer ratio is applied as a starter dose in legume and vegetable seedlings at transplanting?,1:1:1,1:2:1,2:1:1,1:1:2,None of these,B,A starter dose of NPK at a 1:2:1 ratio is applied in legume and vegetable seedlings at transplanting to promote healthy growth.
1254,185,Soil Science,Which bacteria are responsible for reducing sulphates to hydrogen sulphide in anaerobic soils?,Thiobacillus spp.,Desulfovibro bacteria,Azatobacter chroccum,Rhizobium,None of these,B,Desulfovibro bacteria are specifically mentioned in the source as the bacteria that reduce sulphates to hydrogen sulphide in anaerobic soils.
1255,185,Soil Science,Which of the following is a nitrification inhibitor?,AM,N-serve,Both A and B,Thiobacillus,None of these,C,The source explicitly states that both AM and N-serve are nitrification inhibitors.
1256,185,Soil Science,What is the primary function of bio-fertilizers?,To kill harmful pests,To supply nutrients especially nitrogen and phosphorus,To improve soil texture,To increase water retention,None of these,B,"The source defines bio-fertilizers as preparations containing microorganisms that supply nutrients, especially nitrogen and phosphorus."
1257,185,Soil Science,Which bacteria is associated with the roots of grasses and is used for sorghum and pearl millet?,Azatobacter chroccum,Clostridium,Azospirillum,Rhizobium,None of these,C,The source mentions that Azospirillum is a micro-aerobic bacteria associated with the roots of grasses and is used for sorghum and pearl millet.
1258,185,Soil Science,Which type of bacteria is Rhizobium?,Aerobic and autotrophic,Anaerobic and heterotrophic,Aerobic and heterotrophic,Anaerobic and autotrophic,None of these,C,The source states that Rhizobium is an aerobic and heterotrophic bacteria.
1259,185,Soil Science,"Which bio-fertilizer is commonly used for wheat, rice, cotton, and sugarcane?",Clostridium,Azospirillum,Azatobacter chroccum,Frankia,None of these,C,"The source mentions that Azatobacter chroccum is commonly used for wheat, rice, cotton, and sugarcane."
1260,185,Soil Science,Which Rhizobium strain is used for soybean inoculation?,Rhizobium meliloti,R. trifoli,R. leguminosarum,R. japonicum,None of these,D,The source provides a table indicating that R. japonicum is used for soybean inoculation.
1261,186,Soil Science,Which organism has a symbiotic association with the water fern Azolla pinnata?,Anabaena azollae,Rhizobium,Azotobacter,Azospirillum,None of these,A,"Anabaena azollae is a blue-green algae that lives in the cavities of the leaves of the floating fern Azolla pinnata, forming a symbiotic relationship."
1262,186,Soil Science,What is the primary function of Phosphate Solubilizing Bacteria (PSB) in soil?,To absorb phosphorus,To solubilize sulphate and phosphate residues,To fix atmospheric nitrogen,To increase soil acidity,None of these,B,"PSB culture is used to solubilize sulphate and phosphate residues in soils, which are created by the continuous use of DAP and NPK fertilizers."
1263,186,Soil Science,How much Rhizobium culture is needed per hectare for seed inoculants?,100g,300g,600g,200g,None of these,C,"One packet of Rhizobium culture contains 200g, and 3 packets are sufficient for one hectare, totaling 600g."
1264,186,Soil Science,Which soil microorganism prefers a pH range of 4.5 to 6.5?,Bacteria,Fungi,Actinomycetes,Algae,None of these,B,Fungi prefer acidic conditions and grow well within a pH range of 4.5 to 6.5.
1265,186,Soil Science,"What is the correct order of microflora presence in general soil, from most to least abundant?",Bacteria > actinomycetes > fungi > algae,Fungi > bacteria > actinomycetes > algae,Actinomycetes > bacteria > fungi > algae,Algae > fungi > bacteria > actinomycetes,None of these,A,"In general soil, the order of microflora presence from most to least abundant is bacteria, followed by actinomycetes, fungi, and algae."
1266,186,Soil Science,Which plant is an indicator of nitrogen deficiency in soil?,Mustard,Cauliflower,Rice,Wheat,None of these,B,Cauliflower is one of the indicator plants for nitrogen deficiency in soil.
1267,186,Soil Science,What is the approximate amount of nitrogen that Blue-Green Algae (BGA) can add to a rice field per hectare?,10-15 kg,15-20 kg,20-25 kg,25-30 kg,None of these,C,Blue-Green Algae (BGA) can add approximately 20-25 kg of nitrogen per hectare to a rice field.
1268,187,Soil Science,Which of the following nutrients is classified as a primary nutrient?,N,Ca,Mg,S,None of these,A,N (Nitrogen) is classified as a primary nutrient because it is one of the essential nutrients required by plants in relatively large quantities.
1269,187,Soil Science,Which element is known as the 17th essential nutrient for plants?,Nickel,Zinc,Copper,Chlorine,None of these,A,"Nickel is known as the 17th essential nutrient for plants, identified by Brown et al. in 1987."
1270,187,Soil Science,Which of the following nutrients is classified as both an anion and a cation?,N,P,K,Ca,None of these,A,Nitrogen (N) can exist in both anion (NO₃⁻) and cation (NH₄⁺) forms.
1271,187,Soil Science,Which nutrient is associated with the Liebig Law of Minimum?,The nutrient present in the smallest quantity,The nutrient present in the largest quantity,The nutrient that is most mobile,The nutrient that is least mobile,None of these,A,"The Liebig Law of Minimum states that the growth of plants is limited by the nutrient present in the smallest quantity, even if all other nutrients are in adequate amounts."
1272,187,Soil Science,Which of the following is NOT a micronutrient?,Fe,Mn,Ca,Zn,None of these,C,Ca (Calcium) is not a micronutrient; it is classified as a secondary nutrient.
1273,187,Soil Science,Which of the following crops is associated with Potassium?,Potato,Cauliflower,Sugar beet,Sunflower,None of these,A,Potassium is associated with Potato.
1274,187,Soil Science,Which of the following nutrients is classified as a non-metal nutrient?,B,Fe,Mg,Ca,None of these,A,Boron (B) is classified as a non-metal nutrient.
1275,188,Soil Science,Which of the following is NOT a beneficial nutrient?,Vanadium (V),Silicon (Si),Cobalt (Co),Aluminum (Al),None of these,D,"The beneficial nutrients are Vanadium (V), Silicon (Si), Cobalt (Co), and Sodium (Na). Aluminum (Al) is not listed as a beneficial nutrient."
1276,188,Soil Science,Who proposed the term 'functional nutrient'?,D. J. Nicholas,Charles Darwin,Gregor Mendel,Louis Pasteur,None of these,A,The term 'functional nutrient' was proposed by D. J. Nicholas in 1963.
1277,188,Soil Science,Which form of phosphorus is available in acidic soils?,H₂PO₄⁻,HPO₄²⁻,PO₄⁻³,P₂O₅,None of these,A,"In acidic soils, phosphorus is available in the form of H₂PO₄⁻."
1278,188,Soil Science,Which of the following elements is absorbed by plants mainly in its reduced form?,Iron (Fe),Zinc (Zn),Copper (Cu),Molybdenum (Mo),None of these,A,"Most plants absorb nutrients in their reduced form, such as Fe²⁺ rather than Fe³⁺."
1279,188,Soil Science,What is the primary form of nitrogen uptake by plants?,NO₃⁻,NH₄⁺,N₂,NO₂⁻,None of these,A,The primary form of nitrogen uptake by plants is NO₃⁻ (nitrate).
1280,188,Soil Science,Which of the following is a micronutrient?,Calcium (Ca),Magnesium (Mg),Zinc (Zn),Potassium (K),None of these,C,"Zinc (Zn) is classified as a micronutrient, while the others are either primary or secondary nutrients."
1281,188,Soil Science,What is the concentration of Molybdenum (Mo) in plants?,< 1 ppm (0.1 ppm),20 ppm,50 ppm,100 ppm,None of these,A,The concentration of Molybdenum (Mo) in plants is less than 1 ppm (0.1 ppm).
1282,189,Soil Science,Which method is used to measure Phosphorus in soil testing?,Alkaline KMnO4,Olsen's method,Ammonium acetate,DTPA extractable,None of these,B,Olsen's method is specifically mentioned in the table for measuring Phosphorus in kg/ha and P2O5 kg/ha.
1283,189,Soil Science,What is the primary role of Nitrogen in plants?,Increase disease resistance,Impart green color and encourage vegetative growth,Enhance root development,Storage and transfer of energy,None of these,B,"Nitrogen is known to impart green color to plants and encourage vegetative growth, as stated in the text."
1284,189,Soil Science,Which nutrient is essential for the synthesis of auxin?,Phosphorus,Potassium,Nitrogen,Calcium,None of these,C,The text explicitly mentions that Nitrogen plays an important role in the synthesis of auxin.
1285,189,Soil Science,What is the low rating range for Zinc in soil testing using DTPA extractable method?,<0.2 mg/kg,<0.6 mg/kg,<1.0 mg/kg,<5 mg/kg,None of these,B,The table indicates that the low rating range for Zinc using the DTPA extractable method is <0.6 mg/kg.
1286,189,Soil Science,Which nutrient deficiency causes 'Buttoning' in cauliflower?,Phosphorus,Potassium,Nitrogen,Magnesium,None of these,C,The text mentions that Nitrogen deficiency causes 'Buttoning' in cauliflower.
1287,189,Soil Science,What is the high rating range for Sulphur in soil testing using 0.01M CaCl2?,>22.4 kg/ha,>35 kg/ha,>56 kg/ha,>140 kg/ha,None of these,B,The table shows that the high rating range for Sulphur using 0.01M CaCl2 is >35 kg/ha.
1288,189,Soil Science,Which nutrient is necessary for root development and grain formation?,Nitrogen,Phosphorus,Potassium,Calcium,None of these,B,The text states that Phosphorus is necessary for root development and grain formation.
1289,190,Soil Science,Which element is known as the 'key of life' for plants because its deficiency prevents the completion of the plant life cycle?,Phosphorus,Potassium,Calcium,Nitrogen,None of these,A,Phosphorus is called the 'key of life' because its deficiency prevents the completion of the plant life cycle.
1290,190,Soil Science,What is a primary symptom of phosphorus deficiency in plants?,Dark green color in leaves,Yellowing of leaves,White spots on leaves,Leaf curling,None of these,A,Phosphorus deficiency imparts a dark green color in leaves.
1291,190,Soil Science,Which disease is associated with phosphorus deficiency?,Sickle leaf disease,Blossom end rot,Rosette disease,Tip hooking,None of these,A,Sickle leaf disease is associated with phosphorus deficiency.
1292,190,Soil Science,What is the most essential function of potassium (K+) in plants?,Stomata regulation,Root development,Flower coloring,Seed formation,None of these,A,The most essential function of potassium (K+) in plants is stomata regulation.
1293,190,Soil Science,Which of the following is a symptom of potassium deficiency in plants?,Spot of dead tissue at tips of leaves,Dark green color in leaves,White spots on leaves,Leaf curling,None of these,A,A symptom of potassium deficiency in plants is the appearance of spots of dead tissue at the tips of leaves.
1294,190,Soil Science,What disease is associated with potassium deficiency?,Rosette or die back disease,Sickle leaf disease,Blossom end rot,Tip hooking,None of these,A,Rosette or die back disease is associated with potassium deficiency.
1295,190,Soil Science,Which of the following is a primary function of calcium in plants?,Constituent of cell wall,Chlorophyll formation,Stomata regulation,Sugar translocation,None of these,A,Calcium is a constituent of the cell wall in plants.
1296,191,Soil Science,Which element is a central atom of chlorophyll?,Magnesium,Sulphur,Iron,Manganese,None of these,A,"Magnesium is a central atom of chlorophyll, making it essential for the process of photosynthesis."
1297,191,Soil Science,Which bacteria is associated with the oxidation of sulphur?,Rhizobium,Thiobacillus,Azotobacter,Pseudomonas,None of these,B,Thiobacillus is a genus of bacteria known for their ability to oxidize sulphur.
1298,191,Soil Science,What is a common deficiency symptom of iron in plants?,Mottled leaves,Interveinal chlorosis,Dead spots on leaves,Crinkled leaves,None of these,B,"Iron deficiency often results in interveinal chlorosis, where the areas between the veins turn yellow while the veins remain green."
1299,191,Soil Science,Which disease is caused by excess of H₂S in rice?,Sand-drown disease,Akiochi,Tea yellow disease,Leaf spot,None of these,B,Akiochi is a disease of rice caused by the excess of hydrogen sulfide (H₂S).
1300,191,Soil Science,What is the primary role of manganese in plants?,Nitrogen fixation,Chlorophyll formation,Oxygen carrier,Protein synthesis,None of these,B,Manganese is primarily involved in the formation of chlorophyll and acts as a co-factor for various enzymes.
1301,191,Soil Science,Which element's deficiency symptoms resemble those of nitrogen deficiency but affect young leaves?,Magnesium,Sulphur,Iron,Manganese,None of these,B,"Sulphur deficiency symptoms resemble those of nitrogen deficiency but specifically affect young leaves, turning them pale green or light yellow without any spots."
1302,191,Soil Science,What is a common symptom of manganese toxicity in cotton plants?,Interveinal chlorosis,Crinkled leaves,Dead spots on leaves,Yellowing of young leaves,None of these,B,Manganese toxicity in cotton plants often results in crinkled leaves.
1303,192,Soil Science,Which disease is caused by the deficiency of copper in citrus plants?,Gummosis and xanthomenia,Heart rot,Fruit cracking,Top sickness,None of these,A,"Copper deficiency in citrus plants leads to diseases such as gummosis and xanthomenia, as well as die back and reclamation disease."
1304,192,Soil Science,What is a primary function of boron in plants?,Regulates water intake in cells,Synthesis of chlorophyll,Production of amino acids,Formation of cell walls,None of these,A,Boron is concerned with water reactions in cells and regulates the intake of water into cells.
1305,192,Soil Science,Which of the following diseases is associated with zinc deficiency in rice?,White bud,Khaira disease,Little leaf,Mottled leaf,None of these,B,Khaira disease of rice is caused by zinc deficiency.
1306,192,Soil Science,What symptom is characteristic of copper deficiency in plants?,Chlorosis in young leaves,Yellowing of old leaves,Stunted growth,Root rot,None of these,A,Copper deficiency in plants shows chlorosis in the tips and margins of young leaves.
1307,192,Soil Science,Which disease is caused by boron deficiency in grapes?,Hen & chicken disease,Heart rot,Fruit cracking,Die back,None of these,A,Boron deficiency in grapes leads to the Hen & chicken disease.
1308,192,Soil Science,What role does zinc play in plants?,Biosynthesis of hormones,Regulation of photosynthesis,Water absorption,Chlorophyll production,None of these,A,Zinc is required for the biosynthesis of hormones in plants.
1309,192,Soil Science,Which of the following is a symptom of boron deficiency in cauliflower?,Browning or hollow stem,Yellowing of leaves,Stunted growth,Root rot,None of these,A,Boron deficiency in cauliflower results in browning or hollow stem.
1310,193,Soil Science,Which element is a component of vitamin B₁₂ and essential for the formation of leghaemoglobin?,Cobalt,Molybdenum,Chlorine,Sodium,None of these,A,"Cobalt is a component of vitamin B₁₂ and is essential for the formation of leghaemoglobin, which is a type of hemoglobin found in nitrogen-fixing nodule tissue."
1311,193,Soil Science,What is the primary function of Molybdenum in plants?,Nitrogen fixation in pulses,Oxygen carrier in roots,Component of vitamin B₁₂,Drought tolerance,None of these,A,Molybdenum is essential for nitrogen fixation in pulses and is a component of the enzyme nitrate reductase.
1312,193,Soil Science,Which deficiency causes 'whiptail' in cauliflower?,Molybdenum,Chlorine,Cobalt,Sodium,None of these,A,The deficiency of Molybdenum causes 'whiptail' in cauliflower.
1313,193,Soil Science,What is the primary form in which Chlorine is absorbed by plants?,Cl⁻,Cl₂,ClO⁻,ClO₂⁻,None of these,A,Chlorine is absorbed by plants in the form of Cl⁻.
1314,193,Soil Science,Which element is essential for osmoregulation and drought tolerance in sugar beet?,Sodium,Cobalt,Molybdenum,Chlorine,None of these,A,Sodium is essential for osmoregulation and is responsible for drought tolerance in sugar beet.
1315,193,Soil Science,Which deficiency causes fruit cracking in tomatoes?,Boron,Cobalt,Molybdenum,Chlorine,None of these,A,The deficiency of Boron causes fruit cracking in tomatoes.
1316,193,Soil Science,What is the condition called when chlorosis occurs between the veins but the veins remain green?,Magnesium deficiency,Iron deficiency,Manganese deficiency,Chlorine deficiency,None of these,A,Chlorosis between the veins while the veins remain green is a symptom of Magnesium deficiency.
1317,194,Soil Science,What is the primary characteristic that differentiates soils in a Catena sequence?,Variation in relief and drainage,Different parent material,Climatic differences,Age of the soil,None of these,A,"A Catena is a sequence of soils derived from similar parent material, climate, and age, but differing in relief and drainage."
1318,194,Soil Science,Which layer in soil is cemented by secondary carbonates of Ca⁺² and Mg⁺²?,Caliche,Clod,Crotovina,Cat clays,None of these,A,Caliche is a pedologic layer near the surface cemented by secondary carbonates of calcium and magnesium.
1319,194,Soil Science,What is the size range of a soil clod?,2-200 mm,0.1-2 mm,200-2000 mm,0.01-0.1 mm,None of these,A,A clod is an artificially produced compact coherent mass of soil ranging in size from 2-200 mm.
1320,194,Soil Science,What causes the formation of Crotovina in soil horizons?,Action of earthworms and other animals,Chemical weathering,Erosion by water,Deposition of organic matter by wind,None of these,A,Crotovina is a channel in the soil horizon produced by the action of earthworms and other animals.
1321,194,Soil Science,Why do wet clay soils become extremely acidic when drained?,Oxidation of sulfur compounds and formation of sulphuric acid,Leaching of basic cations,Increase in microbial activity,Accumulation of organic matter,None of these,A,"Wet clay soils have high amounts of sulfur in reduced forms that, upon being drained, become extremely acidic due to the oxidation of sulfur compounds and the formation of sulfuric acid."
1322,194,Soil Science,Which horizons are included in the Regolith?,A + B + C horizons,A + B horizons,B + C horizons,A + C horizons,None of these,A,"Regolith is the unconsolidated product of rock weathering and includes the A, B, and C horizons."
1323,194,Soil Science,What is the minimum percentage of organic matter required for a soil to be classified as organic soil?,20%,10%,30%,5%,None of these,A,Organic soil is defined as soil having at least 20% organic matter in low clay content soil.
1324,195,Soil Science,What is the maximum particle diameter that classifies a soil particle as a colloid?,< 1 µm,1–10 µm,10–100 µm,> 100 µm,None of these,A,Soil colloidal particles are defined as being generally smaller than 1 micrometer in diameter.
1325,195,Soil Science,"In a colloidal solution, the size of the dispersed particles typically falls within which range?",10⁻³ – 10⁻⁴ m,10⁻⁶ – 10⁻⁹ m,10⁻⁹ – 10⁻¹² m,10⁻¹ – 10⁰ m,None of these,B,The source states that colloidal particles range from 10⁻⁶ to 10⁻⁹ meters.
1326,195,Soil Science,The individual particle of a soil colloid is called a:,Micelle,Floc,Aggregate,Colloid,None of these,A,The text defines the individual particle of a colloid as a micelle.
1327,195,Soil Science,Which surface characteristic of micelles gives them a large surface area per unit weight?,Positive charge on surface,Negative charge on surface,Neutral charge,Hydrophobic interior,None of these,B,"Micelles carry negative charges on their surface, which together with their small size provides a large surface area per unit weight."
1328,195,Soil Science,"According to the order of adsorption strength, which ion is adsorbed most strongly by soil colloids?",Na⁺,K⁺,Ca²⁺,Al³⁺,None of these,D,"The hierarchy given is Al³⁺ > H⁺ > Ca²⁺ > Mg²⁺ > K⁺ > Na⁺, making Al³⁺ the strongest adsorbed."
1329,195,Soil Science,Which of the following cations exhibits the weakest adsorption onto soil colloids?,Al³⁺,H⁺,Mg²⁺,Na⁺,None of these,D,"In the listed order, Na⁺ is at the bottom, indicating the least adsorption strength."
1330,195,Soil Science,"In acidic soils, which cation is most likely to dominate the adsorption sites on colloids?",Al³⁺,H⁺,Ca²⁺,K⁺,None of these,A,"Al³⁺ has the highest adsorption affinity among the listed ions, so it preferentially occupies colloid sites in acidic conditions."
1331,196,Horticulture,Which part of the cauliflower is edible?,Curd,Leaves,Stem,Roots,None of these,A,"The edible part of cauliflower is the curd, which is the compact, white head formed by the cluster of flower buds."
1332,196,Horticulture,What is the primary cause of Whiptail in cauliflower?,Nitrogen deficiency,Potassium deficiency,Molybdenum deficiency,Calcium deficiency,None of these,C,"Whiptail of cauliflower is caused by Molybdenum (Mo) deficiency, which leads to distorted and discolored leaves."
1333,196,Horticulture,Which variety of mango is suitable for high-density planting?,Alphonso,Amrapali,Dashehari,Langra,None of these,B,Amrapali is a dwarf variety of mango that is particularly suitable for high-density planting due to its compact size.
1334,196,Horticulture,What is the richest source of vitamin C among the following?,Orange,Barbados cherry,Lemon,Guava,None of these,B,"Barbados cherry is known to be the richest source of vitamin C, containing significantly higher amounts compared to other fruits."
1335,196,Horticulture,Which hormone is responsible for fruit ripening?,Auxin,Gibberellin,Cytokinin,Ethylene,None of these,D,"Ethylene is the hormone responsible for fruit ripening, influencing the color, texture, and flavor changes during the ripening process."
1336,196,Horticulture,What is the process called when fruits develop without fertilization?,Apomixis,Parthenocarpy,Pollination,Germination,None of these,B,"Parthenocarpy is the development of fruits without fertilization, resulting in seedless fruits."
1337,196,Horticulture,Which family does Kesar (saffron) belong to?,Rosaceae,Iridaceae,Liliaceae,Asteraceae,None of these,B,"Kesar, also known as saffron, belongs to the family Iridaceae, which is known for its vibrant and colorful flowers."
1338,197,Horticulture,Which variety of ber is known for early ripening?,Gola,Seb,Umran,Kaithali,None of these,A,Gola is specifically mentioned as an early variety of ber in the source.
1339,197,Horticulture,What is the ideal planting season for deciduous plants?,March-April,May-June,Jan-Feb,Sept-Oct,None of these,C,The source explicitly states that the planting season for deciduous plants is Jan-Feb.
1340,197,Horticulture,Which part of the plant is used to obtain saffron?,Petals,Leaves,Style and Stigma,Roots,None of these,C,The source clearly mentions that saffron is obtained from the style and stigma of the plant.
1341,197,Horticulture,What is the primary method of propagating tea plants?,Seeds,Soft wood cutting,Grafting,Layering,None of these,B,The source states that tea is commonly propagated by soft wood cutting.
1342,197,Horticulture,Which state is the largest producer of litchi in India?,Punjab,Bihar,Kerala,Maharashtra,None of these,B,The source explicitly mentions that Bihar is the maximum litchi producing state.
1343,197,Horticulture,What is the recommended spacing for Pusa Nanha variety of papaya?,1.5 x 1.5 m²,1.0 x 1.0 m²,1.25 x 1.25 m²,2.0 x 2.0 m²,None of these,C,The source specifies that the recommended spacing for Pusa Nanha variety of papaya is 1.25 x 1.25 m².
1344,197,Horticulture,Which chemical preservative is used for colorless fruits?,Citric Acid,KMS,Sodium Benzoate,Ascorbic Acid,None of these,B,The source mentions that KMS is the chemical preservative used for colorless fruits.
1345,198,Horticulture,Which nutrient deficiency causes hard fruits in citrus?,Boron,Nitrogen,Potassium,Phosphorus,None of these,A,Boron deficiency is known to cause hard fruits in citrus plants.
1346,198,Horticulture,Which fruit is the richest source of Vitamin B2 (riboflavin)?,Bael,Mango,Apple,Citrus,None of these,A,Bael is recognized as the richest source of Vitamin B2 (riboflavin).
1347,198,Horticulture,Which organism causes Fig rust?,Cerotolium fici,Taphrina deformens,Hemelia vestatrix,Blastophaga pens,None of these,A,Cerotolium fici is the causal organism of Fig rust.
1348,198,Horticulture,Which fruit variety is known as the finest in the world?,Mango Steen,Apple Kent,Citrus Double Century,Bael Finest,None of these,A,Mango Steen is renowned as the finest fruit in the world.
1349,198,Horticulture,Which of the following fruits is native to India?,Cucumber,Watermelon,Apple,Citrus,None of these,A,Cucumber is native to India.
1350,198,Horticulture,Which pest is associated with sweet potato?,Cylas formicarius,Longitarsus nigripenis,Elaeidobius spp,Blastophaga pens,None of these,A,Cylas formicarius is the pest known to affect sweet potato.
1351,198,Horticulture,Which variety is associated with tuberose?,Rekha,Double Century,Kent,Pusa Chikni,None of these,A,Rekha is a variety of tuberose.
1352,199,Horticulture,Which disease is considered the most serious for rose plants?,Die back,Powdery mildew,Rust,Black spot,None of these,A,Die back is explicitly mentioned as the most serious disease of rose plants in the source.
1353,199,Horticulture,Which plant is commonly propagated using tissue culture?,Rose,Orchid,Marigold,Sunflower,None of these,B,The source states that tissue culture is common in Orchids.
1354,199,Horticulture,Which annual flower is of Indian origin?,Marigold,Petunia,Gomphrena,Zinnia,None of these,C,Gomphrena is identified as an annual flower of Indian origin in the source.
1355,199,Horticulture,Which chemical is used to prevent sprouting during the storage of onion?,Gibberellic acid,Naphthalene acetic acid (NAA),Maleic hydrazide (MH),Indole-3-butyric acid (IBA),None of these,C,Maleic hydrazide (MH) is mentioned in the source as the chemical used to prevent sprouting during the storage of onion.
1356,199,Horticulture,Which part of the plant is clove obtained from?,Stem,Leaf,Root,Flower,None of these,D,"The source specifies that clove, a commonly used spice, is obtained from the flower part of the plant."
1357,199,Horticulture,Which rootstock is most accepted for the commercial propagation of Sapota?,Rangpur lime,Rayan,Cleopatra mandarin,Rough lemon,None of these,B,The source mentions that Rayan is the most accepted rootstock for the commercial propagation of Sapota.
1358,199,Horticulture,Which enzyme is obtained from pineapple?,Papain,Bromelain,Ficin,Actinidin,None of these,B,The source states that Bromelain is the enzyme obtained from pineapple.
1359,200,Horticulture,What is the primary cause of bolting in onions?,High temperature,Low temperature,Excessive rainfall,Soil pH,None of these,B,"Bolting in onions is primarily caused by low temperature, except for the variety N-53."
1360,200,Horticulture,Which part of the plant is used as the scion in grafting?,Root,Lower part of stem,Upper part of stem,Leaf,None of these,C,The upper part of the stem is used as the scion in grafting.
1361,200,Horticulture,What is the highest source of energy among the given options?,Apple,Walnut,Carrot,Potato,None of these,B,Walnut is the highest source of energy due to its maximum fat content.
1362,200,Horticulture,Which vegetable crop has all parts edible?,Tomato,Winged bean,Cucumber,Spinach,None of these,B,Winged bean is the vegetable crop whose all parts are edible.
1363,200,Horticulture,What is the edible part of celery?,Root,Leaf,Leaf stalk,Seed,None of these,C,The edible portion of celery is the leaf stalk.
1364,200,Horticulture,Which fruit is known as the fruit of the new world?,Mango,Banana,Avocado,Grapes,None of these,C,Avocado is known as the fruit of the new world.
1365,200,Horticulture,What is the primary purpose of blanching in vegetables?,To enhance color,To inactivate enzyme activities,To increase sweetness,To reduce bitterness,None of these,B,Blanching in vegetables is primarily done to inactivate enzyme activities.
1366,201,Horticulture,What is the primary cause of forking in carrots?,Excessive watering,Compact soil and application of undecomposed FYM,Lack of sunlight,High temperature,None of these,B,Forking of carrots is primarily due to compact soil and the application of undecomposed farmyard manure (FYM).
1367,201,Horticulture,Which physiological process is responsible for the rapid deterioration of fruits and vegetables?,Photosynthesis,Transpiration,Respiration,Fermentation,None of these,C,Respiration is the physiological process that leads to the rapid deterioration of fruits and vegetables.
1368,201,Horticulture,Which vitamin is commonly lost during the processing of fruits and vegetables?,Vitamin A,Vitamin B,Vitamin C,Vitamin D,None of these,C,Vitamin C is the vitamin that is commonly lost during the processing of fruits and vegetables.
1369,201,Horticulture,Which nutrient improves the quality of fruits?,Nitrogen,Phosphorus,Potassium,Boron,None of these,D,Boron is the nutrient that improves the quality of fruits.
1370,201,Horticulture,What is the edible part of knoll khol?,Leaves,Roots,Swollen stem (knob),Flowers,None of these,C,"The edible part of knoll khol is the swollen stem, also known as the knob."
1371,201,Horticulture,Which of the following vegetables is a man-made cross between Brassica oleracea and B. napus?,Carrot,Potato,Rutabaga,Onion,None of these,C,Rutabaga is a man-made vegetable that is a cross between Brassica oleracea and B. napus.
1372,201,Horticulture,Which institute is located in Bangalore and is dedicated to horticultural research?,Central Institute for Subtropical Horticulture,Indian Institute of Horticultural Research,Central Plantation Crops Research Institute,Central Potato Research Institute,None of these,B,The Indian Institute of Horticultural Research (IIHR) is located in Bangalore and is dedicated to horticultural research.
1373,202,Horticulture,Which of the following is NOT a climacteric fruit?,Mango,Banana,Pineapple,Apple,None of these,C,"Pineapple is a non-climacteric fruit, meaning it does not ripen after being picked from the plant."
1374,202,Horticulture,Which state is the highest producer of onions in India?,Gujarat,Maharashtra,Uttar Pradesh,West Bengal,None of these,B,Maharashtra is the highest onion producing state in India.
1375,202,Horticulture,Which of the following is a suitable intercrop for a coconut orchard?,Papaya,Garlic,Banana,Mango,None of these,C,Banana is a suitable intercrop for a coconut orchard as it can grow well under the shade of coconut trees.
1376,202,Horticulture,Which fruit leads in production in India?,Mango,Citrus,Banana,Apple,None of these,C,Banana leads in production among fruits in India.
1377,202,Horticulture,Where is the National Research Center for Citrus located?,Pune,Nagpur,Gangtok,Varanasi,None of these,B,"The National Research Center for Citrus is located in Nagpur, Maharashtra."
1378,202,Horticulture,Which vegetable leads in area in India?,Onion,Tomato,Potato,Brinjal,None of these,C,Potato leads in area among vegetables in India.
1379,202,Horticulture,Which of the following is a non-climacteric fruit?,Guava,Pomegranate,Fig,Peach,None of these,B,"Pomegranate is a non-climacteric fruit, meaning it does not ripen after being picked from the plant."
1380,203,Horticulture,Which of the following fruits is classified as a tropical fruit?,Apple,Mango,Strawberry,Litchi,None of these,B,Mango is classified as a tropical fruit according to the climate-based classification provided.
1381,203,Horticulture,Which fruit type does Pomegranate belong to?,Berry,Drupe,Balausta,Pepo,None of these,C,Pomegranate is classified as a Balausta type of fruit.
1382,203,Horticulture,Which part of the fruit is edible in Coconut?,Pericarp,Mesocarp,Endosperm,Thalamus,None of these,C,The edible part of the Coconut is the Endosperm.
1383,203,Horticulture,Which of the following fruits is classified as a sub-tropical fruit?,Banana,Pineapple,Guava,Papaya,None of these,C,Guava is classified as a sub-tropical fruit according to the climate-based classification provided.
1384,203,Horticulture,Which fruit type does Fig belong to?,Berry,Drupe,Syconus,Pome,None of these,C,Fig is classified as a Syconus type of fruit.
1385,203,Horticulture,Which part of the fruit is edible in Apple?,Pericarp,Mesocarp,Endosperm,Thalamus,None of these,D,The edible part of the Apple is the Thalamus.
1386,203,Horticulture,Which of the following fruits is classified as a temperate fruit?,Mango,Banana,Apple,Litchi,None of these,C,Apple is classified as a temperate fruit according to the climate-based classification provided.
1387,204,Horticulture,Which fruit part is edible in Bael?,Placenta,Fleshy aril,Bracts,Juicy seed coat,None of these,A,"The edible part of Bael is the placenta, which is a unique feature of this fruit."
1388,204,Horticulture,What is the daily per capita requirement of fruits?,475 g,80 g,92 g,300 g,None of these,C,"The daily requirement of fruits per capita is 92 g, as specified in the nutritional guidelines."
1389,204,Horticulture,Which fruit is the richest source of Vitamin C?,Mango,Papaya,Barbados Cherry,Aonla,None of these,C,"Barbados Cherry contains 2000 mg of Vitamin C per 100 g, making it the richest source among the given options."
1390,204,Horticulture,Which vegetable has the highest Vitamin A content?,Coriander leaves,Bathua leaves,Fenugreek leaves,Amaranthus,None of these,B,"Bathua leaves have the highest Vitamin A content with 11,300 IU per 100 g."
1391,204,Horticulture,Which nut has the highest fat content?,Cashew nut,Almond,Walnut,Peas,None of these,C,Walnut has the highest fat content with 64.5% fat.
1392,204,Horticulture,Which fruit is known for its fleshy aril?,Bael,Litchi,Pineapple,Pomegranate,None of these,B,"Litchi is known for its fleshy aril, which is the edible part of the fruit."
1393,204,Horticulture,Which vegetable has the highest iron content?,Agathi,Amaranthus,Potato,Peas,None of these,B,Amaranthus has the highest iron content with 22.9% iron.
1394,205,Horticulture,Which nutrient deficiency causes 'Hen & chicken disease' in grapes?,Boron,Copper,Molybdenum,Zinc,None of these,A,"'Hen & chicken disease' in grapes is caused by a deficiency of Boron, as listed in the table of major nutritional deficiency diseases."
1395,205,Horticulture,What causes the red color in tomatoes?,Anthocyanin,Lycopene,Caricaxanthin,Carotene,None of these,B,"The red color in tomatoes is due to Lycopene, as specified in the table of causes of color/bitterness in fruits/vegetables."
1396,205,Horticulture,Which nutrient deficiency is responsible for 'Whiptail' in cauliflower?,Nitrogen,Molybdenum,Manganese,Zinc,None of these,B,"'Whiptail' in cauliflower is caused by a deficiency of Molybdenum, as indicated in the table of major nutritional deficiency diseases."
1397,205,Horticulture,What compound is responsible for the bitterness in cucumber?,Memordicocite,Cucurbitacin,Quercetin,Allyl propyl di-sulphide,None of these,B,"The bitterness in cucumber is due to Cucurbitacin, as mentioned in the table of causes of color/bitterness in fruits/vegetables."
1398,205,Horticulture,Which nutrient deficiency causes 'Khaira disease' in rice?,Boron,Copper,Zinc,Manganese,None of these,C,"'Khaira disease' in rice is caused by a deficiency of Zinc, as listed in the table of major nutritional deficiency diseases."
1399,205,Horticulture,What causes the pungency in garlic?,Isocyanate,Glucosilates,Di allyl di sulphide,Allyl propyl di-sulphide,None of these,C,"The pungency in garlic is due to Di allyl di sulphide, as specified in the table of causes of color/bitterness in fruits/vegetables."
1400,205,Horticulture,"Which nutrient deficiency causes 'Die back, little leaf & gummosis' in citrus?",Boron,Copper,Molybdenum,Manganese,None of these,B,"'Die back, little leaf & gummosis' in citrus is caused by a deficiency of Copper, as indicated in the table of major nutritional deficiency diseases."
1401,206,Horticulture,Sour taste of gram leaves is due to which acid?,Malic acid,Oxalic acid,Citric acid,Tartaric acid,None of these,A,Gram leaves contain malic acid which imparts a sour flavour.
1402,206,Horticulture,Pungency in pepper is caused by which compound?,Capsaicin,Oleoresins,Alkaloids,Terpenoids,None of these,B,Oleoresins are the essential oil and resin mixture responsible for pepper’s pungency.
1403,206,Horticulture,The pungency in cabbage leaves is due to which glucosinolate?,Glucosinolate,Sinigrin,Alliin,Lipoic acid,None of these,B,Sinigrin is a glucosinolate that gives cabbage its characteristic pungent taste.
1404,206,Horticulture,"Which fruit is popularly known as the ""King of fruits""?",Mango,Litchi,Apple,Banana,None of these,A,Mango is traditionally called the King of fruits due to its popularity and taste.
1405,206,Horticulture,"Which pulse is referred to as the ""Queen of pulses""?",Gram,Pea,Soybean,Lentil,None of these,B,Pea is known as the Queen of pulses for its high nutritional value.
1406,206,Horticulture,"In orchard site selection, what is the maximum acceptable land slope?",3%,5%,10%,15%,None of these,B,A slope greater than 5% is generally unsuitable for orchard establishment.
1407,206,Horticulture,"Which slope direction receives more sunshine, promoting early flowering?",Northern,Southern,Eastern,Western,None of these,B,"Southern slopes receive more direct sunlight, leading to earlier flowering of orchard trees."
1408,207,Horticulture,Which of the following crops are known for their poor fertility?,Papaya and Ber,Phalsa and Aonla,Grapes and Fig,Papaya and Grapes,None of these,B,Phalsa and Aonla are specifically mentioned in the source as poor fertile crops.
1409,207,Horticulture,Which soil texture is suitable for papaya and Ber?,Heavy texture,Medium texture,Light texture,Clay texture,None of these,C,The source states that light texture soil is suitable for papaya and Ber.
1410,207,Horticulture,Which training system is NOT suitable for high altitude and hot arid places with high wind velocity?,Open center system,Center leader system,Modified leadership system,Head system,None of these,B,The source explicitly mentions that the center leader system is not suitable for high altitude and hot arid places where wind velocity is high.
1411,207,Horticulture,Which pruning method involves removing a circular ring of bark to hasten bearing?,Thinning,Notching,Ringing or girdling,Heading back,None of these,C,Ringing or girdling involves removing a circular ring of bark to hasten bearing by allowing greater accumulation of photosynthesis in the upward portion of the plant.
1412,207,Horticulture,Which training system for grape vines is suitable for vigorous cultivars?,Head system,Kniffin system,Telephone system,Open center system,None of these,C,The telephone system is described as suitable for vigorous cultivars in the source.
1413,207,Horticulture,What is the primary purpose of pruning in plants?,To increase the height of the plant,To obtain better and qualitative yield,To change the color of the flowers,To reduce the need for watering,None of these,B,The source defines pruning as the removal of plant parts to obtain better and qualitative yield.
1414,207,Horticulture,Which pruning method is commonly practiced in Fig?,Thinning,Ringing or girdling,Notching,Heading back,None of these,C,Notching is mentioned in the source as a pruning method commonly practiced in Fig.
1415,208,Horticulture,Which planting system is known for keeping similar distances between rows and plants?,Square system,Rectangular system,Hexagonal system,Contour system,None of these,A,"The square system is known for keeping similar distances between rows and plants, denoted as R x R and P x P."
1416,208,Horticulture,Which planting system accommodates 15% more plants than the square system?,Rectangular system,Hexagonal system,Quincunx system,Contour system,None of these,B,The hexagonal or equilateral triangle system accommodates 15% more plants than the square system.
1417,208,Horticulture,Which system is most suitable for highly fertile soils and involves planting a 'filler' plant in the center of a square?,Square system,Rectangular system,Quincunx system,Triangular system,None of these,C,The Quincunx system is most suitable for highly fertile soils and involves planting a 'filler' plant in the center of a square.
1418,208,Horticulture,Which planting system is adopted in hilly areas and has non-uniform planting distance?,Square system,Rectangular system,Contour system,Triangular system,None of these,C,The contour system is adopted in hilly areas and has non-uniform planting distance.
1419,208,Horticulture,Which planting system is mostly used in High-Density Planting (HDP)?,Square system,Rectangular system,Hexagonal system,Triangular system,None of these,D,The triangular system is mostly used in High-Density Planting (HDP).
1420,208,Horticulture,Which of the following is a common filler plant used in the Quincunx system?,Mango,Papaya,Apple,Grapes,None of these,B,Papaya is a common filler plant used in the Quincunx system.
1421,208,Horticulture,Which planting system is known for keeping more space between rows compared to the distance between plants?,Square system,Rectangular system,Hexagonal system,Contour system,None of these,B,The rectangular system is known for keeping more space between rows compared to the distance between plants.
1422,209,Horticulture,Which propagation method is NOT used for Citrus?,Seeds,Air layering,Hardwood cutting,T-budding,None of these,C,"Citrus is propagated by Seeds, Air layering, and T-budding. Hardwood cutting is not a method used for Citrus propagation."
1423,209,Horticulture,Which fruit crop is propagated by Hardwood cutting?,Citrus,Grape,Pomegranate,Tea,None of these,B,"Grape is propagated by Hardwood cutting. Other methods are used for Citrus, Pomegranate, and Tea."
1424,209,Horticulture,Which family does the fruit crop 'Karonda' belong to?,Bromeliaceae,Apocyanaceae,Rutaceae,Sapindaceae,None of these,B,Karonda belongs to the Apocyanaceae family. The other families listed are for different fruit crops.
1425,209,Horticulture,Which of the following fruit crops is propagated by seeds?,Banana,Papaya,Pineapple,Strawberry,None of these,B,"Papaya is propagated by seeds. Banana, Pineapple, and Strawberry use different propagation methods."
1426,209,Horticulture,Which propagation method is used for both Rose and Apple?,Air layering,Shield budding,T-budding,Hardwood cutting,None of these,B,Both Rose and Apple are propagated by Shield budding. The other methods are not common to both.
1427,209,Horticulture,Which fruit crop belongs to the family 'Sapindaceae'?,Cashew,Litchi,Coffee,Fig,None of these,B,Litchi belongs to the family Sapindaceae. The other fruits belong to different families.
1428,209,Horticulture,Which propagation method is specific to Pineapple?,Suckers,Slips,Runners,Offshoot,None of these,B,Pineapple is propagated by Slips. The other methods are used for different fruit crops.
1429,210,Horticulture,What is the edible part of a mango called?,Mesocarp,Endocarp,Exocarp,Seed,None of these,A,"The edible part of a mango is called the mesocarp, which is the fleshy middle layer of the fruit."
1430,210,Horticulture,Which state in India is the largest producer of mangoes?,Uttar Pradesh,Maharashtra,Andhra Pradesh,Tamil Nadu,None of these,A,"Uttar Pradesh is the largest producer of mangoes in India, contributing significantly to the country's total mango production."
1431,210,Horticulture,What is the primary method of propagation for mango trees?,Veneer grafting,Seed propagation,Cutting,Layering,None of these,A,"Veneer grafting is the primary commercial method of propagation for mango trees, typically done between April and October."
1432,210,Horticulture,Which vitamin is mango the richest source of?,Vitamin A,Vitamin B,Vitamin C,Vitamin D,None of these,A,Mango is known to be the richest source of Vitamin A among the given options.
1433,210,Horticulture,What is the primary cause of mango malformation?,Low temperature & fungi,High temperature,Excessive rainfall,Pesticide use,None of these,A,Mango malformation is primarily caused by low temperature and fungal infections.
1434,210,Horticulture,Which variety of mango is known to be regular bearing and free from malformation?,Sai Sugandha,Alphonso,Dasheri,Rumani,None of these,A,Sai Sugandha is a variety of mango that is known for being regular bearing and free from malformation.
1435,210,Horticulture,What is the recommended treatment for disinfection of mango against fruit flies and stone weevil?,VHT (Vapour Heat Treatment),Chemical sprays,Biological control,Manual removal,None of these,A,VHT (Vapour Heat Treatment) is the recommended method for disinfection of mango against fruit flies and stone weevil.
1436,211,Horticulture,Which mango variety is known for its resistance to powdery mildew?,Lal sindhuri,Neelam,Edward,Banganapalli,None of these,A,Lal sindhuri is explicitly mentioned as a powdery mildew resistant new variety of mango.
1437,211,Horticulture,Which hybrid variety of mango is known to be free from spongy tissue?,Arka Anmol,Amrapali,Sindhu,Mallika,None of these,A,"Arka Anmol is described as being free from spongy tissue, making it the correct answer."
1438,211,Horticulture,Which mango variety is ideal for long transport and can produce two crops in a year?,Neelam,Chausa,Bombay Green,Fazli,None of these,A,Neelam is mentioned as being ideal for long transport and capable of producing two crops in a year.
1439,211,Horticulture,Which variety is known as the sweetest but late maturing variety of mango?,Chausa,Alphonso,Banganapalli,Langra,None of these,A,Chausa is described as the sweetest but late maturing variety of mango.
1440,211,Horticulture,Which hybrid mango variety is suitable for High-Density Planting (HDP)?,Amrapali,Ratna,Sindhu,Mallika,None of these,A,Amrapali is described as suitable for High-Density Planting (HDP) with a spacing of 2.5 x 2.5 m².
1441,211,Horticulture,Which mango variety is known for its characteristic turpentine flavor?,Langra,Kesar,Bombay Green,Dashahari,None of these,A,Langra is described as having a characteristic turpentine flavor.
1442,211,Horticulture,Which hybrid mango variety is known for having the highest vitamin content?,Mallika,Amrapali,Sindhu,Ratna,None of these,A,Mallika is described as having the highest vitamin content among the hybrid varieties.
1443,212,Horticulture,"Which mango variety group is described as alternate bearer, monoembryonic and self incompatible?",North Indian cultivar,South Indian varieties,Regular bearing varieties,Alternate bearer,None of these,A,"North Indian cultivars are noted in the source as alternate bearer, monoembryonic and self incompatible."
1444,212,Horticulture,Which of the following is a polyembryonic mango variety?,Neelam,Langra,Olour Goa,Niranjan,None of these,C,Olour Goa is listed under polyembryonic varieties in the source.
1445,212,Horticulture,The recommended chemical for managing mango mealy bug is applied at what concentration?,Carbaryl @ 0.25%,Karathane @ 0.1%,Neem oil @ 1%,DDT @ 0.5%,None of these,A,Management of mango mealy bug includes spraying carbaryl at 0.25%.
1446,212,Horticulture,Which pest is primarily controlled by vapour heat treatment (VHT) for mango export?,Mango stone weevil,Fruit fly,Stem borer,Mango hoppers,None of these,B,The source states that vapour heat treatment is used for the fruit fly in mango export.
1447,212,Horticulture,Powdery mildew of mango is most severe during which months?,June‑July,February‑March,September‑October,December‑January,None of these,B,The source notes severe powdery mildew occurrence in February‑March.
1448,212,Horticulture,Which disease becomes severe in humid and high‑rainfall areas?,Powdery mildew,Anthracnose,Bacterial leaf spot,Root rot,None of these,B,Anthracnose is described as severe in humid and high rainfall areas.
1449,212,Horticulture,Which statement about the mango stone weevil is correct?,Adults feed on leaf sap,Eggs are laid on fruit skin of developing fruits,Larvae develop in roots,It is a vector of viral disease,None of these,B,"The source indicates that mango stone weevil lays eggs on the fruit skin, and larvae move into pulp and stone."
1450,213,Horticulture,Which mango variety is more susceptible to the malformation caused by *Fusarium monilliformae* var. *subglutinana* that gives a bunchy top appearance?,Bombay green,Chausa,Arka aruna,Ratna,None of these,A,The text states that Bombay green and Chausa are more susceptible to this malformation.
1451,213,Horticulture,What is the primary cause of the black tip disorder in mango fruits?,Boron deficiency,Potassium deficiency,Smoke from brick kilns,Soil heat convection,None of these,C,"Black tip is caused by smoke of brick‑kilns containing gases such as CO, CO₂, SO₂ and acetylene."
1452,213,Horticulture,Which management practice is recommended to control black tip in mango orchards?,Pruning,Spraying borax (0.6 %),Spaying of Mencozeb,Spraying of NAA,None of these,B,The management section advises spraying borax 0.6 % (11 % boron) at three stages to control black tip.
1453,213,Horticulture,Spongy tissue in mango fruits is primarily caused by which of the following?,Soil heat convection,Boron deficiency,Potassium deficiency,Smoke from brick kilns,None of these,A,Spongy tissue is due to soil heat convection (high temperature) as stated in the source.
1454,213,Horticulture,Which of the following varieties is resistant to spongy tissue?,Arka aruna,Bombay green,Chausa,Ratna,None of these,A,The resistant varieties list includes Arka aruna as free from spongy tissue.
1455,213,Horticulture,Leaf scorching in mango is caused by deficiency of which nutrient?,Boron,Potassium,Calcium,Magnesium,None of these,B,"Leaf scorching is attributed to potassium deficiency, and spraying potassium sulphate is recommended."
1456,213,Horticulture,Which growth regulator is applied to mitigate alternate bearing in mango?,Mencozeb,NAA (Planofix),Paclobutrazol (Cultar),Borax,None of these,C,Cultar (paclobutrazol) at 5–10 g/plant induces flowering and helps manage alternate bearing.
1457,214,Horticulture,What is the primary method of propagation for banana plants?,Seeds,Sword suckers,Cutting leaves,Grafting,None of these,B,"Banana plants are primarily propagated by sword suckers, which are small shoots that emerge from the base of the banana plant."
1458,214,Horticulture,Which country is the largest producer of bananas in the world?,Brazil,India,China,Ecuador,None of these,B,"India is the largest producer of bananas in the world, as stated in the source."
1459,214,Horticulture,What is the most common ploidy of cultivated bananas?,Diploid,Triploid,Tetraploid,Haploid,None of these,B,"Most cultivated bananas are triploid in nature, meaning they have three sets of chromosomes."
1460,214,Horticulture,Which of the following is a diploid banana variety?,Dwarf Cavendish,Robusta,Lady Finger,Poovan,None of these,C,"The Lady Finger banana variety is diploid, meaning it has two sets of chromosomes."
1461,214,Horticulture,What is the common weight range for sword suckers used in banana propagation?,200-400 g,500-750 g,800-1000 g,1000-1200 g,None of these,B,The weight of sword suckers generally used for banana propagation is between 500-750 grams.
1462,214,Horticulture,Which disease in bananas is caused by the fungus Fusarium oxysporum?,Sigatoka leaf spot,Bunchy top,Panama wilt,Moko disease,None of these,C,Panama wilt in bananas is caused by the fungus Fusarium oxysporum p.v. cubensis.
1463,214,Horticulture,Which insect pest is a monophagous pest of banana?,Aphids,Rhizome weevil,Banana aphids,Fruit flies,None of these,B,"The rhizome weevil (Cosmopolitus sordidus) is a monophagous pest of banana, meaning it feeds exclusively on banana plants."
1464,215,Horticulture,Which of the following citrus fruits is highly susceptible to water logging?,Mandarin,Sweet Orange,Grapefruit,Lemon,None of these,A,Mandarins are highly susceptible to water logging as mentioned in the source.
1465,215,Horticulture,"What is the spacing required for planting lime, lemon, and sweet orange?",4 m x 4 m,5 m x 5 m,6 m x 6 m,7 m x 7 m,None of these,C,"The correct spacing for lime, lemon, and sweet orange is 6 m x 6 m as specified in the source."
1466,215,Horticulture,Which variety of mandarin is a commercial variety in South India?,Laddu,Coorg,Kinnow,King,None of these,B,Coorg is the commercial variety of mandarin in South India as stated in the source.
1467,215,Horticulture,What is the scientific name of Kagzi lime?,Citrus sinensis,Citrus reticulata,Citrus aurantifolia,Citrus limon,None of these,C,The scientific name of Kagzi lime is Citrus aurantifolia as mentioned in the source.
1468,215,Horticulture,Which method is commonly used for the propagation of sweet orange?,Seed propagation,Cutting,T’ budding or Patch budding,Grafting,None of these,C,T’ budding or Patch budding are the most common methods for the propagation of sweet orange as stated in the source.
1469,215,Horticulture,Which variety of acid lime is tolerant to tristeza and canker?,Chakradhar,Pramalini,Mithachikna,Sai sarbati,None of these,D,Sai sarbati is the variety of acid lime that is tolerant to tristeza and canker as mentioned in the source.
1470,215,Horticulture,What is the special kind of fruit skin referred to in citrus fruits?,Smooth skin,Leathery rind,Thick peel,Soft skin,None of these,B,Citrus fruits have a special kind of fruit skin referred to as leathery rind as stated in the source.
1471,216,Horticulture,Which pathogen is responsible for causing Tristeza disease in citrus plants?,Phytophthora spp.,Xanthomonas compestris p.v citri,Virus,Viroids,None of these,C,"Tristeza disease in citrus plants is caused by a virus, which is transmitted by aphids (Toxoptera sp.)."
1472,216,Horticulture,What is the primary cause of granulation in citrus fruits?,Copper deficiency,Molybdenum deficiency,High temperature and relative humidity during ripening,Citrus psylla infestation,None of these,C,Granulation in citrus fruits is primarily caused by high temperature and relative humidity during the ripening process.
1473,216,Horticulture,Which insect pest is responsible for transmitting citrus greening disease?,Phyllocnistis citrella,Toxoptera auranti,Diaphorina citri,Othreis fullonica,None of these,C,"The citrus psylla, Diaphorina citri, is the vector responsible for transmitting citrus greening disease."
1474,216,Horticulture,What is the yellow pigment found in papaya called?,Papain,Carica xanthin,Pepsin,Carpine,None of these,B,The yellow pigment found in papaya is called Carica xanthin.
1475,216,Horticulture,Which enzyme is present in the dried latex of papaya?,Papain,Carica xanthin,Pepsin,Carpine,None of these,C,The enzyme present in the dried latex of papaya is Pepsin.
1476,216,Horticulture,What is the seed rate for dioecious varieties of papaya?,100-200 g/ha,250-300 g/ha,400-500 g/ha,600-700 g/ha,None of these,C,The seed rate for dioecious varieties of papaya is 400-500 g/ha.
1477,216,Horticulture,Which of the following is a physiological disorder in citrus plants caused by copper deficiency?,Granulation,Exanthema,Yellow leaf,Die back,None of these,B,Exanthema is a physiological disorder in citrus plants caused by copper deficiency.
1478,217,Horticulture,What is the recommended spacing for Pusa nanha?,1.25 x 1.25 m²,1.50 x 1.50 m²,1.00 x 1.00 m²,2.00 x 2.00 m²,None of these,A,"The recommended spacing for Pusa nanha is 1.25 x 1.25 m², which accommodates 6000 plants per hectare."
1479,217,Horticulture,Which factor is most limiting for papaya cultivation in North India?,Drought,Frost,High temperature,Humidity,None of these,B,Frost is the most limiting factor for papaya cultivation in North India due to the cold weather conditions.
1480,217,Horticulture,Which disease is most serious for papaya seedlings?,Ring spot,Damping off,Papaya leaf curl,Stem rot,None of these,B,"Damping off is the most serious disease affecting papaya seedlings, caused by Pythium aphanidermatum."
1481,217,Horticulture,Which variety of papaya is known for nematode resistance?,Pusa delicious,Pusa majesty,Coorg honey dew,CO-3,None of these,B,Pusa majesty is a gynodioecious variety of papaya known for its resistance to nematodes.
1482,217,Horticulture,Which insecticide is recommended for managing white flies and aphids in papaya?,Malathion,Acephate,Carbaryl,Chlorpyrifos,None of these,B,Acephate is recommended for managing white flies and aphids in papaya at a concentration of 1.0 ml/liter.
1483,217,Horticulture,What is the origin of pomegranate?,India,China,Iran (Persia),Egypt,None of these,C,The origin of pomegranate is probably Iran (Persia).
1484,217,Horticulture,Which pigment is responsible for the red color in pomegranate fruits?,Chlorophyll,Carotenoids,Anthocyanin,Xanthophyll,None of these,C,Anthocyanin is the pigment responsible for the red color in pomegranate fruits.
1485,218,Horticulture,Which country holds the first position worldwide in area and production of pomegranate?,India,China,Iran,Turkey,None of these,A,"India has the largest area and production of pomegranate globally, as stated in the source."
1486,218,Horticulture,Which Indian state is the leading producer of pomegranate in terms of area and production?,Maharashtra,Karnataka,Andhra Pradesh,Gujarat,None of these,A,"Maharashtra leads in both area and production of pomegranate, per the source."
1487,218,Horticulture,"In tropical regions, the ideal planting period for pomegranate is:",April-May,July-August,September-October,November-December,None of these,B,The source specifies July-August as the ideal planting time in tropics.
1488,218,Horticulture,Which bahar is most commonly preferred by growers due to higher yield?,Ambe,Mrig,Hasta,Bhadra,None of these,A,"Ambe bahar is preferred for its higher flowering and yield, as noted in the table."
1489,218,Horticulture,Which variety is the leading pomegranate cultivar in Maharashtra?,Bhawaga,Jalore seedless,Ganesh,Ruby,None of these,A,Bhawaga is identified as the leading variety in Maharashtra in the source.
1490,218,Horticulture,Which bahar is associated with poor fruit quality and higher susceptibility to insect pests and diseases?,Mrig,Ambe,Hasta,Bhadra,None of these,A,The source states Mrig bahar has poor fruit quality and is more prone to pests and diseases.
1491,218,Horticulture,Which pomegranate variety is commonly grown in Rajasthan?,Jalore seedless,Ganesh,Kandhari,Arakta,None of these,A,"Jalore seedless is commonly grown in Rajasthan, as per the variety list."
1492,219,Horticulture,Which pest is considered a serious threat to pomegranate crops?,Anar butterfly,Fruit fly,Fruit sucking moth,Bacterial blight,None of these,A,"The Anar butterfly is identified as a serious pest of pomegranate, causing significant damage by boring pencil-sized holes in the fruits."
1493,219,Horticulture,What is the common name for bacterial blight in Maharashtra?,Nodal blight,Oily spot or Telya,Black spot,Fruit cracking,None of these,B,"In Maharashtra, bacterial blight is commonly known as oily spot or Telya."
1494,219,Horticulture,Which of the following is a method to manage Anar butterfly infestation?,Spraying with Borax,Covering fruits with butter paper,Pruning in April-May,Using Dodhia variety,None of these,B,Covering fruits with butter paper is a recommended method to manage Anar butterfly infestation.
1495,219,Horticulture,What causes fruit cracking in pomegranates?,Excessive irrigation,"Deficiency of Ca, B & K and irregular irrigation",Fungal infection,Viral infection,None of these,B,"Fruit cracking in pomegranates is caused by deficiency of calcium, boron, and potassium, along with irregular irrigation."
1496,219,Horticulture,Which variety of ber is resistant to fruit fly?,Gola,Dodhia,Umran,Illaichi,None of these,B,The Dodhia variety of ber is known to be resistant to fruit fly.
1497,219,Horticulture,What is the best time for pruning ber crops in Rajasthan?,January-February,June-July,April-May,September-October,None of these,C,The best time for pruning ber crops in Rajasthan is April-May.
1498,219,Horticulture,Which of the following is a late maturity variety of ber?,Gola,Kaithali,Umran,Seb,None of these,C,"Umran is a late maturity variety of ber, originating from Rajasthan."
1499,220,Horticulture,Which practice is used to avoid fruit fly attacks in guava cultivation?,Crop regulation,Stooling,Soil drenching,Pruning,None of these,A,Crop regulation involves tacking the winter crop instead of the rainy season crop to escape the attack of fruit flies.
1500,220,Horticulture,Which region is known for the best quality guava production?,Allahabad,Lucknow,Bihar,Kohir,None of these,A,The Allahabad region of UP is specifically mentioned as known for the best quality guava production.
1501,220,Horticulture,What is the most common and cheapest method of guava propagation?,Stooling,Grafting,Cutting,Layering,None of these,A,Stooling is explicitly stated as the most common and cheapest method of guava propagation.
1502,220,Horticulture,Which variety of guava is known for its pink flesh fruit and dual purpose use?,Lalit,Hafsi,Chittidar,Allahabad Surkha,None of these,A,Lalit is described as a variety with pink flesh fruit and dual purpose use.
1503,220,Horticulture,What is the causal organism for guava wilt?,Fusarium oxysporium p.v. Psidii,Odium jujube var. indica,Carpomia vesuviana,Psidium guajava,None of these,A,Guava wilt is caused by the organism Fusarium oxysporium p.v. Psidii.
1504,220,Horticulture,Which guava variety is a hybrid of Allahabad Safeda and Sardar (L-49)?,Hybrid-45,Arka Mridula,Safed Jam,Kohir Safed,None of these,A,Hybrid-45 is explicitly mentioned as a hybrid of Allahabad Safeda and Sardar (L-49).
1505,220,Horticulture,Which method is used to remove the rainy season crop in guava?,Spraying of urea during peak flowering,Pruning,Soil drenching,Stooling,None of these,A,The rainy season crop can be removed by spraying urea at the time of peak flowering period.
1506,221,Horticulture,Which insect pest is a serious threat to guava crops in South India?,Striped mealy bug,Guava tea mosquito bug,Bark eating caterpillar,Ring rust,None of these,A,The striped mealy bug (Ferrisa virgata) is specifically mentioned as a serious pest in South India.
1507,221,Horticulture,What is the primary cause of bronzing in plants?,Zinc deficiency,Boron deficiency,Magnesium deficiency,Iron deficiency,None of these,A,Bronzing is explicitly stated to be due to zinc (Zn) deficiency.
1508,221,Horticulture,Which variety of Aonla is known for being free from fruit necrosis?,Banarasi,Kanchan,Chakiya,Hathijhool,None of these,C,The Chakiya variety is described as being free from fruit necrosis.
1509,221,Horticulture,What is the ideal time for planting unrooted grape cuttings?,January-February,October,December-January,March-April,None of these,B,The ideal time for planting unrooted grape cuttings is mentioned as October.
1510,221,Horticulture,Which training system is mostly adopted for grapes in India?,Espalier system,Bower system,Cordon system,Head system,None of these,B,The Bower system is explicitly stated as the training system mostly adopted in India.
1511,221,Horticulture,Which element is universally deficient in grape cultivation?,Zinc,Magnesium,Boron,Iron,None of these,B,Magnesium (Mg) is mentioned as the universally deficient element in grape cultivation.
1512,221,Horticulture,What is the primary use of large-sized Aonla fruits?,Fresh consumption,Preservation as candy,Juice extraction,Seed production,None of these,B,Large-sized Aonla fruits are mostly utilized for preservation as candy.
1513,222,Horticulture,Which grape variety is specifically used for making white wine?,Arka Hans,Arka Trishna,Thomson Seedless,Muscat,None of these,A,Arka Hans is specifically mentioned as a variety used for making white wine.
1514,222,Horticulture,What is the primary cause of Hen & Chicken disease in grapes?,Ca deficiency,Bo deficiency,Improper pollination,High temperature,None of these,B,Hen & Chicken disease in grapes is caused by Boron (Bo) deficiency.
1515,222,Horticulture,Which insect-pest of coconut is known for causing a fan-like appearance of leaves?,Red palm weevil,Black headed caterpillar,Rhinoceros beetle,Flea beetle,None of these,C,The Rhinoceros beetle is known for causing a fan-like appearance of leaves in coconut trees.
1516,222,Horticulture,Which state in India has the highest share in coconut production?,Tamil Nadu,Karnataka,Kerala,Andhra Pradesh,None of these,C,"Kerala has the highest share in coconut production in India, contributing 42%."
1517,222,Horticulture,What is the scientific name of the insect-pest known as Flea beetle?,Rhiphiphothrips cruntatus,Scelodenta strigicollis,Oryctus rhinoceros,Opisinia arenosella,None of these,B,The scientific name of the Flea beetle is Scelodenta strigicollis.
1518,222,Horticulture,Which variety of grape is mostly grown in Rajasthan?,Thomson Seedless,Perlette,Anab-e-Shahi,Dilkhush,None of these,B,Perlette is the variety of grape mostly grown in Rajasthan.
1519,222,Horticulture,What is the primary cause of Pink berry formation in Thompson seedless grapes?,Ca deficiency,Bo deficiency,Improper pollination,High temperature,None of these,D,Pink berry formation in Thompson seedless grapes is due to high temperature.
1520,223,Horticulture,Which pathogen causes Crown gall in apple trees?,Agrobacterium tumefaciens,Erwinia amylovora,Venturia subinaequalis,Aceria guerreonis,None of these,A,Crown gall in apple trees is caused by the bacterium Agrobacterium tumefaciens.
1521,223,Horticulture,What is the primary symptom of Water core disease in apples?,Scabby appearance,Boron deficiency,Cracking of fruits,Whitish cotton patches,None of these,B,Water core disease in apples is primarily caused by Boron deficiency.
1522,223,Horticulture,Which insect pest is responsible for forming characteristic galls on the roots of apple trees?,Quadraspidiotus perniciosus,Eriosoma lanigerum,Aceria guerreonis,Aphelinus mali,None of these,B,"The Wooly apple aphid, Eriosoma lanigerum, is responsible for forming characteristic galls on the roots of apple trees."
1523,223,Horticulture,What is the main parasitoid of the San Jose scale?,Aphelinus mali,Encarsia perniciosi,Venturia subinaequalis,Erwinia amylovora,None of these,B,The main parasitoid of the San Jose scale is Encarsia perniciosi.
1524,223,Horticulture,Which disease is caused by a deficiency of Calcium in apples?,Crown gall,Fire blight,Bitter pit and cracking,Apple scab,None of these,C,Bitter pit and cracking in apples is caused by a deficiency of Calcium.
1525,223,Horticulture,Which of the following is a fungal disease of apple trees?,Crown gall,Fire blight,Apple scab,Water core,None of these,C,Apple scab is a fungal disease caused by Venturia subinaequalis.
1526,223,Horticulture,What is the primary symptom of San Jose scale infestation on apple fruits?,Pale-green leaves,Scaly appearance with red areas,Whitish cotton patches,Characteristic galls,None of these,B,The primary symptom of San Jose scale infestation on apple fruits is a scaly appearance with each spot surrounded by a scarlet or red area.
1527,224,Horticulture,Which country is the second largest producer of vegetables after China?,India,United States,Brazil,Russia,None of these,A,"India is the second largest producer of vegetables after China, accounting for 13.38% of world production."
1528,224,Horticulture,Which state in India has the largest area and production of vegetables?,West Bengal,Tamil Nadu,Maharashtra,Uttar Pradesh,None of these,A,West Bengal is the state in India with the largest area and production of vegetables.
1529,224,Horticulture,Which vegetable is a rich source of folic acid?,Green leafy vegetables,Cucumber,Pumpkin,Sweet potato,None of these,A,Green leafy vegetables are known to be a rich source of folic acid.
1530,224,Horticulture,Which compound in onion and garlic is capable of protecting against cancer and heart disease?,Quercetin,Di allyl di sulphide,Vitamin P,Potassium,None of these,A,Quercetin is the compound present in onion and garlic that is capable of protecting against cancer and heart disease.
1531,224,Horticulture,Which of the following is a non-climacteric vegetable fruit?,Cucumber,Bitter gourd,Pumpkin,Ridge gourd,None of these,A,Cucumber is classified as a non-climacteric vegetable fruit.
1532,224,Horticulture,Which variety of pumpkin is popular?,Pusa vishwas,Pusa nasdar,Pusa chikni,Pusa manjari,None of these,A,Pusa vishwas is a popular variety of pumpkin.
1533,224,Horticulture,Which training system is used commercially for ridge gourd?,Kniffin system,Espalier system,Cordon system,Fan system,None of these,A,Ridge gourd is commercially trained on the Kniffin system.
1534,225,Horticulture,Which family does the vegetable with the botanical name *Allium sativum* belong to?,Alliaceae,Lilliaceae,Araceae,Chenopodiaceae,None of these,A,"*Allium sativum* is the botanical name for Garlic, which belongs to the Alliaceae family."
1535,225,Horticulture,What is the edible part of the vegetable *Colocasia esculenta*?,Bulb,Corms,Leaves,Fruit,None of these,B,"*Colocasia esculenta*, commonly known as Taro, has corms as its edible part."
1536,225,Horticulture,From which region does the vegetable *Cucumis sativus* originate?,Central Asia,Europe,India,South America,None of these,C,"*Cucumis sativus*, commonly known as Cucumber, originates from India."
1537,225,Horticulture,Which of the following vegetables has leaves as its edible part?,Beet root,Palak,Turnip,Cabbage,None of these,B,"Palak, with the botanical name *Beta vulgaris var. bengalensis*, has leaves as its edible part."
1538,225,Horticulture,What is the botanical name of the vegetable commonly known as Sweet Potato?,Ipomea batata,Cucurbita moschata,Lagenaria siceraria,Momordica charantia,None of these,A,The botanical name of Sweet Potato is *Ipomea batata*.
1539,225,Horticulture,Which family does the vegetable *Brassica rapa* belong to?,Alliaceae,Cruciferae /Brassicaceae,Chenopodiaceae,Cucurbitaceae,None of these,B,"*Brassica rapa*, commonly known as Turnip, belongs to the Cruciferae /Brassicaceae family."
1540,225,Horticulture,What is the origin of the vegetable *Citrullus lanatus*?,Central Asia,Europe,Tropical Africa,South America,None of these,C,"*Citrullus lanatus*, commonly known as Water Melon, originates from Tropical Africa."
1541,226,Horticulture,Which of the following vegetables is classified as a tuber?,Potato,Okra,Carrot,Tomato,None of these,A,Potato is classified as a tuber because it is an underground storage organ that stores nutrients for the plant.
1542,226,Horticulture,Which family does the vegetable 'Brinjal' belong to?,Solanaceae,Malvaceae,Leguminaceae,Umbeliferae,None of these,A,"Brinjal belongs to the Solanaceae family, which is also known as the nightshade family."
1543,226,Horticulture,Which of the following vegetables is a biennial?,Carrot,Okra,Tomato,Sweet potato,None of these,A,"Carrot is a biennial vegetable, meaning it has a life cycle that spans two years."
1544,226,Horticulture,Which vegetable originates from Mexico?,French bean,Peas,Okra,Carrot,None of these,A,French bean (Phaseolus vulgaris) originates from Mexico.
1545,226,Horticulture,Which of the following is a long day vegetable?,Onion,Okra,Sweet potato,Tomato,None of these,A,"Onion is classified as a long day vegetable, meaning it requires more than 12 hours of daylight to grow properly."
1546,226,Horticulture,Which family does the vegetable 'Cassava' belong to?,Euphorbiaceae,Solanaceae,Leguminaceae,Umbeliferae,None of these,A,"Cassava belongs to the Euphorbiaceae family, which is also known as the spurge family."
1547,226,Horticulture,Which of the following vegetables is an annual?,Okra,Carrot,Cabbage,Onion,None of these,A,"Okra is classified as an annual vegetable, meaning it completes its life cycle in one year."
1548,227,Horticulture,Which of the following vegetables is classified as a short-day vegetable?,Sweet potato,Tomato,Okra,Chilli,None of these,A,"Sweet potato is classified as a short-day vegetable, whereas the others listed are day-neutral vegetables."
1549,227,Horticulture,Which vegetable is an example of a dioecious plant?,Cucurbits,Spinach,Amaranths,Cowpea,None of these,B,"Spinach is an example of a dioecious plant, where male and female flowers are present on separate plants."
1550,227,Horticulture,What is the botanical name of tomato?,Lycopersicon esculentum,Solanum tuberosum,Capsicum annuum,Cucumis sativus,None of these,A,The botanical name of tomato is Lycopersicon esculentum.
1551,227,Horticulture,Which chemical is responsible for the red color in tomatoes?,Chlorophyll,Carotene,Lycopene,Anthocyanin,None of these,C,The red color in tomatoes is due to the presence of lycopene.
1552,227,Horticulture,What is the seed rate for hybrid tomato varieties?,350-400 g/ha,200-250 g/ha,100-150 g/ha,50-100 g/ha,None of these,C,The seed rate for hybrid tomato varieties is 100-150 g/ha.
1553,227,Horticulture,Which disease in tomato is caused by calcium deficiency?,Early blight,Late blight,Blossom end rot,Fusarium wilt,None of these,C,Blossom end rot (BER) in tomatoes is caused by calcium deficiency.
1554,227,Horticulture,Which variety of tomato is a cross between Sioux and Improved Meeruti?,Arka Vikas,Pusa Ruby,Punjab Chhuhara,Roma,None of these,B,Pusa Ruby is a variety of tomato that is a cross between Sioux and Improved Meeruti.
1555,228,Horticulture,Which tomato variety is resistant to nematodes?,Pusa-120,Arka Sourabh,Pusa Sheetal,Roma,None of these,A,Pusa-120 is explicitly mentioned as nematode resistant in the source.
1556,228,Horticulture,Which variety of tomato is suitable for winter season?,Pusa Sheetal,Arka Vikash,Hissar Lalit,Pusa Gaurav,None of these,A,Pusa Sheetal is specifically mentioned as suitable for the winter season.
1557,228,Horticulture,Which tomato variety is resistant to Fruit borer (Helicoverpa armigera)?,Parker,Roma,Pusa-120,Arka Sourabh,None of these,A,Parker is mentioned as resistant to Fruit borer (Helicoverpa armigera).
1558,228,Horticulture,Which physiological disorder in tomatoes is caused by calcium deficiency and high temperature?,Fruit cracking,Blossom end rot (BER),Puffiness,Sun scald,None of these,B,Blossom end rot (BER) is caused by calcium deficiency and high temperature.
1559,228,Horticulture,Which insect pest transmits the leaf curl virus in tomatoes?,Fruit borer,White fly,Serpentine leaf minor,Aphids,None of these,B,White fly (Bemisia tabaci) is mentioned as the transmitter of the leaf curl virus.
1560,228,Horticulture,Which genetically modified tomato variety was developed to delay ripening?,Flavr Savr,Pusa-120,Roma,Parker,None of these,A,Flavr Savr is mentioned as a genetically modified variety developed to delay ripening.
1561,228,Horticulture,Which of the following is a bacterial disease of tomato?,Leaf curl,Blight,Fruit cracking,Puffiness,None of these,B,Blight of tomato is explicitly mentioned as a bacterial disease.
1562,229,Horticulture,Which pigment is responsible for the color of brinjal?,Anthocyanin,Chlorophyll,Carotenoids,Xanthophyll,None of these,A,"Anthocyanin is the pigment present in brinjal, which gives it its characteristic color."
1563,229,Horticulture,Which variety of brinjal is resistant to Phomopsis blight and bacterial wilt?,Pusa purple long,Pant samrat,Azad kranti,Black beauty,None of these,B,Pant samrat is the variety of brinjal that is resistant to Phomopsis blight and bacterial wilt.
1564,229,Horticulture,What is the seed rate for nursery sowing of brinjal?,100 g/ha,200 g/ha,300 g/ha,400 g/ha,None of these,B,The seed rate for nursery sowing of brinjal is 200 g/ha.
1565,229,Horticulture,Which hybrid variety of brinjal is known for the highest yielding?,Pant rituraj,Pusa bindu,Arka navneet,Arka neelkantha,None of these,C,Arka navneet is the hybrid variety of brinjal known for the highest yielding.
1566,229,Horticulture,Which insect pest causes 'dead heart' in young brinjal plants?,Hadda beetle,Brinjal brown leaf hopper,Fruit and shoot borer,White flies,None of these,C,The fruit and shoot borer (Leucinodes orbonalis) causes 'dead heart' in young brinjal plants.
1567,229,Horticulture,Which chemical is used to manage fruit and shoot borer in brinjal?,Imidacloprid,Spirotetramat,Flubendiamide,Both B and C,None of these,D,Both Spirotetramat 150 SC @ 75 g a.i. /ha and Flubendiamide 48 SC @ 60 g a.i. /ha are used to manage fruit and shoot borer in brinjal.
1568,229,Horticulture,Which disease of brinjal is transmitted by leaf hoppers?,Phomopsis blight,Bacterial wilt,Little leaf,Nematode infection,None of these,C,Little leaf of brinjal is transmitted by leaf hoppers (Cestius phycitis).
1569,230,Horticulture,What is the primary cause of the red color in chillies?,Capsaicin,Capsanthin,Colletotrichum capsici,Triacontanol,None of these,B,"The red color in chillies is due to the pigment capsanthin, which is specifically mentioned in the source."
1570,230,Horticulture,Which compound is responsible for the pungency in chillies?,Capsanthin,Colletotrichum capsici,Capsaicin,NAA,None of these,C,"Capsaicin is the compound responsible for the pungency in chillies, as stated in the source."
1571,230,Horticulture,Which state in India is a pioneer in chilli production?,Punjab,Andhra Pradesh,Maharashtra,Karnataka,None of these,B,Andhra Pradesh is mentioned as the pioneer in chilli production in the source.
1572,230,Horticulture,Which variety of chilli is resistant to thrips?,Arka Mohini,Andhra Jyoti,Pusa Jwala,Bhaskar,None of these,C,Pusa Jwala is specifically mentioned as being resistant to thrips in the source.
1573,230,Horticulture,What is the seed rate for hybrid capsicum annum per hectare?,1.0-1.5 kg,250 g,500 g,750 g,None of these,B,The seed rate for hybrid capsicum annum is given as 250 g per hectare in the source.
1574,230,Horticulture,Which insecticide is recommended for managing chilli thrips and whiteflies?,Triacontanol,Acephate,NAA,Calcium nitrate,None of these,B,"Acephate is recommended for managing chilli thrips and whiteflies, as mentioned in the source."
1575,230,Horticulture,Which variety of chilli is suitable for High-Density Planting (HDP)?,Arka Lohit,Jwalamukhi,Bhagyalakshmi,Punjab Lal,None of these,B,Jwalamukhi is mentioned as suitable for High-Density Planting (HDP) in the source.
1576,231,Horticulture,Which of the following is a major pest of okra?,Fruit borer (*Earias vitella*),Aphids,Cutworms,Root-knot nematodes,None of these,A,The fruit borer (*Earias vitella*) is explicitly mentioned as a major pest of okra in the source material.
1577,231,Horticulture,What is the optimum seed rate for okra during the kharif season?,12-15 kg/ha,18-20 kg/ha,10-12 kg/ha,20-22 kg/ha,None of these,A,The source material specifies that the optimum seed rate for okra during the kharif season is 12-15 kg/ha.
1578,231,Horticulture,Which variety of okra is resistant to white flies?,Pusa sawani,Varsha uphar,Punjab padmini,Arka abhay,None of these,B,The source material lists Varsha uphar as a variety of okra that is resistant to white flies.
1579,231,Horticulture,What is the ancestor of Cole crops?,Colewort,Wild lettuce,Spinach,Kale,None of these,A,The source material states that the ancestor of Cole crops is Colewort.
1580,231,Horticulture,Which pathogen causes club rot of cauliflower?,*Plasmodiophora brassicae*,*Erwinia crotovera*,*Albugo candida*,*Fusarium oxysporum*,None of these,A,The source material specifies that club rot of cauliflower is caused by *Plasmodiophora brassicae*.
1581,231,Horticulture,What is the characteristic flavor of Cole crops due to?,Di methyl tri sulphite,Sulphur compounds,Essential oils,Alkaloids,None of these,A,The source material states that the characteristic flavor of Cole crops is due to the presence of di methyl tri sulphite.
1582,231,Horticulture,Which insect pest of Cole crops has developed resistance against most insecticides?,Diamond back moth (*Plutella xylostella*),Cabbage looper,Flea beetles,Cabbage aphids,None of these,A,The source material mentions that the diamond back moth (*Plutella xylostella*) has developed resistance against most insecticides.
1583,232,Horticulture,Which crop is used as a trap crop for managing Diamondback Moth (DBM) in agriculture?,Indian mustard,Cabbage,Cauliflower,Brussels sprouts,None of these,A,Indian mustard is specifically mentioned as a trap crop that attracts 80-90% of Diamondback Moth (DBM).
1584,232,Horticulture,Which pesticide is recommended for controlling pests in cabbage at a rate of 250 ml/ha?,Quinolphos 35 EC,Cartap hydrochloride,Fenvalerate 20 EC,Malathion,None of these,A,Quinolphos 35 EC is recommended for spraying at a rate of 250 ml/ha for pest control in cabbage.
1585,232,Horticulture,What is the scientific name of the Mustard sawfly?,Athalia proxima lugens,Plusia orichalcea,Pieris brassicae,Mamestra brassicae,None of these,A,The scientific name of the Mustard sawfly is Athalia proxima lugens.
1586,232,Horticulture,What is the fruit type of cabbage?,Siliqua,Pome,Drupe,Berry,None of these,A,The fruit type of cabbage is known as a siliqua.
1587,232,Horticulture,Which variety of cabbage is known for being an early and round variety?,Golden Acre,Copenhagen Market,Pride of India,Pusa Drumhead,None of these,C,Pride of India is specifically mentioned as an early and round variety of cabbage.
1588,232,Horticulture,What is the purpose of blanching in early varieties of cauliflower?,To protect the curd from attaining a yellow color and to arrest enzymatic activity,To enhance the flavor,To increase the size of the curd,To prevent pest infestation,None of these,A,Blanching in early varieties of cauliflower is done to protect the curd from attaining a yellow color after their direct exposure to the sun and to arrest enzymatic activity.
1589,232,Horticulture,Which hybrid of cabbage is resistant to black rot?,Pusa mukta,Pusa drumhead,Pusa sambandh,Golden Acre,None of these,A,Pusa mukta is specifically mentioned as a hybrid of cabbage that is resistant to black rot.
1590,233,Horticulture,Which of the following is NOT an early variety of cauliflower?,Pusa early synthetic,Pusa himjyoti,Pusa deepali,Pusa sharad,None of these,B,Pusa himjyoti is a late variety of cauliflower that can be grown from April to July in the hills.
1591,233,Horticulture,What is the primary cause of 'Buttoning' disorder in cauliflower?,Low temperature and frost,Nitrogen deficiency,Boron deficiency,Mo deficiency in acidic soils,None of these,B,'Buttoning' in cauliflower is characterized by the development of small curds in young plants and is primarily caused by nitrogen deficiency.
1592,233,Horticulture,Which disorder in cauliflower is caused by Mo deficiency in acidic soils?,Blindness,Whiptail,Chlorosis,Browning,None of these,B,"'Whiptail' is a disorder in cauliflower where only the midrib of the leaf blade develops, caused by Mo deficiency in acidic soils."
1593,233,Horticulture,What is the main cause of 'Hollow stem' in cauliflower?,Nitrogen deficiency,Excessive use of nitrogen fertilizers and boron deficiency,Low temperature and frost,Mo deficiency in acidic soils,None of these,B,'Hollow stem' in cauliflower is caused by the excessive use of nitrogen fertilizers and a deficiency of boron.
1594,233,Horticulture,Which of the following is a rich source of Vitamin B?,Cauliflower,Onion,Garlic,Potato,None of these,B,Onion (Allium cepa) is a rich source of Vitamin B.
1595,233,Horticulture,What causes the pungency in onions?,Quecertin,Allyl propyl di sulphide,Vitamin B,Honey bees,None of these,B,The pungency in onions is due to the presence of Allyl propyl di sulphide.
1596,233,Horticulture,What is the cause of 'Purple blotch' in onion and garlic?,Low temperature,Alternaria porii,High humidity,Nitrogen deficiency,None of these,B,'Purple blotch' in onion and garlic is caused by the fungus Alternaria porii.
1597,234,Horticulture,Which market in Maharashtra is recognized as the largest onion market in India?,Lassalgoan,Nagpur,Bhavnagar,Coimbatore,None of these,A,Lassalgoan in Maharashtra is cited as the biggest onion market in the country.
1598,234,Horticulture,What phenolic factor present in onion exhibits antifungal activity?,Cate chol,Allicin,Allin,Sulfur compounds,None of these,A,"The source states that cate chol, a phenolic factor in onion, has antifungal properties."
1599,234,Horticulture,Which pesticide and dosage is recommended for controlling thrips in onion?,Acephate @ 1 ml per litre of water,Chlorpyrifos @ 2 ml per litre of water,Malathion @ 0.5 ml per litre of water,Carbaryl @ 1 ml per litre of water,None of these,A,"Thrips, an important onion pest, can be managed by spraying Acephate at 1 ml per litre of water."
1600,234,Horticulture,What is the recommended seed rate for direct planting of onion using bulbs per hectare?,10‑12 kg / ha,250‑300 kg / ha,750‑1000 kg / ha,1500‑2000 kg / ha,None of these,C,"For direct planting, the source lists a seed rate of 750 to 1000 kg of onion bulbs per hectare."
1601,234,Horticulture,Which onion variety can be cultivated in both Rabi and Kharif seasons?,Pusa red,Arka pragati,N‑53,Udaipur 101,None of these,B,Arka pragati is noted as a variety that grows in both Rabi and Kharif seasons.
1602,234,Horticulture,Brown heart disorder in radish is caused by deficiency of which nutrient?,Nitrogen,Phosphorus,Boron,Potassium,None of these,C,The source attributes brown heart in radish to boron deficiency.
1603,234,Horticulture,Which compound is identified as the antibacterial substance of garlic?,Allin,Allicin,Cate chol,Thiosulfinates,None of these,B,Allicin is specified in the source as the antibacterial substance present in garlic.
1604,235,Horticulture,Carrot is considered an annual crop for root production but a biennial for what?,Root production,Flowering and fruit set,Leaf production,Seed production,None of these,B,"Carrot yields roots in the first year, but flowers and sets fruit only in the second year."
1605,235,Horticulture,Which of the following is NOT a cause of carrot forking?,Hard pan of soil,Application of undecomposed FYM,Overwatering,Drought stress,None of these,D,"Forking is caused by hard soil, undecomposed FYM, overcrowding, overwatering, and Meloidogyne infestation, not drought."
1606,235,Horticulture,What is the recommended seed rate for carrot cultivation?,2-3 kg/ha,4-5 kg/ha,5-6 kg/ha,7-8 kg/ha,None of these,C,The source states 5-6 kg/ha of seeds is sufficient for carrot.
1607,235,Horticulture,Pusa vishwas is a variety of which cucurbit?,Pumpkin,Turai,Tinda,Watermelon,None of these,A,The source lists Pusa vishwas as a variety of pumpkin.
1608,235,Horticulture,Powdery mildew in cucurbits is caused by which pathogen?,Erysiphe cichoracearum,Pseudoperanospora cubensis,Serratia marcescens,Pseudomonas syringae,None of these,A,Erysiphe cichoracearum is the agent of powdery mildew in cucurbits.
1609,235,Horticulture,Which variety is suitable for early sowing?,Pusa kesar,Pusa meghali,Chantenay,Imperator,None of these,A,Pusa kesar is noted as suitable for early sowing.
1610,235,Horticulture,Which variety has the highest vitamin‑A content?,Pusa meghali,Pusa kesar,Pusa rashmi,Pusa safed,None of these,A,Pusa meghali is described as having the highest vitamin‑A.
1611,236,Horticulture,Which part of the plant does the grub of the red pumpkin beetle primarily damage?,Leaves,Roots and underground stem,Fruits,Flowers,None of these,B,The grub of the red pumpkin beetle damages the plant by boring into the roots and underground stem.
1612,236,Horticulture,What is the primary damage caused by the maggots of cucurbit fruit flies?,They feed on the leaves,They feed on the pulp and seeds of the fruit,They damage the roots,They feed on the flowers,None of these,B,"The maggots of cucurbit fruit flies feed on the pulp and seeds, causing the fruit to become soft and rotten."
1613,236,Horticulture,What is the common name for the cucurbit mite?,Red spider mite,Green spider mite,Yellow spider mite,Black spider mite,None of these,A,The cucurbit mite is commonly known as the red spider mite.
1614,236,Horticulture,Which chemical is recommended for controlling the cucurbit mite?,Carbofuran,Methyl parathion,Dicofol/Ethion,Malathion,None of these,C,Dicofol/Ethion 50 EC @ 1.5 ml/liter is recommended for controlling the cucurbit mite.
1615,236,Horticulture,What is the primitive sex form of cucumber?,Dioecious,Gynoecious,Monoecious,Androecious,None of these,C,The primitive sex form of cucumber is monoecious.
1616,236,Horticulture,What is the cause of pillow disease in cucumber?,Nitrogen deficiency,Potassium deficiency,Calcium deficiency,Phosphorus deficiency,None of these,C,Pillow disease of cucumber is due to calcium deficiency.
1617,236,Horticulture,Which variety of cucumber is gynoecious?,Japanese long green,Poinsett,Balaam kheera,Pusa sanyog,None of these,D,Pusa sanyog is a gynoecious variety of cucumber.
1618,237,Horticulture,What percentage of water does a watermelon fruit typically contain?,92-95%,85-90%,80-85%,90-92%,None of these,A,"Watermelon fruit contains 92-95% water, making it one of the most hydrating fruits."
1619,237,Horticulture,What does a metallic sound indicate when harvesting watermelons?,Maturity,Immaturity,Over-ripeness,Disease,None of these,B,A metallic sound at the time of harvesting indicates that the watermelon is immature.
1620,237,Horticulture,Which of the following is a sign of maturity in watermelons?,Metallic sound,Drying of tendril at the base of the fruit,Bright color,Soft rind,None of these,B,The drying of the tendril at the base of the fruit is a sign of maturity in watermelons.
1621,237,Horticulture,What causes bud necrosis in watermelons?,Bacterial infection,Fungal infection,Virus transmitted by aphids,Nutrient deficiency,None of these,C,Bud necrosis in watermelons is caused by a virus transmitted by aphids (Aphis craccivora).
1622,237,Horticulture,Which variety of watermelon is known for being very sweet with 11-13% TSS?,Durgapura meetha,Pusa rasal,Sugar baby,Arka jyoti,None of these,C,The Sugar baby variety of watermelon is known for being very sweet with 11-13% Total Soluble Solids (TSS).
1623,237,Horticulture,At what stage is musk melon typically harvested?,Partial slip stage,Full slip stage,Netting stage,Early maturity stage,None of these,B,"Musk melon is typically harvested at the full slip stage, except for the Hara madhu variety, which is harvested at netting."
1624,237,Horticulture,Which variety of musk melon is known for its excellent transport quality?,Durgapura madhu,Arka rajhans,Pusa rasraj,Hara madhu,None of these,B,The Arka rajhans variety of musk melon is known for its excellent transport quality.
1625,238,Horticulture,Which variety of bottle gourd is known for the highest yield?,Pusa summer prolific long (PSPL),Pusa summer prolific round (PSPR),Samrat,Pusa meghdoot,None of these,C,The Samrat variety of bottle gourd is specifically mentioned as having the highest yield in the provided source.
1626,238,Horticulture,What is the seed rate for bottle gourd per hectare?,1-3 kg/ha,3-6 kg/ha,6-9 kg/ha,9-12 kg/ha,None of these,B,The seed rate for bottle gourd is explicitly stated as 3-6 kg/ha in the source.
1627,238,Horticulture,Which type of pea is used in canning and as a green vegetable?,Pisum sativum var. arbens,Pisum sativum var. hortense,Pisum sativum var. macrocarpon,Pisum sativum var. sativum,None of these,B,"Garden pea, used in canning and as a green vegetable, is scientifically known as Pisum sativum var. hortense."
1628,238,Horticulture,Which state in India has the maximum area and production of pea?,Punjab,Haryana,Uttar Pradesh,Madhya Pradesh,None of these,C,Uttar Pradesh is mentioned as the state having the maximum area and production of pea in the source.
1629,238,Horticulture,Which instrument is used to measure the maturity of pea?,Hydrometer,Tendrometer,Refractometer,Spectrophotometer,None of these,B,The maturity of pea is measured by a Tendrometer as stated in the source.
1630,238,Horticulture,Which variety of pea is resistant to powdery mildew?,Jawahar mator-1,Boneville,Arka Ajit,Harbhajan,None of these,C,Arka Ajit is mentioned as a variety of pea that is resistant to powdery mildew.
1631,238,Horticulture,Which variety of pea is suitable for dehydration and was introduced from the USA?,Azad P-1,Boneville,Arkel,Sylvia,None of these,B,Boneville is the variety of pea that is suitable for dehydration and was introduced from the USA.
1632,239,Horticulture,Which variety of cowpea is specifically mentioned as a dwarf variety?,Pusa phalguni,Pusa komal,Pusa barsati,Pusa dofasali,None of these,A,The source explicitly mentions Pusa phalguni as a dwarf variety of cowpea.
1633,239,Horticulture,What is the primary use of the cluster bean variety 'Durgapura safed'?,For vegetable purpose,For grain purpose,For fodder purpose,For making gum,None of these,B,The source states that Durgapura safed is used for grain purpose and is an early variety.
1634,239,Horticulture,Which state is the largest producer of cluster beans in India?,Punjab,Rajasthan,Uttar Pradesh,Haryana,None of these,B,The source mentions that Rajasthan is first in production and area of cluster beans.
1635,239,Horticulture,What is the seed rate for Palak (Spinach) per hectare?,10-15 kg/ha,15-20 kg/ha,20-25 kg/ha,25-30 kg/ha,None of these,C,The source specifies that the seed rate for Palak (Spinach) is 20-25 kg/ha.
1636,239,Horticulture,Which variety of Palak is mentioned as a polyploidy variety?,Pusa harit,Pusa bharti,Jobner green,All green,None of these,B,The source explicitly states that Pusa bharti is a polyploidy variety of Palak.
1637,239,Horticulture,What is the seed rate for cowpea during the rainy season?,10-12 kg/ha,12-15 kg/ha,15-20 kg/ha,20-25 kg/ha,None of these,B,The source mentions that the seed rate for cowpea during the rainy season is 12-15 kg/ha.
1638,239,Horticulture,Which pest is specifically mentioned as affecting cowpea?,Aphids,Whiteflies,Pod fly,Cutworms,None of these,C,The source explicitly mentions that the pest of cowpea is pod fly (Ophiomyia phaseoli).
1639,240,Horticulture,Which country is the leading exporter of flowers and flower products?,Netherlands,Germany,India,USA,None of these,A,The Netherlands is known as the leading country for exporting flowers and flower products.
1640,240,Horticulture,Which state in India has the maximum area under floriculture?,Karnataka,Tamil Nadu,West Bengal,Kerala,None of these,A,Karnataka is the state with the maximum area under floriculture in India.
1641,240,Horticulture,Which country is the largest importer of floriculture products from India?,Germany,Netherlands,USA,Japan,None of these,C,"The USA is the largest importer of floriculture products from India, accounting for 27% of the imports."
1642,240,Horticulture,Which flower crop covers the maximum area in India?,Rose,Jasmine,Marigold,Tuberose,None of these,B,Jasmine is the flower crop that covers the maximum area in India.
1643,240,Horticulture,Which style of gardening is characterized by a symmetrical plan?,Formal style,Informal style,Free style,Natural style,None of these,A,"Formal style of gardening is characterized by a symmetrical plan, as seen in Mughal and Persian gardens."
1644,240,Horticulture,Which garden is known as the biggest formal garden in India?,Brindavan garden,Mughal garden,Rose garden,Buddha Jayanti Park,None of these,A,Brindavan garden in Mysore is known as the biggest formal garden in India.
1645,240,Horticulture,What is the Japanese flower arrangement known as?,Ikebana,Hogarth,Charbag,Mandhor,None of these,A,The Japanese flower arrangement is known as Ikebana.
1646,241,Horticulture,Which feature is NOT typically found in a Mughal garden?,Terraces,Garden lanterns,Running water,Baradari,None of these,B,"Garden lanterns are a feature of Japanese gardens, not Mughal gardens. Mughal gardens are known for terraces, running water, Baradari, high protecting walls, and terminal buildings."
1647,241,Horticulture,What is the best and quickest method for planting grass in a lawn?,Seed sowing,Hydroseeding,Turf method,Sod cutting,None of these,C,The turf method is considered the best and quickest method for planting grass in a lawn. This method involves using a piece of earth with grasses already growing on it.
1648,241,Horticulture,Which of the following is a feature of a Japanese garden?,Herbaceous border,Dry landscape,Lawn,Cottage garden,None of these,B,"A dry landscape is a characteristic feature of Japanese gardens. Other features include garden lanterns, garden pagodas, and wells."
1649,241,Horticulture,What is the national flower of England?,Tulip,Daisy,Rose,Lavender,None of these,C,The national flower of England is the rose. It is also known as the 'Queen of flowers' and is a symbol of beauty.
1650,241,Horticulture,Which variety of rose is known for its white flowers?,Tushar,Red Beauty,Golden Celebration,Black Baccara,None of these,A,The Tushar variety of rose is known for its white flowers. This is a specific characteristic mentioned in the source.
1651,241,Horticulture,What is the best time for planting roses?,March-April,June-July,September-October,December-January,None of these,C,The best time for planting roses is September-October. This timing is optimal for the growth and establishment of rose plants.
1652,241,Horticulture,What is the primary use of a garden pagoda in a Japanese garden?,To provide shade,To serve as a focal point,To support climbing plants,To store garden tools,None of these,B,A garden pagoda in a Japanese garden primarily serves as a focal point. It adds aesthetic value and is often used as a decorative element.
1653,242,Horticulture,Which variety of rose is known for being thornless?,Crimson Glory,Pusa Mohit,Suchitra,Happy End,None of these,B,Pusa Mohit is explicitly mentioned as a thornless variety of rose in the source material.
1654,242,Horticulture,What is the primary purpose of pulsing treatment in flowers?,To enhance flower color,To increase shelf-life,To promote faster growth,To improve fragrance,None of these,B,The source material states that pulsing treatment is done to increase the shelf-life of flowers.
1655,242,Horticulture,Which family does Gladiolus belong to?,Rosaceae,Compositeae,Iridaceae,Asteraceae,None of these,C,The source material clearly states that Gladiolus belongs to the family Iridaceae.
1656,242,Horticulture,What is the common name for Chrysanthemum?,Guldaudi,Gainda,Suchitra,Priyadrashani,None of these,A,The source material mentions that the common name for Chrysanthemum is 'Guldaudi'.
1657,242,Horticulture,Which chemical is used to check the growth of yeast in fruit preservation?,Potassium Metabisulfite (KMS),Sodium Benzoate,Sulfur Dioxide (SO2),Citric Acid,None of these,B,The source material states that sodium benzoate is used to check the growth of yeast in fruit preservation.
1658,242,Horticulture,At what temperature are fruits typically processed in canning?,85-90°C,100°C,115-121°C,75-80°C,None of these,B,The source material specifies that fruits are processed at a temperature of 100°C in canning.
1659,242,Horticulture,Which variety of marigold is known for large flowers?,T. patula,T. erecta,Happy Orange,Star Dust,None of these,B,"The source material mentions that T. erecta is the variety known for large flowers, specifically African marigolds."
1660,243,Horticulture,What is the primary temperature range for refrigeration or chilling in food preservation?,-196 °C,0-5 °C,15 °C,Above 100 °C,None of these,B,"Refrigeration or chilling is defined as storage at temperatures between 0-5 °C, which helps in preserving food by slowing down microbial growth."
1661,243,Horticulture,Which chemical is used for preserving colorless fruit juices/pulp at a concentration of 350-500 ppm?,Sodium benzoate,Potassium Meta bi Sulphite (KMS),Benzoic acid,Ascorbic acid,None of these,B,Potassium Meta bi Sulphite (KMS) is used at a concentration of 350-500 ppm for preserving colorless fruit juices/pulp due to the action of Sulphur dioxide (SO₂).
1662,243,Horticulture,What is the main purpose of blanching vegetables?,To sterilize them,To check enzymatic spoiling,To add flavor,To increase their temperature,None of these,B,Blanching vegetables by keeping them in boiling water for 2-5 minutes followed by cooling is primarily done to check enzymatic spoiling.
1663,243,Horticulture,Which of the following is preserved using a high concentration of salt (15-25%)?,Jam,Pickles,Raisins,Agra ka petha,None of these,B,"Pickles are preserved using a high concentration of salt, typically between 15-25%, which acts as a preservative."
1664,243,Horticulture,What is the key difference between jam and jelly in terms of fruit maturity?,Jam uses firmed and ¾ mature fruits,Jelly uses ripe and thick flaccid fruits,Jam uses ripe and thick flaccid fruits,Jelly uses unripe fruits,None of these,C,"Jam is made using ripe and thick flaccid fruits, whereas jelly is made using firmed and ¾ mature fruits."
1665,243,Horticulture,Which method of preservation involves the use of liquid nitrogen?,Sterilization,Freezing,Cryo preservation,Drying,None of these,C,Cryo preservation involves preserving food at extremely low temperatures using liquid nitrogen at -196 °C.
1666,243,Horticulture,What is the primary purpose of adding ascorbic acid in food preservation?,To act as a preservative,To check oxidation,To enhance flavor,To sterilize the food,None of these,B,"Ascorbic acid, also known as vitamin C, is used in food preservation to check oxidation, thereby preventing spoilage."
1667,244,Horticulture,What is the primary difference between squash and cordial?,Squash contains fruit pulp while cordial is made from clear juice.,Cordial contains fruit pulp while squash is made from clear juice.,Squash has no sugar while cordial is sweetened.,Cordial is made from vegetables while squash is made from fruits.,None of these,A,"Squash is defined as strained juice containing a moderate quantity of fruit pulp with concentrated sugar and water, whereas cordial is made by the clear sweetest juice of fruit pulp."
1668,244,Horticulture,Which of the following is a characteristic of sarbat?,"It contains fruit juice, sugar, and water.",It has a TSS of 40%.,It is a clear sugar syrup with artificial flavor.,It contains 25% fruit juice.,None of these,C,"Sarbat is described as a clear sugar syrup with artificial flavor, which differentiates it from squash and other fruit-based beverages."
1669,244,Horticulture,What is the Total Soluble Solids (TSS) percentage in squash?,25%,40%,65%,70%,None of these,B,"The TSS percentage in squash is specified as 40%, which is a key characteristic distinguishing it from other beverages like sarbat."
1670,244,Horticulture,Which of the following is an example of a preserve?,Agra ka petha,Almond Sarbat,Aonla murrabba,Lemon squash,None of these,C,"Aonla murrabba is given as an example of a preserve, which is made from natural fruits by cooking whole or cut pieces in heavy sugar syrup."
1671,244,Horticulture,What is the end point temperature for the preparation process mentioned in the source?,219-221°F,221-222°F,105.5°C,68.5°C,None of these,A,"The end point temperature for the preparation process mentioned is 219-221°F, as specified in the source."
1672,244,Horticulture,What is the acid percentage required for the fruit mentioned in the source?,0.5-0.6%,1.0%,2.0%,0.1%,None of these,B,"The acid percentage required for the fruit mentioned in the source is 1.0%, as specified in the table."
1673,244,Horticulture,Which of the following is an example of candy?,Aonla murrabba,Agra ka petha,Mango squash,Almond Sarbat,None of these,B,"Agra ka petha is given as an example of candy, which is a fruit covered with sugar and glucose, subsequently grinded and dried."
1674,245,Horticulture,What is the Japanese art of growing miniature trees and shrubs called?,Bonsai,Topiary,Edge planting,Hedge,None of these,A,The source defines Bonsai as the Japanese art of growing miniature trees and shrubs by extreme dwarfing.
1675,245,Horticulture,Which plant is cited as the best example of bonsai?,Ficus sp.,Duranta,Karonda,Alternanthera,None of these,A,The text states that the best example of bonsai is Ficus sp.
1676,245,Horticulture,"In topiary, plants are trained into shapes resembling which of the following?",Animals,Vehicles,Buildings,Musical instruments,None of these,A,"Topiary is described as training plants into different shapes such as animals, birds, etc."
1677,245,Horticulture,Which characteristic is common to plants used in topiary?,Evergreen,Deciduous,Annual,Biennial,None of these,A,The source notes that plants used in topiary are evergreen.
1678,245,Horticulture,"Among the listed, which is identified as the best example of a topiary plant?",Clerodendron inerme,Murraya panniculata,Duranta,Bougainvillea,None of these,A,Clerodendron inerme is mentioned as the best example for topiary.
1679,245,Horticulture,"When low‑growing perennials or annuals are planted along the border of beds, the area is called?",Edge,Hedge,Topiary,Bonsai,None of these,A,"The text defines such border planting as an ""edge""."
1680,245,Horticulture,Which of the following plants is NOT mentioned as a typical hedge species?,Lantana,Hibiscus,Sunrose,Karonda,None of these,C,"Sunrose is listed as an example for edge planting, not for hedges."
1681,246,Entomology,Which insect characteristic is primarily used for identification?,Two pairs of legs,Three pairs of legs,Four pairs of legs,Presence of wings,None of these,B,"The main characteristic feature of an insect is three pairs of legs, which is a defining trait in entomology."
1682,246,Entomology,Which gland in insects is responsible for secreting the juvenile hormone?,Prothoracic glands,Corpora allata,Malpighian tubules,Salivary glands,None of these,B,"Juvenile hormone (JH) is secreted by the corpora allata gland in insects, playing a crucial role in their development and reproduction."
1683,246,Entomology,Which insect pest is primarily controlled using NPV?,Coleopteran larvae,Dipteran larvae,Lepidopteran larvae,Hymenopteran larvae,None of these,C,"NPV (Nuclear Polyhedrosis Virus) is mostly used to control Lepidopteran larvae, which are caterpillars of moths and butterflies."
1684,246,Entomology,What is the scientific name of the maize stem borer?,Spodoptera frugiperda,Chilo partellus,Helicoverpa armigera,Ostrinia nubilalis,None of these,B,"The scientific name of the maize stem borer is Chilo partellus, a significant pest in maize cultivation."
1685,246,Entomology,Which method is effective for controlling termites?,Pruning,Irrigation,Fertilization,Mulching,None of these,B,"Termite control can be effectively done by irrigation, which helps in managing their population."
1686,246,Entomology,Which insect is known to transmit bud necrosis in groundnut?,Aphids,Whiteflies,Thrips,Mites,None of these,C,"Bud necrosis in groundnut is transmitted by thrips, which are small insects that cause significant damage to plants."
1687,246,Entomology,Which honey bee species is considered the best for bee culture?,Apis dorsata,Apis florea,Apis mellifera,Apis cerana,None of these,C,Apis mellifera is considered the best suitable species for bee culture due to its high honey production and manageable nature.
1688,247,Entomology,Which insect is effectively controlled using Protein hydrolysate as an attractant?,Fruit fly,Apple wooly aphis,Cottony cushion scale,Sugarcane pyrilla,None of these,A,Protein hydrolysate is specifically used as an attractant for controlling Fruit fly.
1689,247,Entomology,Which parasitoid is successful in controlling Apple wooly aphis?,Rodolia cardinalis,Aphelinus mali,Epiricania melanoleuca,Bemisia tabaci,None of these,B,Aphelinus mali has been a successful parasitoid in controlling Apple wooly aphis.
1690,247,Entomology,What is the primary effect of the toxin produced by Bacillus thuringiensis on insects?,Interferes with the digestive system,Affects the respiratory system,Damages the nervous system,Disrupts the reproductive system,None of these,A,The toxin produced by Bacillus thuringiensis interferes with the insect's digestive system.
1691,247,Entomology,Which insect pests start their infestation from the field?,"Angoumois grain moth, potato tuber moth, pulse beetle and sweet potato beetle","Cottony cushion scale, Apple wooly aphis, Sugarcane pyrilla","White fly, Pink bollworm, Spotted bollworm","Green Leaf Hopper, Brown Plant Hopper, Gundhi bug",None of these,A,"The infestation of Angoumois grain moth, potato tuber moth, pulse beetle, and sweet potato beetle starts from the field."
1692,247,Entomology,"Where is the headquarters of the Directorate of Plant Protection, Quarantine and Storage (DPPQ&S) located?","Faridabad, Haryana",New Delhi,"Mumbai, Maharashtra","Bangalore, Karnataka",None of these,A,"The headquarters of the Directorate of Plant Protection, Quarantine and Storage (DPPQ&S) is located at Faridabad, Haryana."
1693,247,Entomology,Which insect is responsible for 'Hopper burn' symptoms in rice?,Green Leaf Hopper,Brown Plant Hopper,Gundhi bug,White fly,None of these,B,'Hopper burn' symptoms in rice are due to the Brown Plant Hopper (Nilaparvata lugens).
1694,247,Entomology,What is the vector of rice 'Grassy stunt' disease?,Green Leaf Hopper,Brown Plant Hopper,Gundhi bug,White fly,None of these,B,The vector of rice 'Grassy stunt' disease is the Brown Plant Hopper (Nilaparvata lugens).
1695,248,Entomology,Which pest is responsible for double seed formation in cotton bolls?,Pink boll worm,American boll worm,Termite,Desert locust,None of these,A,Double seed formation in cotton bolls is specifically caused by the pink boll worm (Pectinophora gossypiella).
1696,248,Entomology,What is the safest insecticide for honey bees?,Endosulfan,Malathion,Carbaryl,Diazion,None of these,A,Endosulfan is identified as the safest insecticide for honey bees among the given options.
1697,248,Entomology,Which pest is known as an 'International pest'?,Termite,Desert locust,Pink boll worm,American boll worm,None of these,B,The desert locust (Schistacerca gregarea) is recognized as an 'International pest' due to its widespread impact.
1698,248,Entomology,What is the recent method of control for bollworm?,Chemical pesticides,Bt. Transgenic plants,Biological control,Crop rotation,None of these,B,The recent method of control for bollworm involves the use of Bt. Transgenic plants.
1699,248,Entomology,Which zone is defined as the open water zone to the depth of effective light penetration?,Littoral zone,Benthic zone,Limnetic zone,Profundal zone,None of these,C,The limnetic zone is defined as the open water zone to the depth of effective light penetration.
1700,248,Entomology,What is the structure found on the hind legs of worker honey bees used for pollen collection?,Pollen sac,Curbicula,Pollen pouch,Pollen holder,None of these,B,The structure found on the hind legs of worker honey bees used for pollen collection is known as curbicula or pollen basket.
1701,248,Entomology,Which organization was renamed as NBAII in 2009?,IIBC,NCIPM,PDBC,IOBC,None of these,C,The Project Directorate of Biological Control (PDBC) was renamed as the National Bureau of Agricultural Important Insects (NBAII) in 2009.
1702,249,Entomology,"In insect morphology, which of the following best describes its primary focus?",Study of insect behavior,Study of insect structure and function,Study of insect genetics,Study of insect ecology,None of these,B,Insect morphology is the branch of science that deals with the structure and function of insects.
1703,249,Entomology,The cuticle of an insect is composed of chitin and protein in what approximate range?,"10-20% chitin, 80-90% protein","25-60% chitin, 25-40% protein","50-70% chitin, 20-30% protein","70-90% chitin, 5-10% protein",None of these,B,The source states cuticle contains 25-60% chitin and 25-40% protein.
1704,249,Entomology,Arrange the layers of insect integument from outermost to innermost.,"Epidermis, cuticle, basement membrane","Cuticle, epidermis, basement membrane","Basement membrane, epidermis, cuticle","Cuticle, basement membrane, epidermis",None of these,B,"The integument layers are cuticle (outermost), epidermis (middle), basement membrane (innermost)."
1705,249,Entomology,Which layer of the insect integument is primarily responsible for attachment of muscles?,Cuticle,Epidermis,Basement membrane,Epicuticle,None of these,C,The basement membrane is the innermost non‑cellular layer to which muscles attach.
1706,249,Entomology,Arthropodin and sclerotin differ in that arthropodin is:,"Water insoluble, tanned protein","Water soluble, untanned protein",Elastic protein,Non‑protein component,None of these,B,"Arthropodin is an untanned, water‑soluble protein; sclerotin is tanned and water‑insoluble."
1707,249,Entomology,Resilin is an elastic protein found in insects primarily for:,Structural support of exoskeleton,Flexibility of wings sclerites,Cuticle secretion,Muscle attachment,None of these,B,Resilin provides flexibility to wing sclerites.
1708,249,Entomology,Which layer secretes the cuticle?,Epicuticle,Procuticle,Epidermis (hypodermis),Basement membrane,None of these,C,The epidermis (hypodermis) is the unicellular layer that secretes the cuticle.
1709,250,Entomology,What are the two main processes involved in moulting?,Apolysis and Ecdysis,Metamorphosis and Shedding,Growth and Development,Separation and Formation,None of these,A,"Apolysis is the beginning process with separation of old cuticle from underlying epidermal cells, and Ecdysis is the ending process of moulting with separation of old remain cuticle."
1710,250,Entomology,Which segments collectively form the 'pterothorax' in insects?,Pro and Mesothorax,Meso and Metathorax,Pro and Metathorax,Meso and Prothorax,None of these,B,The meso and metathorax segments collectively form the 'pterothorax' where wings are typically present.
1711,250,Entomology,How many abdominal segments do Protura insects have?,6,10-11,12,8-9,None of these,C,Protura insects have 12 abdominal segments.
1712,250,Entomology,Which abdominal segments are regarded as genital segments in pterygote insects?,1st and 2nd,7th and 8th,8th and 9th,10th and 11th,None of these,C,"The 8th and 9th abdominal segments are regarded as genital segments because the male genitalia is found on the 9th segment, and the 8th and 9th segments collectively form the female genitalia."
1713,250,Entomology,What is the function of cerci in insects?,Locomotion,Sensory perception,Digestion,Reproduction,None of these,B,Cerci are a pair of sensory organs located on the tail region of insects.
1714,250,Entomology,How many pairs of legs does an insect typically have?,2,3,4,1,None of these,B,"Each segment of the thorax carries one pair of legs, hence insects typically have three pairs of legs."
1715,250,Entomology,Which insect larvae have prolegs with crochets?,Mustard sawfly,Lepidopteran,Grasshopper,Protura,None of these,B,Lepidopteran larvae have 1 to 5 pairs of prolegs with crochets.
1716,251,Entomology,Which part of the aphid's body releases honeydew substances?,Dorsal side of 5th or 6th abdominal segment,Ventral side of the thorax,Lateral side of the head,Anterior side of the legs,None of these,A,Aphids release honeydew substances from cornicles located on the dorsal side of the 5th or 6th abdominal segment.
1717,251,Entomology,Which part of the insect antenna contains the tympanal/Johnston's organ?,Scape,Pedicel,Flagella,Basal part,None of these,B,"The tympanal/Johnston's organ, which is involved in hearing and sound production, is found in the second segment of the antenna, known as the pedicel."
1718,251,Entomology,Which type of antenna has a thread-like appearance with uniform thickness?,Setaceous,Filiform,Moniliform,Serrate,None of these,B,Filiform antennae are thread-like and have segments that are uniform in thickness.
1719,251,Entomology,Which insect has a clavate type of antenna?,Cockroach,Grasshopper,Butterfly,Termite,None of these,C,"Butterflies have clavate antennae, which are characterized by terminal segments forming a club-shaped structure."
1720,251,Entomology,Which type of antenna has long comb-like projections on both sides of each segment?,Pectinate,Bipectinate,Plumose,Whorled,None of these,B,Bipectinate antennae have long comb-like projections on both sides of each segment.
1721,251,Entomology,Which insect is associated with plumose antennae?,Saw fly,Male mosquito,Mango mealy bug,Pulse beetle,None of these,B,"Male mosquitoes have plumose antennae, which are characterized by whorls of hairs arising from the joints of each segment."
1722,251,Entomology,Which type of antenna has a saw-tooth like projection on the side of each segment?,Serrate,Pectinate,Moniliform,Filiform,None of these,A,Serrate antennae have saw-tooth like projections on the side of each segment.
1723,252,Entomology,Which insect has a capitate type of antenna?,Khapra beetle,House fly,Bees,Ants,None of these,A,"The capitate type of antenna is characterized by the terminal segment forming a long knob or cap, which is found in Khapra beetle."
1724,252,Entomology,Which of the following insects has a geniculate type of antenna?,House fly,Khapra beetle,Bees,Mosquito,None of these,C,"The geniculate type of antenna has the first segment long and the apex formed with small segments, which is found in bees."
1725,252,Entomology,Which mouth part is responsible for forming the food channel in piercing and sucking type (bug type)?,Maxillae,Mandibles,Labrum,Hypopharynx,None of these,A,"In the bug type of piercing and sucking mouth parts, the food channel is formed by the maxillae."
1726,252,Entomology,Which type of mouth parts is found in house flies?,Biting and Chewing,Piercing and Sucking,Sponging,Siphoning,None of these,C,House flies have sponging type of mouth parts where mandibles are absent and the labium is a long proboscis.
1727,252,Entomology,Which of the following insects has siphoning type of mouth parts?,Bees,Butterfly,House fly,Mosquito,None of these,B,Butterflies have siphoning type of mouth parts where maxillae are modified into galeae.
1728,252,Entomology,Which part of the labium is NOT mentioned in the sponging type of mouth parts?,Rostrum,Haustellum,Labellum,Pseudotracheae,None of these,D,"The sponging type of mouth parts mentions rostrum, haustellum, and labellum as parts of the labium, but not pseudotracheae."
1729,252,Entomology,Which type of mouth parts is found in thrips?,Biting and Chewing,Piercing and Sucking,Rasping and Sucking,Sponging,None of these,C,Thrips have rasping and sucking type of mouth parts with only three stylets present.
1730,253,Entomology,Which segment of an insect leg is responsible for carrying pollen in worker honey bees?,Femur,Tibia,Trochanter,Coxa,None of these,B,The tibia of the hind legs in worker honey bees has a structure called 'corbicula' that carries pollen.
1731,253,Entomology,What is the lobe-like structure between the claws of grasshoppers and head lice called?,Corbicula,Aroleum,Tarsus,Femur,None of these,B,The lobe-like structure between the claws of grasshoppers and head lice is known as 'aroleum'.
1732,253,Entomology,Which type of leg modification is adapted for jumping?,Ambulatorial,Saltatorial,Scansorial,Cursorial,None of these,B,"Saltatorial legs are adapted for jumping, as seen in the hind legs of grasshoppers."
1733,253,Entomology,What is the primary function of fossorial legs in insects?,Walking,Jumping,Digging,Running,None of these,C,"Fossorial legs are adapted for digging, as seen in the fore legs of mole crickets."
1734,253,Entomology,Which part of the insect thorax carries the wings?,Prothorax,Mesothorax,Metathorax,Pterothorax,None of these,D,"The pterothorax, which includes the meso and meta thorax, carries the wings in insects."
1735,253,Entomology,What is the arrangement of veins on insect wings called?,Wing patterning,Wing venation,Wing structuring,Wing veining,None of these,B,The arrangement of veins on insect wings is called wing venation.
1736,253,Entomology,Which type of insect legs are adapted for swimming?,Natatorial,Raptatorial,Foragial,Stridulatorial,None of these,A,"Natatorial legs are adapted for swimming, as seen in the hind legs of water bugs."
1737,254,Entomology,Which type of metamorphosis is characterized by the absence of any metamorphic changes?,Ametamorphosis,Incomplete metamorphosis,Complete metamorphosis,Hypermetamorphosis,None of these,A,Ametamorphosis is the type of metamorphosis where insects do not undergo any metamorphic changes. This is typical in apterygotes.
1738,254,Entomology,"In which type of metamorphosis do insects have three stages: eggs, nymphs, and adult?",Ametamorphosis,Incomplete metamorphosis,Complete metamorphosis,Hypermetamorphosis,None of these,B,"Incomplete metamorphosis, also known as hemimetabolous metamorphosis, includes three stages: eggs, nymphs, and adult."
1739,254,Entomology,Which of the following is an example of an insect that undergoes incomplete metamorphosis?,Beetle,Butterfly,Grasshopper,Fly,None of these,C,Grasshoppers belong to the order Hemiptera and undergo incomplete metamorphosis.
1740,254,Entomology,What is the correct sequence of stages in complete metamorphosis?,"Egg, nymph, adult","Egg, larva, pupa, adult","Egg, pupa, larva, adult","Egg, adult, larva, pupa",None of these,B,"Complete metamorphosis, or holometamorphosis, includes four stages: egg, larva, pupa, and adult."
1741,254,Entomology,Which type of metamorphosis is characterized by the internal development of wings during the pupal stage?,Ametamorphosis,Incomplete metamorphosis,Complete metamorphosis,Hypermetamorphosis,None of these,C,"In complete metamorphosis, wings develop internally during the pupal stage, and these insects are called endopterygota."
1742,254,Entomology,Which of the following insects is known for having two or more types of larvae in its life cycle?,Beetle,Blister beetle,Butterfly,Fly,None of these,B,"Blister beetles, which are coleopteran insects, exhibit hypermetamorphosis, characterized by having two or more types of larvae in their life cycle."
1743,254,Entomology,What is the term for larvae in dipteral insects that are legless?,Prolog,Maggots,Nymph,Pupa,None of these,B,"In dipteral insects, the larvae are legless and are known as maggots."
1744,255,Entomology,Which insect undergoes egg diapause?,Mango mealy bug,Maize stem borer,Red hairy caterpillar,Mango nut weevil,None of these,A,"The mango mealy bug undergoes egg diapause, as mentioned in the source under the section on insect diapause."
1745,255,Entomology,The larvae of which order are known as maggots?,Hemiptera,Lepidoptera,Diptera,Coleoptera,None of these,C,"The larvae of the order Diptera are known as maggots, as stated in the source under the types of larvae."
1746,255,Entomology,Who is known as the father of insect physiology?,Charles Darwin,V. B. Wigglesworth,Gregor Mendel,Louis Pasteur,None of these,B,"V. B. Wigglesworth is known as the father of insect physiology, as mentioned in the source under the section on insect physiology."
1747,255,Entomology,Which part of the insect's alimentary canal is responsible for ingestion and storage of food?,Midgut,Hindgut,Foregut,Pharynx,None of these,C,The foregut is the anterior region of the alimentary canal and is the primary organ for ingestion and storage of food.
1748,255,Entomology,Which of the following insects undergoes pupal diapause?,Silk moth,Red hairy caterpillar,Pink bollworm,Mango nut weevil,None of these,B,"The red hairy caterpillar undergoes pupal diapause, as mentioned in the source under the section on insect diapause."
1749,255,Entomology,The larvae of which order are known as nymphs?,Lepidoptera,Hemiptera,Coleoptera,Diptera,None of these,B,"The larvae of the order Hemiptera are known as nymphs, as stated in the source under the types of larvae."
1750,255,Entomology,Which insect undergoes adult diapause?,Silk moth,Maize stem borer,Mango nut weevil,Red hairy caterpillar,None of these,C,"The mango nut weevil undergoes adult diapause, as mentioned in the source under the section on insect diapause."
1751,256,Entomology,Which part of the insect digestive system acts as a storage for food and is known as the honey stomach in honey bees?,Pharynx,Crop,Gizzard,Oesophagus,None of these,B,"The crop is a bag-like structure that acts as a storage for food. In honey bees, it is specifically known as the honey stomach where nectar conversion and honey formation take place."
1752,256,Entomology,What is the primary function of the gizzard in the insect digestive system?,Storage of food,Secretion of enzymes,Grinding of food,Absorption of food,None of these,C,"The gizzard, also known as the pro-ventriculus, is the posterior part of the fore gut and its primary function is to grind food before passing it to the mid gut."
1753,256,Entomology,Which part of the insect digestive system is endodermal in origin and concerned with secretion of enzymes and digestion and absorption of food?,Fore gut,Mid gut,Hind gut,Pharynx,None of these,B,"The mid gut, also known as the stomach or ventriculus, is endodermal in origin and is primarily concerned with the secretion of enzymes and the digestion and absorption of food."
1754,256,Entomology,What is the function of the peritrophic membrane in the insect digestive system?,Grinding of food,Storage of food,Protection of mid gut epithelium,Secretion of enzymes,None of these,C,"The peritrophic membrane in the mid gut protects the mid gut epithelium from rough food particles, especially in solid feeders."
1755,256,Entomology,Which part of the insect digestive system is ectodermal in origin and extends from the posterior end of the mid gut to the anus?,Fore gut,Mid gut,Hind gut,Pharynx,None of these,C,"The hind gut, or proctodeum, is ectodermal in origin and extends from the posterior end of the mid gut to the anus."
1756,256,Entomology,In which type of feeder insects is the peritrophic membrane absent?,Solid feeders,Fluid feeders,Both solid and fluid feeders,None of the above,None of these,B,"The peritrophic membrane is absent in fluid (liquid) feeder insects, such as sucking insects."
1757,256,Entomology,What is the primary function of the oesophagus in the insect digestive system?,Grinding of food,Storage of food,Receiving food from the pharynx and passing it to the crop,Secretion of enzymes,None of these,C,The oesophagus is the second part of the fore gut and its primary function is to receive food from the pharynx and pass it to the crop.
1758,257,Entomology,What is the primary function of the filter chamber in homopteran insects?,To eliminate excess water and soluble carbohydrates,To aid in digestion of complex proteins,To store excess haemolymph,To absorb nutrients from food,None of these,A,The filter chamber in homopteran insects is specifically adapted to eliminate excess water and soluble carbohydrates to prevent dilution of haemolymph.
1759,257,Entomology,What are the fine branches of tracheae called?,Taenidia,Tracheoles,Spiracles,Haemoceal,None of these,B,"The fine branches of tracheae are known as tracheoles, which are essential for the respiratory system of insects."
1760,257,Entomology,Which type of respiratory system in insects has ten pairs of functional spiracles?,Holopneustic,Peripneustic,Hemipneustic,Metapneustic,None of these,A,The Holopneustic type of respiratory system in insects is characterized by having ten pairs of functional spiracles.
1761,257,Entomology,What is the function of taenidia in the trachea of insects?,To aid in gas exchange,To prevent trachea from collapsing,To filter out impurities,To store air,None of these,B,Taenidia are spiral thickenings in the trachea that prevent it from collapsing during respiration.
1762,257,Entomology,Which of the following insects has a metapneustic respiratory system?,Grasshopper,Cockroach,Chironomid larvae,Lepidopteron caterpillars,None of these,C,"Chironomid larvae have a metapneustic respiratory system, characterized by having only one functional abdominal spiracle."
1763,257,Entomology,Where are spiracles located in insects?,Dorsal side of thoracic and abdominal segments,Ventral side of thoracic and abdominal segments,Lateral side of thoracic and abdominal segments,Anterior side of thoracic and abdominal segments,None of these,C,Spiracles in insects are located on the lateral side of thoracic and abdominal segments.
1764,257,Entomology,Which type of respiratory system is characterized by the absence of functional spiracles?,Holopneustic,Peripneustic,Aneustic,Propneustic,None of these,C,The Aneustic type of respiratory system is characterized by the absence of functional spiracles.
1765,258,Entomology,Which type of circulatory system is found in insects?,Open,Closed,Semi‑open,No circulatory system,None of these,A,Insects possess an open circulatory system where the haemolymph bathes the organs directly.
1766,258,Entomology,The fluid that functions as blood in insects is called:,Haemolymph,Hemoglobin,Lymph,Plasma,None of these,A,Insect blood is termed haemolymph; it contains plasma and haemocytes.
1767,258,Entomology,What is the principal function of haemocytes in insects?,Oxygen transport,Phagocytosis,Hormone secretion,Nutrient storage,None of these,B,"Haemocytes mainly perform phagocytosis, similar to white blood cells in mammals."
1768,258,Entomology,Which disaccharide serves as the major blood sugar in insects?,Sucrose,Trehalose,Maltose,Lactose,None of these,B,Trehalose is the primary circulating sugar in insect haemolymph.
1769,258,Entomology,The dorsal vessel of insects is divided into which two parts?,Aorta and heart,Atrium and ventricle,Pulmonary artery and vein,No division,None of these,A,"The anterior portion of the dorsal vessel is called the aorta, while the posterior portion functions as the heart."
1770,258,Entomology,Terrestrial insects mainly excrete which nitrogenous waste?,Ammonia,Uric acid,Urea,Creatinine,None of these,B,"Uric acid is the primary excretory product of land‑dwelling insects, allowing water conservation."
1771,258,Entomology,What is the principal excretory organ in insects?,Malpighian tubules,Nephrocytes,Fat bodies,Oenocytes,None of these,A,Malpighian tubules are the main structures that remove waste from the insect haemolymph.
1772,259,Entomology,Which of the following insects do NOT have Malpighian tubules?,Collembolan,Lepidoptera,Orthoptera,Isopteran,None of these,A,Collembolan is one of the insects explicitly mentioned as not having Malpighian tubules.
1773,259,Entomology,What is the primary function of Malpighian tubules in insects?,Digestion,Excretion,Respiration,Reproduction,None of these,B,Malpighian tubules are explicitly stated as the chief organ of excretion in insects.
1774,259,Entomology,Which hormone is produced by the prothoracic glands in insects?,Brain hormone,Juvenile hormone,Ecdysone,Neotenin,None of these,C,"The prothoracic glands produce ecdysone, which is known as the moulting hormone."
1775,259,Entomology,What is the function of the corpora cardiaca in insects?,Production of hormones,Storage and release of hormones,Production of juvenile hormone,Secretion of brain hormone,None of these,B,The corpora cardiaca is primarily responsible for the storage and release of hormones.
1776,259,Entomology,Which gland produces juvenile hormones in insects?,Neurosecretory cells,Corpora cardiaca,Corpora allata,Prothoracic glands,None of these,C,"The corpora allata is the gland that produces juvenile hormones, also known as neotenin."
1777,259,Entomology,What is the primitive number of Malpighian tubules in insects?,2,4,6,8,None of these,C,The primitive number of Malpighian tubules in insects is six.
1778,259,Entomology,Which of the following is a characteristic feature of the cryptonephridial condition in insects?,Absence of Malpighian tubules,Presence of Malpighian tubules joined to rectal glands,Production of juvenile hormones,Storage of hormones,None of these,B,The cryptonephridial condition is characterized by the distal end of Malpighian tubules being closely joined to the rectal glands of the hindgut.
1779,260,Entomology,Which hormone is known as the activation hormone in insects?,Brain hormone,Juvenile hormone,Anti-juvenile hormone,Moulting hormone,None of these,A,The brain hormone is known as the activation hormone because it is secreted by neuro-secretory cells and liberated into haemolymph by corpora cardiaca.
1780,260,Entomology,What is the primary function of Juvenile Hormone (JH) in insects?,To promote metamorphosis,To inhibit metamorphosis,To stimulate moulting,To synthesize chitin,None of these,B,Juvenile Hormone (JH) inhibits metamorphosis and keeps larvae in the juvenile form.
1781,260,Entomology,Which of the following is the first IGR (Insect Growth Regulator) insecticide?,Fenoxycarb,Pyriproxyfen,Methoprene,Teflubenzuron,None of these,C,Methoprene (Altosid) is the first IGR insecticide.
1782,260,Entomology,Which gland produces the moulting hormone (ecdysone) in insects?,Corpora allata,Corpora cardiaca,Prothoracic gland,Neuro-secretory cells,None of these,C,The moulting hormone (ecdysone) is a steroid produced by the prothoracic gland (PTG).
1783,260,Entomology,What is the precursor for the biosynthesis of ecdysone in insects?,Terpene,Cholesterol,Steroid,Chitin,None of these,B,"In insects, cholesterol acts as the precursor for the biosynthesis of ecdysone."
1784,260,Entomology,Which of the following is a Chitin Synthesis Inhibitor (CSI) used against homopteran insects?,Teflubenzuron,Lufenuron,Buprofezin,Methoprene,None of these,C,Buprofezin (Applaud) is a Chitin Synthesis Inhibitor (CSI) used against homopteran insects.
1785,260,Entomology,Who gave the term 'third generation of pesticide' to insect growth regulators?,Williams in 1956,Prof. William in 1967,Williams in 1967,Prof. William in 1956,None of these,B,Prof. William in 1967 gave the term 'third generation of pesticide' to these chemicals.
1786,261,Entomology,What are semiochemicals?,Chemicals that convey messages between organisms,Chemicals used exclusively in agriculture,Synthetic chemicals used in pest control,Chemicals that only affect the behavior of the same species,None of these,A,"Semiochemicals are defined as chemicals that convey messages between organisms, affecting the behaviors of other individuals."
1787,261,Entomology,Who coined the term 'pheromone'?,Karlson and Luscher,Butenandt,Darwin,Mendel,None of these,A,The term pheromone was coined by Karlson and Luscher in 1959.
1788,261,Entomology,What was the first sex pheromone discovered?,Bombykol,Gossyplure,Hexalure,Helilure,None of these,A,"The first sex pheromone discovered was Bombykol, from the female silk worm moth."
1789,261,Entomology,Which of the following is a synthetic sex pheromone?,Hexalure,Bombykol,Gossyplure,Helilure,None of these,A,"Hexalure is a para pheromone, which means it is synthetic."
1790,261,Entomology,What is the primary use of sex pheromones in pest management?,"Monitoring, mass trapping, and mating disruption",Soil fertilization,Crop irrigation,Seed germination,None of these,A,"Sex pheromones are primarily used for monitoring, mass trapping, and mating disruption in pest management."
1791,261,Entomology,Which pheromone is associated with the gram pod borer?,Helilure,Gossyplure,Grandlure,Bombykol,None of these,A,"Helilure is the sex pheromone associated with the gram pod borer, Helicoverpa armigera."
1792,261,Entomology,What is an example of an alarm pheromone?,Aphids secreted by cornicles,Bark beetles,Cephalic glands in ants,Cotton boll weevil,None of these,A,"An example of an alarm pheromone is found in aphids, secreted by cornicles."
1793,262,Entomology,Who is known as the 'Father of Taxonomy'?,Carl Linnaeus,Aristotle,William Kirby,Lionel de Niceville,None of these,A,Carl Linnaeus is known as the 'Father of Taxonomy' because he introduced binomial nomenclature in the 10th edition of his book 'Systema Naturae' in 1758.
1794,262,Entomology,Which chemical is beneficial to the releaser but not favorable to the receiver?,Allomone,Kairomone,Pheromone,Hormone,None of these,A,Allomones are chemicals that benefit the releaser and are detrimental to the receiver.
1795,262,Entomology,Who is considered the 'Father of Entomology'?,Aristotle,Carl Linnaeus,William Kirby,Hem Singh Pruthi,None of these,C,William Kirby is considered the 'Father of Entomology' due to his significant contributions to the field.
1796,262,Entomology,Which insect order is known to be highly evolved?,Diptera,Hymenoptera,Strepsiptera,Zoroptera,None of these,B,Hymenoptera is considered the highly evolved insect order due to its advanced social behaviors and complex life cycles.
1797,262,Entomology,What is the meaning of the Greek word 'Arthropoda'?,Segmented body,Segmented legs,Jointed appendages,Exoskeleton,None of these,B,"The Greek word 'Arthropoda' means 'segmented legs', which is a defining characteristic of this phylum."
1798,262,Entomology,Which of the following classes under the phylum Arthropoda is of significant agricultural importance?,Onychophora,Crustacea,Arachnida,Diplopoda,None of these,C,"Arachnida, which includes ticks, mites, and spiders, is of significant agricultural importance due to its impact on crops and livestock."
1799,262,Entomology,In which year was the Insecticide Act enacted by the Government of India?,1968,1971,1914,1946,None of these,A,"The Insecticide Act was enacted by the Government of India in 1968 and came into force on January 1, 1971."
1800,263,Entomology,Which characteristic is unique to the class Arachnida?,Fused head and thorax known as cephalothorax,Presence of antennae,Three pairs of legs,Two pairs of wings,None of these,A,"Arachnids have a fused head and thorax known as the cephalothorax, which is a distinctive feature. They do not have antennae or wings."
1801,263,Entomology,Which family of mites is known for being phytophagous and having four pairs of legs?,Eriophyidae,Tetranychidae,Acarina,Araneae,None of these,B,The family Tetranychidae is well known for being phytophagous mites and having four pairs of legs.
1802,263,Entomology,What is a distinguishing feature of Eriophyid mites?,Four pairs of legs,Visible to the naked eye,Worm-like appearance with two pairs of legs,Presence of wings,None of these,C,"Eriophyid mites are very small, worm-like, and have only two pairs of legs, making them distinct from other mites."
1803,263,Entomology,Which mite is responsible for spreading the sterility mosaic of arhar?,Tetranychus urticae,Tetranychus cucurbitae,Aceria cajani,Aceria mangiferae,None of these,C,The eriophyid mite Aceria cajani is known to act as a vector for the sterility mosaic of arhar.
1804,263,Entomology,Which of the following is NOT a common acaricide/miticide?,Dicofol 18.5 EC,Ethion 50 EC,Sulphur (Wokovit 80 % WDG),Chlorpyrifos,None of these,D,"Dicofol, Ethion, and Sulphur are listed as common acaricides/miticides. Chlorpyrifos is not mentioned in the source."
1805,263,Entomology,What percentage of the total population of the phylum Arthropoda do insects constitute?,85%,90%,97%,99%,None of these,C,Insects constitute 97% of the total population of the phylum Arthropoda.
1806,263,Entomology,Which of the following is a characteristic feature of the class Hexapoda/Insecta?,Fused head and thorax,Presence of two pairs of wings,Four pairs of legs,Absence of antennae,None of these,B,"The class Hexapoda/Insecta is characterized by the presence of two pairs of wings, among other features."
1807,264,Entomology,Which of the following features is characteristic of the order Diplura?,Antennae and eyes absent,Malpighian tubules absent or represented as papillae,Abdomen six segmented,Presence of monocondylic type mandibles,None of these,B,"The order Diplura is characterized by the absence or representation of Malpighian tubules as papillae, along with other features like lateral styliform appendages on the abdomen."
1808,264,Entomology,What is the primary characteristic that differentiates Exopterygota from other insect groups?,Wing development internally,"Metamorphosis incomplete, pupa absent",Life cycle with 4 stages,Presence of tracheal gills in nymphs,None of these,B,"Exopterygota is primarily characterized by incomplete metamorphosis and the absence of a pupal stage, with a life cycle consisting of eggs, nymphs, and adults."
1809,264,Entomology,Which order is known for having a pair of many-segmented cerci ending in a segmented median process?,Protura,Diplura,Collembola,Thysanura,None of these,D,The order Thysanura is known for having a pair of many-segmented cerci ending in a segmented median process.
1810,264,Entomology,What is the primary reason why Odonata is considered more advanced than Ephemeroptera?,Presence of monocondylic type mandibles,Wings can't be moved,Presence of dicondylic mandibles,Soft-bodied insects,None of these,C,"Odonata is considered more advanced than Ephemeroptera due to the presence of dicondylic mandibles, among other features like nodus wings and pterostigma."
1811,264,Entomology,Which subclass of insects includes orders that are primarily wingless and lack metamorphosis?,Pterygota,Exopterygota,Endopterygota,Apterygota,None of these,D,"The subclass Apterygota includes orders that are primarily wingless and lack metamorphosis, with pregenital appendages present."
1812,264,Entomology,What is a distinctive feature of the order Collembola?,Antennae and eyes absent,Abdomen six segmented,Presence of tracheal gills in nymphs,Wing development externally,None of these,B,"The order Collembola is distinguished by having a six-segmented abdomen and unique structures like collophore, retinaculum, and furcula."
1813,264,Entomology,Which insect order is known for feeding on mosquito larvae on the water surface?,Ephemeroptera,Odonata,Plecoptera,Diplura,None of these,B,"The order Odonata, which includes dragonflies and damselflies, is known for feeding on mosquito larvae on the water surface."
1814,265,Entomology,Which insect order is known for having fore wings modified into tegmina and hind legs adapted for jumping?,Orthoptera,Dermaptera,Dictyoptera,Isoptera,None of these,A,"Orthoptera includes grasshoppers and locusts, which are characterized by their fore wings forming tegmina and hind legs modified for jumping."
1815,265,Entomology,Which insect order is characterized by the presence of a sclerotized forceps modified from cerci?,Dermaptera,Embioptera,Phasmida,Zorapetra,None of these,A,"Dermaptera, commonly known as earwigs, have cerci modified into a sclerotized forceps."
1816,265,Entomology,Which insect order is known for living in silken tunnels and having greatly swollen anterior tarsi for webbing?,Embioptera,Psocoptera,Mallophaga,Siphonculata,None of these,A,"Embioptera, or webspinners, live in silken tunnels and have greatly swollen anterior tarsi for webbing."
1817,265,Entomology,"Which insect order is known for being social and polymorphic, with a rectal pouch and frontanell?",Isoptera,Hymenoptera,Lepidoptera,Coleoptera,None of these,A,"Isoptera, or termites, are social and polymorphic insects with a rectal pouch and frontanell."
1818,265,Entomology,Which insect order is known for having a Y-shaped epicranial suture?,Zorapetra,Psocoptera,Mallophaga,Siphonculata,None of these,A,Zorapetra is characterized by the presence of a Y-shaped epicranial suture.
1819,265,Entomology,Which insect order is known for transmitting typhus disease?,Siphonculata,Hemipetra,Thysanoptera,Diptera,None of these,A,"Siphonculata, which includes head and body lice, are apterous insects known for transmitting typhus disease."
1820,265,Entomology,Which insect order is known for having a scutellum on the dorsal side and scent glands?,Hemipetra,Thysanoptera,Diptera,Neuroptera,None of these,A,"Hemipetra, or bugs, are characterized by the absence of cerci, presence of a scutellum on the dorsal side, and scent glands."
1821,266,Entomology,Which insect order is known for having a frontal gland in soldiers and a rectal pouch that aids in cellulose digestion?,Isoptera,Orthoptera,Hemiptera,Diptera,None of these,A,"Isoptera, or termites, have a frontal gland in soldiers and a rectal pouch that contains flagellates to help in the digestion of cellulose."
1822,266,Entomology,What is the primary function of workers in termite colonies?,Reproduction,Defense of the colony,"Care of nymphs, feeding the queen, and constructing fungal gardens",Producing sound,None of these,C,"Workers in termite colonies perform duties such as caring for nymphs, feeding the queen, constructing fungal gardens, and destroying wood and crops, but not reproduction or defense."
1823,266,Entomology,Which insect order is characterized by having a hypognathous head and a holopneustic respiratory system?,Isoptera,Orthoptera,Coleoptera,Lepidoptera,None of these,B,"Orthoptera, which includes grasshoppers and crickets, is characterized by a hypognathous head and a holopneustic respiratory system with 10 pairs of functional spiracles."
1824,266,Entomology,What is the act of producing sound by rubbing body parts together called in Orthoptera?,Stridulation,Fossorial,Holopneustic,Polymorphic,None of these,A,"Stridulation is the act of producing sound by rubbing together certain body parts, a characteristic behavior in members of Orthoptera."
1825,266,Entomology,Which family does the desert locust belong to?,Termitidae,Acrididae,Hemiptera,Diptera,None of these,B,"The desert locust, Schistocerca gregaria, belongs to the family Acrididae, which includes locusts and short-horned grasshoppers."
1826,266,Entomology,What is the primary characteristic of the hind legs in grasshoppers?,Digging,Sound producing,Jumping,Swimming,None of these,C,"The hind legs in grasshoppers are primarily adapted for jumping, which is a key characteristic of this insect."
1827,266,Entomology,Which of the following is an example of a rice grasshopper?,Schistocerca gregaria,Hieroglyphus nigrorepletus,Hieroglyphus banian,Odontotermes obesus,None of these,C,"Hieroglyphus banian is an example of a rice grasshopper, belonging to the family Acrididae."
1828,267,Entomology,Which family does the Bombay locust belong to?,Tettigoniidae,Gryllotalpidae,Acrididae,Pyrrhocoridae,None of these,C,"The Bombay locust, scientifically known as Nomadacris (Pantanga) succincta, belongs to the family Acrididae."
1829,267,Entomology,What is the characteristic feature of the mouthparts of insects in the order Hemiptera?,Chewing type,Piercing and sucking type,Siphoning type,Sponging type,None of these,B,"Insects in the order Hemiptera have piercing and sucking type mouthparts, which are adapted for feeding on plant sap or animal fluids."
1830,267,Entomology,Which of the following is NOT a member of the suborder Heteroptera?,Tea mosquito bug,Red cotton bug,Aphids,Rice gundhy bug,None of these,C,"Aphids belong to the suborder Homoptera, not Heteroptera. Heteroptera includes bugs like the tea mosquito bug, red cotton bug, and rice gundhy bug."
1831,267,Entomology,What is the function of the scutellum in bugs?,Feeding,Protection,Reproduction,Respiration,None of these,B,The scutellum is a triangular structure in bugs that provides protection to the mesothorax.
1832,267,Entomology,Which of the following insects is known to cause wart-like outgrowths on guava fruits?,Sorghum ear head bug,Tea mosquito bug,Red cotton bug,Rice gundhy bug,None of these,B,"The tea mosquito bug, Helopeltis theivora/antonii, is known to cause wart-like outgrowths on guava fruits."
1833,267,Entomology,What is the characteristic feature of the wings in the suborder Homoptera?,Uniform texture,Membranous texture,Leathery texture,Scaly texture,None of these,A,The suborder Homoptera is characterized by insects with uniform texture in their front wings.
1834,267,Entomology,Which family does the painted bug of cruciferous belong to?,Miridae,Pyrrhocoridae,Coreidae,Pentatomidae,None of these,D,"The painted bug of cruciferous, Bagrada cruciferarum, belongs to the family Pentatomidae."
1835,268,Entomology,Which family of insects is known for producing lac?,Aphididae,Lacciferidae,Margarodidae,Pseudococcidae,None of these,B,"The family Lacciferidae includes the lac insect, Laccifer lacca, which is chiefly known for producing lac."
1836,268,Entomology,What is the primary method of reproduction in aphids?,Sexual reproduction,Parthenogenesis,Budding,Fragmentation,None of these,B,"Aphids primarily reproduce through parthenogenesis, a form of asexual reproduction."
1837,268,Entomology,Which aphid is specifically associated with mustard plants?,Myzus persicae,Aphis gossypii,Lipaphis erysimi,Rhopalosiphum maidis,None of these,C,"Lipaphis erysimi is known as the mustard aphid, specifically associated with mustard plants."
1838,268,Entomology,Which insect family is known as plant jumping lice?,Aphididae,Psyllidae,Cicadellidae,Delphacidae,None of these,B,The family Psyllidae is commonly known as plant jumping lice.
1839,268,Entomology,Which insect is responsible for transmitting Rice Ragged Stunt and Rice Grassy Stunt virus diseases in rice?,Sogatella furcifera,Nilaparvata lugens,Nephotettix virescens,Amrasca biguttula biguttula,None of these,B,The Brown Plant Hopper (Nilaparvata lugens) is responsible for transmitting these virus diseases in rice.
1840,268,Entomology,What is the shape of the body of insects in the family Cicadellidae?,Pear-shaped,Oval,Wedge-shaped,Elongated,None of these,C,"Insects in the family Cicadellidae, such as leaf hoppers, have a wedge-shaped body."
1841,268,Entomology,Which mealy bug is associated with citrus plants?,Maconellicoccus hirsutus,Planococcus citri,Drosicha mangiferae,Icerya purchasi,None of these,B,"Planococcus citri is known as the citrus mealy bug, specifically associated with citrus plants."
1842,269,Entomology,Which insect order is characterized by having a single pair of wings and hind wings modified into halters?,Thysanoptera,Diptera,Fulgoridae,Lophopidae,None of these,B,"The order Diptera is characterized by having a single pair of wings and hind wings modified into halters, which are used for balance during flight."
1843,269,Entomology,Which of the following insects is known as the sugarcane leaf hopper?,Scirtothrips dorsalis,Thrips tabaci,Pyrilla perpusilla,Stenchaetothrips biformis,None of these,C,"Pyrilla perpusilla is known as the sugarcane leaf hopper, which is a significant pest in sugarcane crops."
1844,269,Entomology,Which family does the malaria mosquito belong to?,Cecidomyiidae,Agromyzidae,Culicidae,Thripidae,None of these,C,"The malaria mosquito, Anopheles stephensi, belongs to the family Culicidae, which includes mosquitoes."
1845,269,Entomology,What type of mouthparts do house flies have?,Rasping and sucking,Sponging,Piercing and blood sucking,Chewing,None of these,B,"House flies have sponging type mouthparts, which are adapted for absorbing liquid food."
1846,269,Entomology,Which insect is known as the onion thrips?,Scirtothrips dorsalis,Thrips tabaci,Stenchaetothrips biformis,Pyrilla perpusilla,None of these,B,"Thrips tabaci is known as the onion thrips, which is a common pest affecting onion crops."
1847,269,Entomology,Which of the following is a characteristic feature of the order Thysanoptera?,Complete metamorphosis,Asymmetrical mouthparts,Two pairs of wings,Legless larvae,None of these,B,"The order Thysanoptera is characterized by having asymmetrical mouthparts, with the left mandible present as a stylet and the right mandible absent."
1848,269,Entomology,Which insect is responsible for causing serpentine leaf miner damage?,Melanagromyza obtusa,Liriomyza trifolii,Contarinia sorghicola,Orseolia oryzae,None of these,B,"Liriomyza trifolii is known as the serpentine leaf miner, which causes damage by creating serpentine-like tunnels in leaves."
1849,270,Entomology,Which family does the house fly (Musca domestica) belong to?,Tephritidae,Muscidae,Syrphidae,Tachnidae,None of these,B,"The house fly (Musca domestica) belongs to the family Muscidae, as explicitly stated in the source."
1850,270,Entomology,Which of the following is a characteristic feature of the order Lepidoptera?,Incomplete metamorphosis,Body covered with scales,Mouthparts adapted for chewing,Presence of three pairs of legs,None of these,B,"The order Lepidoptera is characterized by bodies covered with scales, as indicated by the name itself (Lepidos = scales, ptera = wing)."
1851,270,Entomology,Which fruit fly is associated with cucurbit crops?,Carpomyia vesuviana,Bactrocera dorsalis,Bactrocera cucurbitae,Atherigona soccata,None of these,C,"The Cucurbit fruit fly, Bactrocera cucurbitae, is specifically associated with cucurbit crops."
1852,270,Entomology,What is the common name for Plutella xylostella?,Gram pod borer,Diamond back moth,Pink boll worm,Castor semilooper,None of these,B,Plutella xylostella is commonly known as the Diamond back moth (DBM).
1853,270,Entomology,Which family does the silk worm (Bombyx mori) belong to?,Noctuidae,Gelechiidae,Plutellidae,Bombycidae,None of these,D,The silk worm (Bombyx mori) belongs to the family Bombycidae.
1854,270,Entomology,Which of the following is a predacious fly on aphids?,House fly,Syrphid fly,Fruit fly,Tachnidae fly,None of these,B,"Syrphid flies, which resemble bees and wasps, are predacious on aphids."
1855,270,Entomology,Which moth is known as the Angoumois grain moth?,Helicoverpa armigera,Phthorimaea operculella,Sitotroga cerealella,Achaea janata,None of these,C,The Angoumois grain moth is scientifically known as Sitotroga cerealella.
1856,271,Entomology,Which family does the Yellow stem borer of rice belong to?,Pyralidae,Coccinellidae,Curculionidae,Scarabaeidae,None of these,A,"The Yellow stem borer of rice, *Scirpophaga incertulas*, belongs to the Pyralidae family as mentioned in the source."
1857,271,Entomology,What is the characteristic feature of the Curculionidae family?,Presence of a snout or beak,Photogenic organ,Sclerotized elytra,Predatory behavior,None of these,A,"The Curculionidae family, also known as weevils, is characterized by the presence of a snout or beak."
1858,271,Entomology,"Which beetle is a predator of aphids, jassids, and mealy bugs?",Lady-bird-beetle,Hadda beetle,Cigarette beetle,Red pumpkin beetle,None of these,A,"The Lady-bird-beetle, *Coccinella septempunctata/Menochilus sexmaculatus*, is a predator of aphids, jassids, and mealy bugs."
1859,271,Entomology,What is the scientific name of the Mango stem borer?,*Batocera rufomaculata*,*Sitophilus oryzae*,*Sternochetus mangiferae*,*Raphidopalpa foveicollis*,None of these,A,The scientific name of the Mango stem borer is *Batocera rufomaculata* as mentioned in the source.
1860,271,Entomology,Which insect order has the largest population among all insects?,Coleoptera,Pyralidae,Lampyridae,Anobiidae,None of these,A,"The Coleoptera order is the largest insect order, comprising 40% of the total insect population."
1861,271,Entomology,What is the common name for insects in the Lampyridae family?,Fireflies,Beetles,Weevils,Grubs,None of these,A,"The common name for insects in the Lampyridae family is fireflies, also known as 'Jugnu'."
1862,271,Entomology,Which beetle is a serious pest of tobacco products in stored places?,Cigarette beetle,Hadda beetle,Lady-bird-beetle,Red pumpkin beetle,None of these,A,"The Cigarette beetle, *Lasioderma serricorne*, is a serious pest of tobacco products in factories and stored places."
1863,269,Entomology,Who is known as the 'father of host plant resistance'?,R.H. Painter,Rachel Carson,Paul de Bach,M. Vaeck,None of these,A,R.H. Painter is known as the 'father of host plant resistance' because he coined the term 'Resistance' and published the book 'Insect Resistance in Crop Plants' in 1951.
1864,269,Entomology,Which book marked a significant event in the chronology of entomology in 1962?,Insect Resistance in Crop Plants,Silent Spring,Biological Control of Insect Pest and Weeds,The Development of Transgenic Plants,None of these,B,The book 'Silent Spring' by Rachel Carson was published in 1962 and marked a significant event in the chronology of entomology.
1865,269,Entomology,What was the first photostable pyrethroid developed?,Elcar,Permethrin,B.t endotoxin,NPV,None of these,B,The first photostable pyrethroid developed was Permethrin in 1973.
1866,269,Entomology,Which pest category has a GEP that lies well above the DB and EIL?,Key pest,Major pest,Minor pest,Secondary pest,None of these,A,Key pests are the most severe and damaging pests with a GEP that lies well above the DB (Damage Boundary) and EIL (Economic Injury Level).
1867,269,Entomology,What does GEP stand for in the context of pest management?,General Economic Population,General Equilibrium Point,General Environmental Parameter,General Ecological Presence,None of these,E,"GEP stands for General Equilibrium Position, which is the average population density of an insect population over a long period of time, unaffected by temporary interventions of pest control."
1868,269,Entomology,Which pest category requires timely interventions to avoid economic damage?,Key pest,Major pest,Minor pest,Secondary pest,None of these,B,Major pests have a GEP close to EIL but economic damage can be avoided by timely interventions.
1869,269,Entomology,What was the first transgenic plant developed for pest control?,Cotton,Tobacco,Rice,Maize,None of these,B,"The first transgenic plant developed for pest control was tobacco, reported by M. Vaeck and co-workers in 1987, by transferring the B.t (endotoxin) gene to control Manduca sexta."
1870,270,Entomology,Which statement correctly describes a regular pest?,A pest that appears only in isolated years under favorable conditions,A pest that affects specific seasonal crops and goes through many generations during the crop period,A pest that currently causes no economic damage and stays below the economic injury level,A pest that is controlled solely by chemical sprays,None of these,B,"Regular pests affect particular seasonal crops such as cereals, pulses, and fruits and complete several generations within the crop season."
1871,270,Entomology,Sporadic pests differ from regular pests because they:,Maintain a constant high population throughout the year,Never exceed the economic injury level (EIL),Can become epidemic in certain years when environmental conditions favor them,Are always controlled by cultural methods only,None of these,C,"Sporadic pests usually have negligible populations but can erupt epidemically in favorable years, crossing the EIL and DB."
1872,270,Entomology,Which of the following is cited as an example of a potential pest?,White grub,Rice stem borer,Spodoptera litura on cotton,Grasshopper,None of these,C,Spodoptera litura on cotton is listed as a potential pest that currently causes no economic loss but could become problematic if conditions change.
1873,270,Entomology,Integrated Pest Management (IPM) is best defined as:,The exclusive use of biological control agents to eliminate pests,An ecosystem approach that combines multiple strategies to protect crops while minimizing pesticide use,A method that relies solely on deep ploughing and crop rotation,A technique that focuses only on chemical pesticides applied at the seedling stage,None of these,B,"IPM integrates cultural, biological, mechanical, and chemical methods to manage pests sustainably and reduce pesticide reliance."
1874,270,Entomology,Which cultural method specifically destroys the resting stages of soil‑dwelling insects by summer deep ploughing?,Crop rotation,Deep ploughing,Clean cultivation,Use of trap crop,None of these,B,"Deep ploughing during summer breaks the soil and kills the resting stages of soil‑dwelling insects, weeds, and pathogens."
1875,270,Entomology,The primary purpose of using a trap crop in pest management is to:,Increase soil fertility around the main crop,Attract pests away from the main crop to reduce damage,Provide a habitat for beneficial insects only,Prevent erosion of the field edges,None of these,B,"Trap crops are planted to lure pests away from the principal crop, thereby lowering pest pressure on the main production."
1876,270,Entomology,Which pest listed below is an example of a regular pest?,Spodoptera litura,White grub,Rice stem borer,Army worm,None of these,C,Rice stem borer is described as a regular pest that attacks specific seasonal crops and undergoes many generations during the crop period.
1877,271,Entomology,Which of the following is an example of a trap crop used to protect cotton from bollworms?,Okra,Castor,Mustard,Soyabean,None of these,A,"Okra is sown in cotton crops as a trap crop to attract bollworms, making it easier to destroy the pests through pesticide spraying."
1878,271,Entomology,What is the primary purpose of pruning and thinning in pest management?,To attract pests to specific plants,To increase the vigour of plants,To destroy soil-dwelling insects,To prevent climbing pests,None of these,B,"Pruning removes infected parts and thinning increases the vigour of plants, helping them to grow stronger and healthier."
1879,271,Entomology,Which rice variety is resistant to both BPH and gall midge?,Suraksha,CoRH-1,Basumati,IR8,None of these,B,CoRH-1 is a rice variety known for its resistance to both BPH (Brown Planthopper) and gall midge.
1880,271,Entomology,What is the purpose of banding in mechanical pest control?,To attract pests to a specific area,To prevent climbing pests,To destroy soil-dwelling insects,To increase plant vigour,None of these,B,"Banding is used to prevent climbing pests, such as the mango mealybug, from reaching the plants."
1881,271,Entomology,Which method involves the use of flame throwers against grasshoppers?,Biological method,Chemical method,Mechanical method,Physical method,None of these,D,"The physical method involves the manipulation of temperature, humidity, and the use of radiations, including flame throwers against grasshoppers."
1882,271,Entomology,What is the recommended moisture level for safe storage of cereals to reduce storage pest infestation?,Less than 10%,Less than 12%,Less than 14%,Less than 16%,None of these,B,"To reduce storage pest infestation, cereals should be kept at a moisture level of less than 12%."
1883,271,Entomology,Which type of trap is NOT mentioned as a method of mechanical pest control?,Light trap,Bait trap,Sound trap,Heat trap,None of these,D,"The methods mentioned include light trap, bait trap, sticky trap, pheromone trap, and sound trap. Heat trap is not listed."
1884,272,Entomology,What is the minimum moisture level required for safe storage of oil seeds?,8%,10%,6%,12%,None of these,A,The minimum moisture level required for safe storage of oil seeds is 8%. This is a critical factor to prevent spoilage and maintain quality during storage.
1885,272,Entomology,Which act was adopted for destructive insect-pest control in 1914?,DIPA,DPPQS,H.S. Smith Act,Quarantine Act,None of these,A,The Destructive Insect-Pest Act (DIPA) was adopted in 1914 for controlling destructive insect-pests.
1886,272,Entomology,What is the primary characteristic of a parasitoid?,It kills its host,It is always smaller than its host,It requires multiple hosts,It does not develop into a free-living adult,None of these,A,A parasitoid is characterized by killing its host and typically requires only one host to develop into a free-living adult.
1887,272,Entomology,Which parasitoid is used to control the top shoot borer in sugarcane?,Isotima javensis,Tetrastichus Israeli,Trichospilus pupivora,Apanteles flavis,None of these,A,Isotima javensis is the parasitoid used for controlling the top shoot borer in sugarcane.
1888,272,Entomology,"Which organization was established in 1946 for plant protection, quarantine, and storage?",DPPQS,DIPA,H.S. Smith Organization,Biological Control Directorate,None of these,A,"The Directorate of Plant Protection Quarantine & Storage (DPPQS) was established in 1946 in Faridabad for plant protection, quarantine, and storage."
1889,272,Entomology,Which parasitoid targets the black headed caterpillar in coconut?,Trichospilus pupivora,Tetrastichus Israeli,Bracon kirkpotricki,Copidosoma,None of these,A,Trichospilus pupivora is the parasitoid used for controlling the black headed caterpillar in coconut.
1890,272,Entomology,Who coined the term 'biological control'?,H.S. Smith,DIPA,DPPQS,Isotima javensis,None of these,A,The term 'biological control' was coined by H.S. Smith in 1919.
1891,273,Entomology,Which parasitoid is used for controlling the Diamondback Moth (Plutella xylostella) in cabbage?,Cotesia plutella,Campoletis chloridae,Trichogramma chilonis,Encarsia Formosa,None of these,A,Cotesia plutella is specifically mentioned as the parasitoid for controlling the Diamondback Moth (Plutella xylostella) in cabbage.
1892,273,Entomology,Which predator is effective in controlling the brown plant hopper (BPH) of rice?,Lady Bird Beetle (Coccinella septumpuctata),Lace wing (Chrysoperla carnea),Mirid bug (Cyrtorhinus levipedinis),Reduvid bug (Platymeris laevicollis),None of these,C,The Mirid bug (Cyrtorhinus levipedinis) is specifically mentioned as an effective predator for controlling the brown plant hopper (BPH) of rice.
1893,273,Entomology,Which parasitoid is used for controlling bollworms in cotton?,Trichogramma chilonis,Trichogramma japonicum,Encarsia Formosa,Epiricania melanoleuca,None of these,A,Trichogramma chilonis/brasilensis is mentioned as the parasitoid for controlling bollworms in cotton.
1894,273,Entomology,"Which predator feeds on sucking pests like whiteflies, aphids, and thrips?",Lady Bird Beetle (Coccinella septumpuctata),Lace wing (Chrysoperla carnea),Cryptolaemus moutrouzieri,Rodalia cardanalis,None of these,B,"The Lace wing (Chrysoperla carnea) is specifically mentioned as a predator that feeds on sucking pests like whiteflies, aphids, and thrips."
1895,273,Entomology,Which parasitoid is used for controlling the San Jose scale (Quadraspidiotus perniciosus) in apple?,Encarsia Formosa,Epiricania melanoleuca,Encarsia perniciosi,Aphelinus mali,None of these,C,Encarsia perniciosi is specifically mentioned as the parasitoid for controlling the San Jose scale (Quadraspidiotus perniciosus) in apple.
1896,273,Entomology,Which predator is used for controlling the coconut rhinoceros beetle (Oryctes rhinoceros)?,Lady Bird Beetle (Menochilus sexmaculata),Reduvid bug (Platymeris laevicollis),Mirid bug (Cyrtorhinus levipedinis),Predatory mite (Phytoseiulus persinilis),None of these,B,The Reduvid bug (Platymeris laevicollis) is specifically mentioned as a predator of the coconut rhinoceros beetle (Oryctes rhinoceros).
1897,273,Entomology,Which parasitoid is used for controlling the citrus mealy bug (Planococcus citri)?,Trichogramma chilonis,Leptomastix dactylopii,Encarsia Formosa,Epiricania melanoleuca,None of these,B,Leptomastix dactylopii is specifically mentioned as the parasitoid for controlling the citrus mealy bug (Planococcus citri).
1898,274,Entomology,Which family do entomopathogenic bacteria primarily belong to?,Bacillaceae,Syrphidae,Asilidae,Clostridiaceae,None of these,A,"Entomopathogenic bacteria primarily belong to the family Bacillaceae, as mentioned in the source."
1899,274,Entomology,Who is known as the father of insect pathology?,Agastino Bassi,Ishiwata,Stern Hauns,Louis Pasteur,None of these,A,"Agastino Bassi is known as the father of insect pathology, as stated in the source."
1900,274,Entomology,Which strain of Bacillus thuringiensis is effective against black flies (Diptera)?,Bt. kurstaki,Bt. israelensis,Bt. tenebriosis,Bt. papillae,None of these,B,"Bt. israelensis is effective against black flies (Diptera), as mentioned in the source."
1901,274,Entomology,What is the primary toxin produced by Bacillus thuringiensis?,Alpha endotoxin,Beta exotoxin,Delta endotoxin,Gamma endotoxin,None of these,C,"The primary toxin produced by Bacillus thuringiensis is delta endotoxin, as stated in the source."
1902,274,Entomology,Which commercial product was the first to be isolated from Bacillus thuringiensis strain kurstaki?,Biobit,Dipel,Halt,Thuricide,None of these,B,"The first commercial product isolated from Bacillus thuringiensis strain kurstaki is Dipel, as mentioned in the source."
1903,274,Entomology,What disease does Bacillus papillae cause in Japanese beetle grubs?,Yellow disease,Milky disease,Black disease,Red disease,None of these,B,"Bacillus papillae causes milky disease in Japanese beetle grubs, as stated in the source."
1904,274,Entomology,Which scientist isolated Bacillus thuringiensis from diseased larvae of Bombyx mori?,Agastino Bassi,Stern Hauns,Ishiwata,Louis Pasteur,None of these,C,"Ishiwata isolated Bacillus thuringiensis from diseased larvae of Bombyx mori, as mentioned in the source."
1905,275,Entomology,Which commercial formulation is effective against white grub (Holotrichia consanguinea) in groundnut?,Doom,Bacillus sphaericus,Pseudomonas fluorescence,Baculoviridae,None of these,A,"Doom is the commercial formulation of Bacillus papillae, which is effective against white grub in groundnut."
1906,275,Entomology,"Which bacteria is known for controlling mosquitoes, specifically Culex sp.?",Bacillus sphaericus,Pseudomonas fluorescence,Bacillus papillae,Baculoviridae,None of these,A,Bacillus sphaericus produces spherical spores and is effective in controlling Culex sp. mosquitoes.
1907,275,Entomology,Which family of viruses is well-known for managing insect pests?,Baculoviridae,Pseudomonadaceae,Bacillaceae,Culicidae,None of these,A,The Baculoviridae family is well-known for its use in managing insect pests.
1908,275,Entomology,Which genus of viruses is ideal for integrated pest management due to their safety to humans and the environment?,NPV and GV,Bacillus sphaericus,Pseudomonas fluorescence,Bacillus papillae,None of these,A,"Both NPV and GV belong to the Baculoviridae family and are safe for humans and the environment, making them ideal for integrated pest management."
1909,275,Entomology,Which virus contains only one virus particle in each occlusion body?,GV,NPV,Baculoviridae,Bacillus sphaericus,None of these,A,Granulosis viruses (GV) contain only one virus particle in each occlusion body.
1910,275,Entomology,Which virus is composed of a polyhedron protein?,NPV,GV,Baculoviridae,Bacillus sphaericus,None of these,A,Nuclear polyhedrosis viruses (NPV) are composed of a polyhedron protein.
1911,275,Entomology,What is the mode of action of NPV in pest management?,Stomach poison at alkaline pH,Contact poison,Systemic poison,Respiratory poison,None of these,A,"NPV acts as a stomach poison at alkaline pH, particularly effective against lepidopteran larvae due to their high gut pH."
1912,276,Entomology,What is the recommended dose range for NPV application per hectare?,250-500 LE,500-750 LE,100-200 LE,750-1000 LE,None of these,A,"The recommended dose range for NPV application is 250-500 LE per hectare, as specified in the source."
1913,276,Entomology,What is the first commercial formulation of NPV?,Gemstar,Elcar,Biomax,Mycotrol,None of these,B,"Elcar is the first commercial formulation of NPV, specifically Hz NPV."
1914,276,Entomology,Which symptom is associated with virus-infested larvae?,Body becomes dark or black in color,Fluid discharge from anus and mouth,Larvae become flaccid and skin becomes fragile,Nervous system dis-coordinated,None of these,C,"Virus-infested larvae become flaccid and their skin becomes fragile, eventually rupturing."
1915,276,Entomology,Which fungus causes white muscardine disease in silkworms?,Metarhizium anisopliae,Beauveria brongniartii,Beauveria bassiana,Metarhizium flavoviridae,None of these,C,Beauveria bassiana is known to cause white muscardine disease in silkworms.
1916,276,Entomology,What is a demerit of NPV and Bt?,Fast speed of action,High resistance in pests,Easily degraded in sunlight,High cost of production,None of these,C,"NPV and Bt are easily degraded in sunlight (UV rays), which is a significant demerit."
1917,276,Entomology,Which trade name is associated with Metarhizium anisopliae?,Boverin,Biomax,Mycotrol,Naturalis,None of these,B,Biomax is a trade name associated with Metarhizium anisopliae.
1918,276,Entomology,What is a symptom of bacteria-infested larvae?,Larvae turn into pinkish white in ventral side,Larvae become flaccid and skin becomes fragile,Fluid discharge from anus and mouth,Larvae crawl to the top of the plant,None of these,C,"Bacteria-infested larvae exhibit fluid discharge from the anus and mouth, along with septicemia."
1919,277,Entomology,Verticillium lecanii (trade name Vertilec) is used to control which of the following insect groups?,"Aphids, jassids, thrips, white flies & scale insects",Phytophagous mites,Helicoverpa armigera,Boll worms,None of these,A,"Verticillium lecanii is a fungal pathogen that targets soft‑bodied insects such as aphids, jassids, thrips, white flies and scale insects."
1920,277,Entomology,"DD-136, a mixture of Steinernema spp. nematodes and bacteria, is sold under which trade name?",Geen commando,Vertilec,Mycar,Endosulfan,None of these,A,"DD-136 is marketed as ""Geen commando"" and combines Steinernema nematodes with bacteria for pest control."
1921,277,Entomology,Which of the following is NOT listed as an advantage of biological control?,Environmentally safe,Slow control,Self‑perpetuating,Long lasting control,None of these,B,"Biological control is praised for being environmentally safe, long lasting, and self‑perpetuating; slow control is actually a disadvantage."
1922,277,Entomology,"DDT, the first commercial organochlorine insecticide, was banned in the United States in which year?",1972,1989,1941,1939,None of these,A,DDT was banned in the US in 1972 due to its long residual effects and toxicity.
1923,277,Entomology,Entomopathogenic nematodes are known for which of the following characteristics?,They are beneficial bacteria,They kill insects,They are used in genetic control,They are chemical insecticides,None of these,B,"Entomopathogenic nematodes infect and kill insects, making them a biological control agent."
1924,277,Entomology,Which of the following is mentioned as a disadvantage of biological control?,Economical,Slow control,Self‑perpetuating,Long lasting,None of these,B,One of the listed disadvantages of biological control is that it provides slow control and results are not guaranteed.
1925,277,Entomology,"Under genetic control methods, which technique is used to reduce pest populations?",Sterile insect release,Chemical spraying,Biological control,Mechanical control,None of these,A,Sterile insect release is a genetic control strategy that reduces pest populations by releasing sterile males.
1926,278,Entomology,Which of the following organophosphates is considered the safest for use on vegetables?,Diclorvos,Malathion,Chlorpyriphos,Quinolphos,None of these,B,Malathion is explicitly mentioned as the safest insecticide for vegetables among organophosphates.
1927,278,Entomology,Which insecticide is used primarily for the control of aphids and onion and chilli thrips?,Monocrotophos,Dimethoate,Acephate,Phorate,None of these,C,Acephate is specifically mentioned for the control of aphids and onion and chilli thrips.
1928,278,Entomology,Which of the following is a systemic organophosphate used against whitegrub and stem borers?,Monocrotophos,Dimethoate,Phorate,Methyl demeton,None of these,C,Phorate is listed as being used against whitegrub and stem borers.
1929,278,Entomology,Which carbamate insecticide is also used as a nematicide?,Carbaryl,Carbofuran,Aldicarb,Sevin,None of these,B,Carbofuran is mentioned as being systemic and also used as a nematicide.
1930,278,Entomology,Which insecticide is effective against mustard aphid?,Monocrotophos,Dimethoate,Acephate,Methyl demeton,None of these,D,Methyl demeton is explicitly mentioned as effective against mustard aphid.
1931,278,Entomology,Which of the following is a characteristic of synthetic pyrethroids?,They are derived from natural pyrethrum,They have a slow knock-down effect,They are highly resistant to degradation in sunlight,They are primarily used as herbicides,None of these,A,Synthetic pyrethroids are described as synthetic derivatives of natural pyrethrum.
1932,278,Entomology,Which insecticide is used for locust and red hairy caterpillar control?,Diclorvos,Malathion,Methyl parathion,Chlorpyriphos,None of these,C,Methyl parathion is specifically mentioned for locust and red hairy caterpillar control.
1933,279,Entomology,Which synthetic pyrethroid was the first to be developed?,Allethrin,Permethrin,Cypermethrin,Deltamethrin,None of these,A,"Allethrin was the first synthetic pyrethroid, developed in 1949."
1934,279,Entomology,Which fumigant is known to be highly inflammable and non-toxic to plants but highly toxic to mammals?,Hydrogen cyanide,Carbon disulphide,Methyl bromide,Ethylene dichloride,None of these,A,"Hydrogen cyanide is highly inflammable, non-toxic to plants, but highly toxic to mammals."
1935,279,Entomology,Which synthetic pyrethroid is known for being the first photostable one?,Allethrin,Permethrin,Cypermethrin,Deltamethrin,None of these,B,"Permethrin was the first photostable synthetic pyrethroid, developed in 1970."
1936,279,Entomology,Which fumigant is used in stored grain pest control and is known to be non-inflammable but toxic to mammals?,Hydrogen cyanide,Carbon disulphide,Methyl bromide,Ethylene dichloride,None of these,C,Methyl bromide is used in stored grain pest control and is non-inflammable but toxic to mammals.
1937,279,Entomology,Which fumigant mixture is considered the safest among all fumigants for stored grains?,Hydrogen cyanide,Carbon disulphide,Ethylene dichloride-carbon tetrachloride (ED:CT) mixture,Methyl bromide,None of these,C,The Ethylene dichloride-carbon tetrachloride (ED:CT) mixture is considered the safest among all fumigants for stored grains.
1938,279,Entomology,Which fumigant is primarily used as an additive to reduce inflammability?,Hydrogen cyanide,Carbon tetrachloride,Methyl bromide,Ethylene dichloride,None of these,B,"Carbon tetrachloride is non-inflammable and non-explosive, making it suitable as a fumigant additive to reduce inflammability."
1939,279,Entomology,Which fumigant was discovered by Carter in 1943 for the control of plant nematodes and soil insects?,Hydrogen cyanide,DD mixture,Methyl bromide,Ethylene dichloride,None of these,B,"The DD mixture (1,3 Dichloropropene & 1,2 dichloropropane) was discovered by Carter in 1943 for the control of plant nematodes and soil insects."
1940,280,Entomology,Which gas is known as tear gas and is highly lachrymatory and poisonous to mammals?,Chloropicrin,Hydrogen phosphide,Phosphine,Methyl bromide,None of these,A,Chloropicrin is known as tear gas because it is highly lachrymatory and poisonous to mammals.
1941,280,Entomology,What is the trade name of Hydrogen phosphide (PH₃)?,Celphos,Phostoxin,Fumitoxin,Quickphos,None of these,A,The trade name of Hydrogen phosphide (PH₃) is Celphos.
1942,280,Entomology,Which of the following insecticides is derived from the roots of tobacco?,Rotenone,Pyrethrum,Azadirachtins,Nicotine,None of these,D,Nicotine is derived from the roots of tobacco (Nicotiana spp.).
1943,280,Entomology,Which is the most widely used insecticide in the world?,Thiamethoxam,Clothianidin,Imidacloprid,Acetamiprid,None of these,C,Imidacloprid is the most widely used insecticide in the world.
1944,280,Entomology,Which chemical class does Spirotetramat belong to?,Neonicotinoids,Ketoenols,Oxadiazine,Phenylpyrazole,None of these,B,Spirotetramat belongs to the chemical class of ketoenols.
1945,280,Entomology,Which insecticide is effective against termites?,Imidacloprid,Thiamethoxam,Fipronil,Indoxacarb,None of these,C,Fipronil is effective against termites.
1946,280,Entomology,"Which insecticide is used for sucking insect-pests like aphids, whiteflies, jassids, and thrips?",Thiamethoxam,Clothianidin,Acetamiprid,Imidacloprid,None of these,D,"Imidacloprid is used for sucking insect-pests like aphids, whiteflies, jassids, and thrips."
1947,281,Entomology,Which insecticide is derived from microorganisms?,Abamectin,Cartap hydrochloride,Ronnel,Phorate,None of these,A,Abamectin (Vertimac) is explicitly mentioned as an insecticide derived from microorganisms.
1948,281,Entomology,What is the origin of Neries toxin?,Marine annelid,Fungus,Bacteria,Plant,None of these,A,"Neries toxin is explicitly stated to be poison originated from a marine annelid, Lumbrineris heteropoda."
1949,281,Entomology,Which of the following is a synthetic derivative of Neries toxin?,Cartap hydrochloride,Abamectin,Spinosad,Aldicarb,None of these,A,Cartap hydrochloride (Padan) is explicitly mentioned as a synthetic derivative of Neries toxin.
1950,281,Entomology,Which insecticide has the highest toxicity among the following?,Phorate,Dimeton,Parathion,Aldicarb,None of these,A,The toxicity order provided in the source lists Phorate as the most toxic.
1951,281,Entomology,Which insecticide is considered the safest according to the given safer order?,Methoprene,Permethrin,Methoxychlor,Malathion,None of these,A,The safer order of insecticides lists Methoprene as the safest.
1952,281,Entomology,What does MRL stand for in the context of pesticides?,Maximum Residue Limit,Minimum Residue Level,Maximum Residue Level,Minimum Residue Limit,None of these,A,"MRL is defined as the Maximum Residue Limit, which is the optimum safe concentration of leftover pesticides."
1953,281,Entomology,Which of the following is an example of a propesticide?,Acephate,Phorate,Dimeton,Parathion,None of these,A,Acephate is explicitly mentioned as an example of a propesticide.
1954,282,Entomology,What is the size range of a fine spray in microns?,1-50,50-150,100-400,400 or more,None of these,C,A fine spray has a size range of 100-400 microns as per the classification of sprays.
1955,282,Entomology,Which pest has an ETL of 1-2 adult/hill in rice?,BPH,Hispa,Leaf folder,Stem borer,None of these,B,The Economic Threshold Level (ETL) for Hispa in rice is 1-2 adult/hill.
1956,282,Entomology,What is the recommended practice to avoid BPH epidemic in rice?,Excessive use of nitrogen,Close planting,Alternate wetting & drying,Continuous flooding,None of these,C,Alternate wetting & drying is recommended to avoid BPH epidemic in rice.
1957,282,Entomology,"Which method is used to monitor BPH, Green plant hopper, and stem borer in rice?",Soil testing,Light traps,Water sampling,Plant height measurement,None of these,B,"Light traps are used to monitor BPH, Green plant hopper, and stem borer in rice."
1958,282,Entomology,What is the ETL for white flies in cotton?,1-2/leaf,5-10/leaf for adult or 20 nymphs/leaf,10% shoots/bolls damaged,8 egg masses/100 m row,None of these,B,The Economic Threshold Level (ETL) for white flies in cotton is 5-10/leaf for adult or 20 nymphs/leaf.
1959,282,Entomology,Which natural enemy is used for controlling cotton pests?,Ladybird beetle,Chrysoperla carnea,Earthworm,Honeybee,None of these,B,Chrysoperla carnea is a natural enemy used for controlling cotton pests.
1960,282,Entomology,What is the size range of fog in microns?,0.001-0.1,1-50,50-150,100-400,None of these,B,Fog has a size range of 1-50 microns as per the classification of sprays.
1961,283,Entomology,Which statement correctly describes the habit of the yellow stem borer larvae in rice fields?,Larvae pupate in the soil,Adults lay eggs on the roots,Full‑grown larvae hibernate in rice stubbles,Pupation occurs in water,None of these,C,The larvae remain in the rice stubble after feeding and hibernate there before pupating inside the plant.
1962,283,Entomology,The feeding damage produced by rice hispa larvae appears as:,Chewed holes in the stem,Transparent blotches on the upper leaf surface,Galls on the roots,Brown spots on the grain,None of these,B,Larvae are leaf miners and create transparent blotches on the upper side of leaves.
1963,283,Entomology,Which rice variety is reported to suffer heavier damage from the yellow stem borer?,Basmati,IR64,Swarna,Jaya,None of these,A,The text states that Basmati varieties suffer heavy damage compared with coarse varieties.
1964,283,Entomology,Which cultural practice is recommended before transplanting to manage yellow stem borer?,Flood the field for two weeks,Spray neem oil on seedlings,Clip and burn the tips of seedlings,Apply urea fertilizer,None of these,C,"Eggs are laid near leaf tips, so clipping and burning seedling tips removes them before transplanting."
1965,283,Entomology,The emergence hole made by yellow stem borer larvae is always located:,Below water level,At the base of the plant,Above water level,Inside the grain,None of these,C,The emergence hole is characteristically found above the water surface.
1966,283,Entomology,Which insecticide‑dose combination is correctly matched for yellow stem borer control?,Cartap hydrochloride 4G @ 2.5 kg a.i./ha,DDT @ 1 kg/ha,Malathion @ 5 L/ha,Carbofuran 3G @ 5 kg/ha,None of these,A,The recommended rate for Cartap hydrochloride 4G is 2.5 kg a.i. per hectare.
1967,283,Entomology,An adult rice hispa can be identified by which feature?,Long antennae,Numerous short spines on the body,Bright red coloration,Transparent wings,None of these,B,"The beetle is small, bluish‑black and bears many short spines that give it a characteristic appearance."
1968,284,Entomology,Which method is used to manage beetles in nursery beds?,Flooding the beds and collecting beetles with nets,Using chemical attractants,Introducing predatory fish,Applying fungicides,None of these,A,"Flooding the nursery beds causes beetles to float, making it easier to collect and kill them with nets."
1969,284,Entomology,What is the purpose of clipping leaf tips before transplanting seedlings?,To promote growth,To kill the eggs,To reduce transpiration,To increase photosynthesis,None of these,B,Clipping the leaf tips before transplanting seedlings helps to kill the eggs of pests present on the leaves.
1970,284,Entomology,Which chemical is used for spraying to manage pests in rice fields?,Chlorpyriphos,DDT,Glyphosate,Atrazine,None of these,A,Chlorpyriphos is recommended for spraying at a rate of 625 ml with 250 liters of water.
1971,284,Entomology,What is the larval parasitoid of hispa?,Eulophus femoralis,Trichogramma,Cotesia,Aphidius,None of these,A,Eulophus femoralis is identified as the larval parasitoid of hispa.
1972,284,Entomology,What is the characteristic smell emitted by the Rice gundhi bug when disturbed?,Repugnant or unpleasant smell,Sweet smell,No smell,Pleasant smell,None of these,A,"The Rice gundhi bug emits a repugnant or unpleasant smell when disturbed, earning it the name 'Gandhi bug'."
1973,284,Entomology,Which variety of rice is resistant to the Rice gundhi bug?,Badshabhog,Basmati,Jasmine,Arborio,None of these,A,The Badshabhog variety of rice is known to be resistant to the Rice gundhi bug.
1974,284,Entomology,What is the characteristic damage caused by the Brown plant hopper?,Hopper burn,Root rot,Leaf curl,Stem borer,None of these,A,"The Brown plant hopper causes 'hopper burn' due to severe damage under favorable conditions of high humidity, high nitrogen application, and no wind."
1975,285,Entomology,What is the recommended spacing for rice planting to avoid closer spacing?,20 x 15 cm,30 x 30 cm,10 x 10 cm,25 x 20 cm,None of these,A,"The recommended spacing for rice planting is 20 x 15 cm to avoid closer spacing, which can lead to poor aeration and increased pest infestation."
1976,285,Entomology,Which of the following is a management practice for controlling rice case worm?,Spray of Imidacloprid,Using a rope to dislodge larval cases,Alternate drying & wetting of field,Growing multi-gene resistant varieties,None of these,B,"Using a rope to pass over the young crop helps in dislodging the larval cases of rice case worm, which is an effective management practice."
1977,285,Entomology,Which pest is responsible for the 'silver shoot & onion leaves' symptoms in rice?,Green leaf hopper,White backed plant hopper,Rice gall midge,Rice thrips,None of these,C,The rice gall midge causes 'silver shoot & onion leaves' like symptoms due to the formation of tubular galls on the leaves.
1978,285,Entomology,What is the primary function of filamentous gills on the larvae of rice case worm?,To help in swimming,To derive oxygen from water,To attach to leaves,To camouflage,None of these,B,"The filamentous gills on the larvae of rice case worm help derive its oxygen requirement from the water found inside the leaf case, aiding its semi-aquatic life."
1979,285,Entomology,Which variety of rice is an example of a multi-gene resistant variety?,IR-24,IR-36,IR-50,IR-72,None of these,B,"IR-36 is an example of a multi-gene resistant variety of rice, which helps in managing various pests and diseases."
1980,285,Entomology,Which pest appears in the early crop season (July-August) and causes rust red symptoms?,Green leaf hopper,White backed plant hopper,Rice gall midge,Rice thrips,None of these,B,The white backed plant hopper appears in the early crop season (July-August) and causes rust red symptoms in rice.
1981,285,Entomology,What is the family of the rice case worm (Nymphula depunctalis)?,Cicadelidae,Delphacidae,Pyralidae,Thripidae,None of these,C,The rice case worm (Nymphula depunctalis) belongs to the family Pyralidae in the order Lepidoptera.
1982,286,Entomology,Which insect pest of cotton is known for causing yellowing and downward rolling of leaves?,Cotton jassid,Cotton whitefly,Pink boll worm,Acrididae,None of these,A,Cotton jassid (Amrasca biguttula) causes yellowing and downward rolling/cupping of leaves due to the injection of toxins while feeding on the sap.
1983,286,Entomology,What is a characteristic symptom of damage caused by the pink boll worm?,Yellowing of leaves,Rosette flower,White waxy powder on leaves,Nibbling of rice ear head,None of these,B,The pink boll worm causes a characteristic symptom known as 'rosette flower' due to its damage to the cotton plant.
1984,286,Entomology,Which chemical is recommended for managing both jassids and whiteflies in cotton?,Dimethoate,Imidacloprid,Thiomethoxam,Malathion,None of these,B,Imidacloprid 200 SL @ 75 g a.i. /ha is recommended for effectively managing both jassids and whiteflies.
1985,286,Entomology,What is the primary damage caused by the cotton whitefly?,Nibbling of rice ear head,Loss of cell sap and interference with photosynthesis,Excessive shedding of fruiting bodies,Pink caterpillars inside flower buds,None of these,B,The cotton whitefly lowers the vitality of plants through the loss of cell sap and interferes with normal photosynthesis due to sooty mould growth on honeydew.
1986,286,Entomology,Which insect pest is known for transmitting viral diseases like leaf curl of tobacco and okra?,Cotton jassid,Cotton whitefly,Pink boll worm,Acrididae,None of these,B,"The cotton whitefly (Bemisia tabaci) is known for transmitting several viral diseases, including leaf curl of tobacco and okra."
1987,286,Entomology,What is a distinctive feature of the pink boll worm caterpillar?,White waxy powder,Wedge-shaped body,Pink color,Long hind wings,None of these,C,The caterpillars of the pink boll worm are distinctive due to their pink color.
1988,286,Entomology,Which of the following is a symptom of pink boll worm infestation?,Double seed formation,Yellowing of leaves,White waxy powder on leaves,Downward rolling of leaves,None of these,A,"Double seed formation, where two adjoining seeds join together within a damaged boll, is a symptom of pink boll worm infestation."
1989,287,Entomology,Which method is effective for managing bollworm complex in cotton?,Growing of Bt. cotton varieties,Increasing irrigation frequency,Using chemical fertilizers,Planting more trees around the field,None of these,A,Growing of Bt. cotton varieties is specifically mentioned as an effective method for managing bollworm complex.
1990,287,Entomology,What is a characteristic symptom of cotton plants attacked by bollworms?,'Flare square' (Flare-up),Yellowing of leaves,Wilting of the plant,Root rot,None of these,A,'Flare square' (Flare-up) is explicitly mentioned as a characteristic symptom of cotton plants attacked by bollworms.
1991,287,Entomology,Which parasitoid is associated with the larval stage of bollworms?,Bracon greeni,Aphidius colemani,Trichogramma brassicae,Cotesia glomerata,None of these,A,Bracon greeni is mentioned as a larval parasitoid for bollworms.
1992,287,Entomology,What is the main identification mark of the spotted bollworm?,A series of longitudinally black spots on the body with dull green colour and having tiny stout bristles,Red and black stripes on the wings,Bright yellow coloration,White spots on a blue background,None of these,A,The main identification mark of the spotted bollworm is described as a series of longitudinally black spots on the body with dull green color and having tiny stout bristles.
1993,287,Entomology,Which pest stains the lint in ginning factories when crushed with cotton?,Red cotton bug,Dusky cotton bug,American bollworm,Cotton leaf roller,None of these,A,The red cotton bug is mentioned to stain the lint in ginning factories when crushed with cotton.
1994,287,Entomology,What is a characteristic symptom of young sugarcane plants attacked by top borer caterpillars?,Reddish streaks on the midrib,Yellowing of leaves,Wilting of the plant,Root rot,None of these,A,Young sugarcane plants attacked by top borer caterpillars show characteristic reddish streaks on the midrib.
1995,287,Entomology,What is the color of the moths of the top borer pest in sugarcane?,Pure white,Bright yellow,Dark brown,Black and red,None of these,A,The moths of the top borer pest in sugarcane are described as pure white in color.
1996,288,Entomology,Which chemical is recommended for managing sugarcane leaf hopper infestations?,Carbofuran 3G,Cartap hydrochloride 4G,Malathion 50 EC,Epiricania melanoleuca,None of these,C,Malathion 50 EC is specifically recommended for spraying to manage sugarcane leaf hopper infestations.
1997,288,Entomology,What is a distinctive symptom of sugarcane leaf hopper infestation?,Leaves turn pale yellow and shrivel up,Leaves acquire a bright green appearance,Leaves develop red spots,Leaves become overly rigid,None of these,A,The distinctive symptom of sugarcane leaf hopper infestation is that the leaves turn pale yellow and shrivel up due to the loss of cell sap.
1998,288,Entomology,Which pest of sugarcane causes the crop to acquire an 'apolish green' appearance?,Sugarcane leaf hopper,Sugarcane white fly,Sugarcane mealy bug,Sugarcane shoot borer,None of these,B,The sugarcane white fly causes the crop to acquire an 'apolish green' appearance due to the yellowing streaks on the attacked leaves.
1999,288,Entomology,What is the primary method of dispersal for newly emerged army worm larvae in wheat?,Crawling on the ground,Spinning threads and using air currents,Burrowing into the soil,Jumping from plant to plant,None of these,B,The freshly emerged army worm larvae spin threads from which they suspend themselves in the air and use air currents to reach from one plant to another.
2000,288,Entomology,Which of the following is a management practice for sugarcane pests from April to June?,Application of Carbofuran 3G,Application of Cartap hydrochloride 4G,Cutting the attacked shoots at ground level,Spraying Malathion 50 EC,None of these,C,Cutting the attacked shoots at ground level is a recommended management practice for sugarcane pests from April to June.
2001,288,Entomology,Which parasitoid is effective against sugarcane leaf hopper eggs?,Aleurobolus barodensis,Saccharicoccus sacchari,Epiricania melanoleuca,Chilo infuscatellus,None of these,C,Epiricania melanoleuca is the egg parasitoid effective against sugarcane leaf hopper eggs.
2002,288,Entomology,What is a characteristic feature of sugarcane leaf hoppers?,They are slow-moving and silent,They are very agile and make a faint noise in large numbers,They have a bright red color,They are found only in isolated numbers,None of these,B,Sugarcane leaf hoppers are very agile and make a faint noise when they jump around in large numbers.
2003,289,Entomology,Which pest is known for causing 'dead hearts' in maize and wheat crops?,Maize stem borer,Wheat aphid,Ghujhia weevil,Termite,None of these,A,"The maize stem borer (*Chilo partellus*) is known for causing 'dead hearts' in maize crops. Additionally, the pink borer (*Sesamia inferens*) causes 'dead hearts' in wheat crops."
2004,289,Entomology,What is the specific pest of wheat nursery that damages germinating seedlings at the ground level?,Ghujhia weevil,Wheat aphid,Termite,Wheat mite,None of these,A,"The Ghujhia weevil (*Tanymecus indicus*) is a specific pest of wheat nursery that damages germinating seedlings at the ground level, mainly during October-November."
2005,289,Entomology,Which insect pest of pearl millet is known for cutting the central shoot of seedlings?,White grub,Termite,Red hairy caterpillar,Shoot fly,None of these,D,"The shoot fly (*Atherigona soccata*) is known for cutting the central shoot of pearl millet seedlings, leading to 'dead hearts'."
2006,289,Entomology,What is the recommended chemical for managing maize stem borer infestation?,Quinolphos 25 EC,Phorate 10 G,Carbofuran 3G,Malathion,None of these,B,Phorate 10 G @ 20 kg/ha is recommended for managing maize stem borer infestation.
2007,289,Entomology,Which pest is known for causing damage that makes the field look like it has been 'grazed by cattle'?,Army worm,Ghujhia weevil,Termite,Wheat aphid,None of these,A,"In case of severe attack by the army worm, whole leaves including the mid ribs are consumed, making the field look as if it has been 'grazed by cattle'."
2008,289,Entomology,Which of the following pests does NOT occur in India?,Maize aphid,European corn borer,Asian maize borer,Pink borer,None of these,B,The European corn borer (*Ostrinia nubilalis*) does not occur in India.
2009,289,Entomology,What is the primary management practice for controlling maize stem borer?,Destroying stubbles and weeds,Increasing irrigation,Applying fungicides,Using herbicides,None of these,A,"Destroying stubbles, weeds, and alternate hosts is a primary management practice for controlling maize stem borer."
2010,290,Entomology,Which stage of the sorghum plant is most vulnerable to attack by the sorghum shoot fly?,Six leaves stage,Flowering stage,Seedling stage,Maturity stage,None of these,A,"The sorghum shoot fly attacks the young crop when it is in the six leaves stage, making it the most vulnerable stage."
2011,290,Entomology,What is a typical symptom of sorghum shoot fly infestation in young plants?,Yellowing of leaves,Dead hearts,Wilting,Stunted growth,None of these,B,Young plants infested with sorghum shoot fly show typical 'dead hearts' symptoms due to the destruction of the growing point.
2012,290,Entomology,Which of the following management practices is effective against sorghum shoot fly?,Late sowing,Use of lower seed rate,Application of Phorate 10 G at the time of sowing,Increasing irrigation,None of these,C,Application of Phorate 10 G at the time of sowing is an effective management practice against sorghum shoot fly.
2013,290,Entomology,Which insect pest of sorghum lays cigar-shaped eggs on sorghum leaves?,Sorghum shoot fly,Sorghum midge,Sorghum ear head bug,Red spider mite,None of these,C,The sorghum ear head bug (*Calocoris angustatus*) lays cigar-shaped eggs on sorghum leaves.
2014,290,Entomology,Which of the following is a polyphagous and cosmopolitan insect pest of pulses?,Sorghum shoot fly,Gram pod borer,Sorghum midge,Red spider mite,None of these,B,The gram pod borer (*Helicoverpa armigera*) is a polyphagous and cosmopolitan insect pest that affects pulses.
2015,290,Entomology,What is the primary management practice for controlling gram pod borer?,Late sowing,Timely sowing,Increasing irrigation,Use of higher seed rate,None of these,B,"Timely sowing, up to mid-October, is a primary management practice for controlling gram pod borer."
2016,290,Entomology,Which of the following is a larval parasitoid of Helicoverpa?,Trichogramma chilonis,Cosmopletis chloridae,Phorate 10 G,Monocrotophos,None of these,B,"Cosmopletis chloridae is a larval parasitoid of Helicoverpa, used in the management of gram pod borer."
2017,291,Entomology,Which pest is known for cutting the stems of gram plants either below or above the ground?,Gram cut worm,Red gram pod fly,Tur pod bug,Bean fly,None of these,A,"The Gram cut worm (*Agrotis ipsilon*) is known for cutting the stems of gram plants either below or above the ground, especially at night."
2018,291,Entomology,What is the primary damage caused by the Red gram pod fly?,Cutting the stems of plants,Eating away parts of the seed,Sucking cell sap from leaves,Scraping the epidermis of leaves,None of these,B,"The Red gram pod fly (*Melanagromyza obtusa*) causes damage by eating away parts of the seed, making them unfit for human consumption."
2019,291,Entomology,Which management practice is effective against the Gram cut worm?,Application of Dimethoate,Application of Flubendiamide,Application of Methyl Parathion,Application of Neem oil,None of these,B,Application of Flubendiamide (Fume) @ 0.5% sprays at evening time is effective against the Gram cut worm.
2020,291,Entomology,Which pest is specific to arhar and causes damage by scraping pods and making holes?,Tur pod bug,Plume moth,Girdle beetle,Bean fly,None of these,B,The Plume moth (*Exelastis atomosa*) is specific to arhar and causes damage by scraping pods and making holes.
2021,291,Entomology,What is a characteristic behavior of the Gram cut worm larvae?,Feeding on the epidermis of leaves,Living in cracks and holes during the day,Sucking cell sap from leaves,Pupating in pods,None of these,B,The Gram cut worm larvae live in cracks and holes in the ground during the day and come out at night to feed.
2022,291,Entomology,Which pest is known for girdling the stem of soybean plants?,Tur pod bug,Plume moth,Girdle beetle,Bean fly,None of these,C,The Girdle beetle (*Oberia bravis*) is known for girdling the stem of soybean plants and making punctures before inserting eggs.
2023,291,Entomology,Which chemical is recommended for managing the Girdle beetle?,Dimethoate,Flubendiamide,Methyl Parathion,Malathion,None of these,C,Methyl Parathion 50 EC 1.25 liter/ha is recommended for managing the Girdle beetle.
2024,292,Entomology,Which insect pest of mustard is known for causing leaves to appear curly?,Mustard aphid,Painted bug,Mustard saw fly,Til hawk moth,None of these,A,"The mustard aphid, Lipaphis erysimi, causes leaves to appear curly as both nymph and adult suck cell sap from leaves, stem, inflorescence, or developing pods."
2025,292,Entomology,What is the primary method of reproduction for the mustard aphid?,Sexual reproduction,Parthenogenesis,Budding,Fragmentation,None of these,B,"The mustard aphid breeds parthenogenetically, which means they reproduce asexually without the need for fertilization."
2026,292,Entomology,Which chemical is recommended for managing the painted bug in mustard crops?,Imidacloprid,Oxydemeton methyl,Malathion,Glyphosate,None of these,C,"Malathion 50 EC is recommended for managing the painted bug, with a spray of 1 litre in 200 liters of water per hectare."
2027,292,Entomology,What is a characteristic feature of the larvae of the mustard saw fly?,Bright coloration,8 pairs of abdominal prolegs without crochets,Wings,Long antennae,None of these,B,The larvae of the mustard saw fly are characterized by having 8 pairs of abdominal prolegs without crochets.
2028,292,Entomology,Which insect pest of sesame is known for its prominent death head mark on the prothorax?,Mustard aphid,Painted bug,Mustard saw fly,Til hawk moth,None of these,D,"The Til hawk moth, Acherontiastyx, is known for having a prominent death head mark on the prothorax."
2029,292,Entomology,What is the primary damage caused by the mustard saw fly?,Curling of leaves,Excretion of resinous material,Damage by larvae,Sucking cell sap from pods,None of these,C,"The primary damage caused by the mustard saw fly is due to its larvae, which are dark green and have 8 pairs of abdominal prolegs without crochets."
2030,292,Entomology,Which biological control is effective against the mustard aphid?,Egg parasitoid: Gryon spp.,Predator ladybird beetle: Coccinella septempunctata,Spraying Malathion,Spraying Imidacloprid,None of these,B,"The predator ladybird beetle, Coccinella septempunctata, is effective in managing the mustard aphid."
2031,293,Entomology,Which insect pest of sweet potato is known for damaging crops both in the field and during storage?,Sweet potato horned caterpillar,Sweet potato weevil,Red hairy caterpillar,White grub,None of these,B,"The sweet potato weevil, *Cylas formicarius*, is known to be a pest both in the field and during storage, making it a significant threat to sweet potato crops."
2032,293,Entomology,What is a distinctive feature of the larvae of the sweet potato horned caterpillar?,Presence of characteristic anal horn,Scarlet red abdomen,Long hairs on the body,'C' shaped body,None of these,A,"The larvae of the sweet potato horned caterpillar, *Agarius convolvulus*, are distinguished by the presence of a characteristic anal horn."
2033,293,Entomology,Which polyphagous pest has caterpillars with numerous long hairs and a scarlet red abdomen?,Sweet potato weevil,Red hairy caterpillar,White grub,Sweet potato horned caterpillar,None of these,B,"The red hairy caterpillar, *Amsacta moorei*, is characterized by caterpillars with numerous long hairs and a scarlet red abdomen with black bands and dots."
2034,293,Entomology,What is a recommended method for managing hairy caterpillars in the initial stage of larvae?,Application of Diclorvos 100 EC,Dusting Quinolphos 1.5%,Digging trenches around the field and dusting methyl parathion 2%,Application of Methyl parathion 0.2% dust,None of these,C,"In the initial stage of larvae, hairy caterpillars can be managed by digging trenches around the field and dusting methyl parathion 2%."
2035,293,Entomology,"Which pest is known for its 'C' shaped larvae that feed on the roots of plants, particularly in sandy soils?",Red hairy caterpillar,Sweet potato weevil,White grub,Sweet potato horned caterpillar,None of these,C,"The white grub, *Holotrichia consanguinea*, has 'C' shaped larvae that feed on the roots of plants, causing significant damage, especially in sandy soils."
2036,293,Entomology,What is the primary damage caused by the white grub in field crops?,Defoliation of plants,Destruction of entire crop stand necessitating resowing,Feeding on growing points of plants,Damage to storage crops,None of these,B,"The primary damage caused by the white grub in field crops is the destruction of the entire crop stand, often necessitating resowing due to the severe damage to plant roots."
2037,293,Entomology,Which chemical is recommended for application at a rate of 625 ml in 500 liters of water per hectare to manage hairy caterpillars?,Methyl parathion 2%,Quinolphos 1.5%,Diclorvos 100 EC,Methyl parathion 0.2%,None of these,C,Diclorvos 100 EC is recommended for application at a rate of 625 ml in 500 liters of water per hectare to manage hairy caterpillars.
2038,294,Entomology,What is a distinctive characteristic of plants damaged by white grub infestation?,They exhibit a wilted appearance and eventually dry out.,They show yellowing of leaves and stunted growth.,They develop spots on leaves and fruits.,They have curled leaves and deformed stems.,None of these,A,Plants damaged by white grub infestation give a wilted appearance and finally dry out due to the grubs feeding on the roots and rootlets.
2039,294,Entomology,What is the primary method of white grub management involving soil treatment?,Application of Chlorpyriphos 20 EC @ 4 liter/ha,Application of Neem oil @ 5 liter/ha,Application of Urea @ 10 kg/ha,Application of Potassium @ 20 kg/ha,None of these,A,Soil application of Chlorpyriphos 20 EC @ 4 liter/ha is an effective method for managing white grub infestation in standing crops.
2040,294,Entomology,Which biological agent is effective in controlling the adult stage of white grub?,Metarhizium anisopliae,Bacillus thuringiensis,Trichoderma viride,Beauveria bassiana,None of these,A,The fungus Metarhizium anisopliae is used for biological control of the adult stage of white grub.
2041,294,Entomology,What is the primary breeding season for the Bombay locust?,Monsoon,Winter,Summer,Spring,None of these,A,The Bombay locust breeds during the monsoon in the Western Ghats.
2042,294,Entomology,Which of the following is a recommended seed treatment for managing white grub?,Clothianidin (Dantotsu) @ 4-6 g/kg,Carbendazim @ 2 g/kg,Mancozeb @ 3 g/kg,Thiram @ 5 g/kg,None of these,A,Seed treatment with Clothianidin (Dantotsu) @ 4-6 g/kg is very effective in managing white grub infestation.
2043,294,Entomology,What is the primary habitat of the Bombay locust?,Gujarat and Tamil Nadu,Maharashtra and Karnataka,Rajasthan and Punjab,Kerala and Andhra Pradesh,None of these,A,The Bombay locust is mostly confined to Gujarat and Tamil Nadu.
2044,294,Entomology,Which of the following is a cultural practice for managing white grub infestation?,Summer ploughing,Winter irrigation,Monsoon harvesting,Spring pruning,None of these,A,"Summer ploughing helps expose the hibernating stages of white grub, thereby managing the infestation."
2045,295,Entomology,Which regions are primarily affected by the Desert Locust?,Rajasthan and Gujarat,Punjab and Haryana,Maharashtra and Karnataka,Bihar and Uttar Pradesh,None of these,A,"The Desert Locust mainly occurs in Rajasthan and Gujarat, as stated in the source."
2046,295,Entomology,How many phases does the adult Desert Locust have?,1,2,3,4,None of these,B,The adult Desert Locust occurs in two phases: Solitary phase and Gregarious phase.
2047,295,Entomology,What is the primary breeding season for the Desert Locust in Rajasthan and Gujarat?,Winter-Spring,Summer-Monsoon,Autumn-Winter,Spring-Summer,None of these,B,The primary breeding season for the Desert Locust in Rajasthan and Gujarat is Summer-Monsoon.
2048,295,Entomology,How many eggs can a single female Desert Locust lay?,Up to 200 eggs,Up to 300 eggs,Up to 400 eggs,Up to 500 eggs,None of these,D,A single female Desert Locust can lay up to 500 eggs.
2049,295,Entomology,Which stage of the Desert Locust is most vulnerable for management?,Egg stage,First nymphal stage,Second and third nymphal stage,Adult stage,None of these,C,The second and third nymphal stages are the most vulnerable for management of the Desert Locust.
2050,295,Entomology,Which of the following plants is NOT typically eaten by the Desert Locust due to its polyphagous nature?,Pearl millet,Neem,Sorghum,Maize,None of these,B,"The Desert Locust does not typically eat Neem, along with a few other plants like aak, dhatura, Jamun, and sheesham."
2051,295,Entomology,What is one method to manage Desert Locust nymphs?,Using insecticides like methyl parathion 2%,Introducing natural predators,Planting more host plants,Increasing irrigation,None of these,A,One method to manage Desert Locust nymphs is by dusting methyl parathion 2% to kill the emerging nymphs.
2052,296,Entomology,Which sterile caste develops from unfertilized eggs?,Worker,Soldier,Complementary caste,Queen,None of these,B,"Soldiers arise from unfertilized eggs, whereas workers develop from fertilized eggs."
2053,296,Entomology,What is the approximate length of the queen termite?,2-3 cm,5-7.5 cm,8-10 cm,0.5-1 cm,None of these,B,The queen measures about 5.0‑7.5 cm in length.
2054,296,Entomology,During which season are colonizing individuals produced in large numbers?,Spring,Summer,Rainy season,Dry season,None of these,C,Winged individuals are produced abundantly during the rainy season.
2055,296,Entomology,What is the primary function of the soldier caste?,Egg laying,Fungus cultivation,Colony protection with sickle‑shaped mandibles,Feeding the queen,None of these,C,Soldiers protect the colony using their large heads and sickle‑shaped mandibles.
2056,296,Entomology,How many eggs can a queen termite lay in 24 hours?,"10,000‑20,000","30,000‑40,000","70,000‑80,000","100,000‑120,000",None of these,C,"The queen can lay about 70,000‑80,000 eggs in a single day."
2057,296,Entomology,Which caste is responsible for cultivating the fungus ambrosia in underground gardens?,Workers,Soldiers,King,Complementary caste,None of these,A,Workers tend the underground gardens and cultivate the fungus food.
2058,296,Entomology,At approximately what depth is the royal chamber where the queen resides located?,0.1 m,0.5 m,1 m,2 m,None of these,B,The royal chamber is situated about 0.5 m below the surface.
2059,297,Entomology,What is the most effective method to eradicate a termite colony?,Reaching the center of the nest and killing the queen and complementary forms,Applying undecomposed green manure,Using FYM at termite-susceptible fields,Treating seeds with Imidacloprid,None of these,A,"The most effective method to eradicate a termite colony is to reach the center of the nest and kill the queen and complementary forms, as this disrupts the colony's structure and reproduction."
2060,297,Entomology,Which chemical is recommended for seed treatment in wheat to protect against termites?,Fipronil 5% SC,Chlorpyriphos 20 EC,Imidacloprid,Regent,None of these,B,Chlorpyriphos 20 EC is recommended for seed treatment in wheat to protect against termites at a rate of 450 ml per 100 kg of seeds.
2061,297,Entomology,What is the application rate of Regent (Fipronil 5% SC) for termite control before sowing?,18 kg/ha,20 kg/ha,4 liter/ha,450 ml/100 kg,None of these,B,The application rate of Regent (Fipronil 5% SC) for termite control before sowing is 20 kg per hectare.
2062,297,Entomology,Which insect-pest belongs to the family Curculionidae?,Red rust flour beetle,Khapra beetle,Rice weevil,Saw tooth beetle,None of these,C,The Rice weevil (Sitophilus oryzae) belongs to the family Curculionidae.
2063,297,Entomology,What is the scientific name of the Khapra beetle?,Sitophilus granarium,Trogoderma granarium,Rhizopertha dominica,Tribolium castaneum,None of these,B,The scientific name of the Khapra beetle is Trogoderma granarium.
2064,297,Entomology,Which chemical is effective against termites in standing crops?,Imidacloprid,Chlorpyriphos 20 EC,Fipronil 5% SC,Both B and C,None of these,D,Both Chlorpyriphos 20 EC and Fipronil 5% SC are effective against termites in standing crops.
2065,297,Entomology,Which family does the Red rust flour beetle belong to?,Curculionidae,Bostrichidae,Tenebrionidae,Silvanidae,None of these,C,The Red rust flour beetle (Tribolium castaneum) belongs to the family Tenebrionidae.
2066,298,Entomology,Which of the following pests is classified as an internal feeder?,Rice weevil,Khapra beetle,Red flour beetle,Oryzaephilus,None of these,A,Rice weevil is classified as an internal feeder because its larvae and pupae remain inside the grains.
2067,298,Entomology,Which family does the Pulse beetle (gram dhora) belong to?,Bruchidae,Tenebrionidae,Gelechiidae,Phycitidae,None of these,A,The Pulse beetle (gram dhora) belongs to the Bruchidae family as indicated in the table.
2068,298,Entomology,Which of the following is a primary pest?,Tribolium castaneum,Oryzaephilus,Sitophilus,Corcyra cephalonica,None of these,C,Sitophilus is a primary pest because it infests whole grains and is capable of damaging all kinds of storage grains.
2069,298,Entomology,Which order does the Almond moth belong to?,Coleoptera,Lepidoptera,Diptera,Hymenoptera,None of these,B,The Almond moth belongs to the order Lepidoptera as indicated in the table.
2070,298,Entomology,Which of the following pests is known to infest broken or milled grains?,Rice weevil,Pulse beetle,Tribolium castaneum,Rhizopertha,None of these,C,Tribolium castaneum is a secondary pest that infests broken or milled grains.
2071,298,Entomology,Which family does the Rice moth belong to?,Bruchidae,Tenebrionidae,Pyralidae,Phycitidae,None of these,C,The Rice moth belongs to the Pyralidae family as indicated in the table.
2072,298,Entomology,"Which of the following is a serious pest of wheat, rice, and barley?",Pulse beetle,Groundnut beetle,Rice weevil,Large head four beetle,None of these,C,"The Rice weevil (Sitophilus oryzae) is a serious pest of wheat, rice, and barley."
2073,299,Entomology,Which stage of the almond moth is a germ feeder?,Larvae,Adult,Pupa,Egg,None of these,A,"Only the larvae of the almond moth are germ feeders, as explicitly stated in the source."
2074,299,Entomology,What is the recommended dosage of Malathion 5% dust for seed treatment?,250g per quintal of seeds,200g per quintal of seeds,300g per quintal of seeds,150g per quintal of seeds,None of these,A,The source specifies that the recommended dosage of Malathion 5% dust is 250g per quintal of seeds.
2075,299,Entomology,Which chemical is used for fumigation at a rate of 1 lit per 20 quintals of grains?,Ethylene Dichlorine + Carbon Tetrachloride (EDCT 3:1),Methyl bromide,Hydrogen phosphide,Aluminium phosphide,None of these,A,The source states that Ethylene Dichlorine + Carbon Tetrachloride (EDCT 3:1) is used for fumigation at a rate of 1 lit per 20 quintals of grains.
2076,299,Entomology,What is the study of individual organisms or species in relation to its environment called?,Aute ecology,Synecology,Population ecology,Biome ecology,None of these,A,Aute ecology is defined in the source as the study of individual organisms or species in relation to its environment.
2077,299,Entomology,What is the term for the production of light by living organisms?,Bioluminescence,Homeostasis,Ecological niche,Population,None of these,A,The source defines bioluminescence as the production of light by living organisms.
2078,299,Entomology,Which term refers to the tendency for biological systems to resist changes and remain in equilibrium?,Homeostasis,Bioluminescence,Ecological niche,Biome,None of these,A,Homeostasis is described in the source as the tendency for biological systems to resist changes and remain in equilibrium.
2079,299,Entomology,What is the definition of a biome?,An ecosystem of a large area with similar stable communities,A group of organisms of the same species in a particular area,The study of groups of organisms comprising different species,The physical location an organism occupies at a given time,None of these,A,The source defines a biome as an ecosystem of a large area in which the nature of stable communities is similar in appearance.
2080,300,Entomology,Which of the following is an example of insects using sound for attracting potential prey and mating behavior?,Spring tails,Cicadas,Coleoptera,All of the above,None of these,D,"The source mentions that spring tails, cicadas, and certain families of coleoptera use sound for attracting potential prey and mating behavior."
2081,300,Entomology,"What is the term for a group of similar, closely related species that are reproductively isolated but morphologically identical or nearly so?",Cryptic species,Sibling species,Sympatric species,Allopatric species,None of these,B,"The source defines sibling species as a group of similar, closely related species that are reproductively isolated but morphologically identical or nearly so."
2082,300,Entomology,What does a life table represent?,"Birth rate, causes of birth, chances of survival, and life expectancy","Death rate, causes of death, chances of survival, and life expectancy","Migration rate, causes of migration, chances of survival, and life expectancy","Growth rate, causes of growth, chances of survival, and life expectancy",None of these,B,"The source states that a life table is a tabular representation of death rate, causes of death, chances of survival, and life expectancy."
2083,300,Entomology,Who proposed the Law of Tolerance?,Charles Darwin,Gregor Mendel,V. E. Shelford,Robert H. Whittaker,None of these,C,The source mentions that the Law of Tolerance was given by V. E. Shelford in 1913.
2084,300,Entomology,What does the Law of Tolerance deal with?,The effect of temperature on the growth of plants,The limiting effect of maximum and minimum temperature on the presence and success of organisms,The effect of humidity on the reproduction of animals,The effect of light on the behavior of insects,None of these,B,The source states that the Law of Tolerance deals with the limiting effect of maximum as well as minimum temperature on the presence and success of organisms.
2085,300,Entomology,Which of the following is NOT a component of a life table?,Death rate,Causes of death,Birth rate,Life expectancy,None of these,C,"The source lists death rate, causes of death, chances of survival, and life expectancy as components of a life table, but does not mention birth rate."
2086,300,Entomology,What year was the Law of Tolerance proposed?,1900,1913,1925,1930,None of these,B,The source mentions that the Law of Tolerance was given by V. E. Shelford in 1913.
2087,301,Entomology,Who is known as the father of plant pathology?,Anton de Bary,Louis Pasteur,P.M.A. Millardet,Van Schmeling,None of these,A,Anton de Bary is recognized as the father of plant pathology due to his pioneering work in the field.
2088,301,Entomology,Which fungus is responsible for causing the wart disease of potato?,Synchytrium endobioticum,Phytophthora infestans,Plasmodiophora brassicae,Albugo candida,None of these,A,Synchytrium endobioticum is the specific fungal pathogen that causes wart disease in potatoes.
2089,301,Entomology,What is the primary component of most plant viruses?,Nucleic acid and protein,Carbohydrates and lipids,Cellulose and pectin,Chitin and lignin,None of these,A,"Most plant viruses are composed of nucleic acid and protein, which are essential for their structure and function."
2090,301,Entomology,Which chemical is effective against smut diseases?,Carboxin (Vitavax),Sulphur fungicide,Dinocap (Karathane),Tetracycline,None of these,A,Carboxin (Vitavax) is known to be very effective against smut diseases in plants.
2091,301,Entomology,What type of nucleic acid is found in the Cauliflower mosaic virus?,ds DNA,ss RNA,ds RNA,ss DNA,None of these,A,The Cauliflower mosaic virus contains double-stranded DNA (ds DNA).
2092,301,Entomology,Which bacterium is commonly used in biological control?,Pseudomonas fluorescens,Helminthosporium oryzae,Puccinia graminis tritici,Sclerospora graminicola,None of these,A,Pseudomonas fluorescens is widely used in biological control due to its ability to suppress various plant pathogens.
2093,301,Entomology,What is the largest single group of plant virus family?,Potyviridae,Bunyaviridae,Rhabdoviridae,Reoviridae,None of these,A,"Potyviridae is the largest single group of plant virus family, encompassing a wide range of plant viruses."
2094,302,Entomology,Which antibiotic is used to kill Mycoplasma-Like Organisms (MLOs) due to its action on ribosomes?,Penicillin,Tetracycline,Streptomycin,Erythromycin,None of these,B,"Tetracycline is used to kill MLOs because it acts on ribosomes, and MLOs lack a cell wall."
2095,302,Entomology,What is the primary function of Oospores in downy mildew of Bajra?,Secondary infection,Primary infection,Photosynthesis,Nutrient storage,None of these,B,Oospores in downy mildew of Bajra are resting spores responsible for primary infection.
2096,302,Entomology,Which fungus causes the late blight of potato and belongs to the order Peronosporales?,Ustilago,Puccinia,Phytophthora,Alternaria,None of these,C,Phytophthora belongs to the order Peronosporales and causes late blight of potato.
2097,302,Entomology,What is the name of the mycelia form of Ergot?,Spores,Sclerotia,Hyphae,Conidia,None of these,B,Ergot is a mycelia form called Sclerotia.
2098,302,Entomology,Which method is mainly used for the detection of viral diseases in plants?,PCR,ELISA,Gram staining,Microscopy,None of these,B,ELISA (Enzyme-Linked Immuno-Sorbent Assay) test is mainly done for the detection of viral diseases.
2099,302,Entomology,Which of the following is an example of a prokaryote?,Fungi,Protozoa,BGA (Blue-Green Algae),Algae,None of these,C,BGA (Blue-Green Algae) is an example of a prokaryote.
2100,302,Entomology,Which fungicide is effective for the control of Oomycetous fungi?,Captan,Maneb,Metalaxyl,Chlorothalonil,None of these,C,Metalaxyl is an effective and new fungicide for the control of Oomycetous fungi.
2101,303,Entomology,What is the primary component of a virion?,Nucleic acid and a protein coat,Lipids and carbohydrates,Cellulose and pectin,Chlorophyll and mitochondria,None of these,A,"A virion consists of nucleic acid, which may be DNA or RNA, and a surrounding protein coat known as a capsid."
2102,303,Entomology,Which historical event was caused by the late blight of potato?,Iris famine,Coffee rust,Downy mildew of grapes,Bengal famine,None of these,A,The Iris famine occurred in 1845 due to the late blight of potato caused by Phytophthora infestans.
2103,303,Entomology,What is the composition of the Bordeaux mixture?,"Copper sulphate, lime, and water","Sulphur, lime, and water","Copper sulphate, ash, and water","Sulphur, ash, and lime",None of these,A,"The Bordeaux mixture is composed of copper sulphate (5 pounds), lime (5 pounds), and water (50 gallons)."
2104,303,Entomology,What does the term 'pathogenicity' refer to?,The relative capability of a pathogen to cause disease,The chain of metabolic events that bring about the disease,The degree of infectivity of a given pathogen,The period between penetration of a pathogen and the appearance of symptoms,None of these,A,Pathogenicity refers to the relative capability of a pathogen to cause disease.
2105,303,Entomology,Which pathogen was responsible for the coffee rust in Sri Lanka in 1867?,Hemilia vastatrix,Phytophthora infestans,Plasmapora viticola,Helminthosporium oryzae,None of these,A,The coffee rust in Sri Lanka in 1867 was caused by Hemilia vastatrix.
2106,303,Entomology,What is the definition of the incubation period in plant pathology?,The period between penetration of a pathogen and the appearance of symptoms,The time it takes for a pathogen to spread throughout the host,The duration of the disease in the host,The time it takes for the host to recover from the disease,None of these,A,The incubation period is defined as the period between the penetration of a pathogen and the first appearance of symptoms on the plant.
2107,303,Entomology,What is the meaning of the Greek word 'Pathos' in the context of plant pathology?,Suffering,Study,Disease,Plant,None of these,A,"In the context of plant pathology, the Greek word 'Pathos' means suffering."
2108,304,Entomology,Who is known as the 'Father of Botany'?,Theophrastus,C. Linnaeus,P.A Micheli,Anton van Leeuwenhoek,None of these,A,Theophrastus is known as the 'Father of Botany' because he wrote two influential books on plants: 'The Nature of Plants' and 'Reasons of Vegetable Growth'.
2109,304,Entomology,Which scientist developed the first microscope?,Anton van Leeuwenhoek,Robert Koch,C. Linnaeus,P.A Micheli,None of these,A,"Anton van Leeuwenhoek developed the first microscope in 1675, which allowed for significant advancements in the study of microorganisms."
2110,304,Entomology,Who is known as the 'Father of Mycology'?,P.A Micheli,Theophrastus,Anton de Bary,Brefeld,None of these,A,P.A Micheli is known as the 'Father of Mycology' because he was the first to study fungi and observe fungal spores on watermelon.
2111,304,Entomology,Which scientist gave the 'Binomial system of nomenclature'?,C. Linnaeus,Theophrastus,P.A Micheli,Anton de Bary,None of these,A,C. Linnaeus gave the 'Binomial system of nomenclature' in the 10th Edition of his famous book 'Systema Naturae' (1758).
2112,304,Entomology,Who discovered the life cycle of the bunt fungus?,Prevost,Tillet,Anton de Bary,Robert Koch,None of these,A,Prevost discovered the life cycle of the bunt fungus and also used copper sulphate to control bunt of wheat.
2113,304,Entomology,Who is known as the 'Father of Plant Pathology'?,Anton de Bary,Robert Koch,Brefeld,P.A Micheli,None of these,A,Anton de Bary is known as the 'Father of Plant Pathology' because he conducted detailed studies on potato late blight and proved that the fungus Phytophthora infestans was the cause.
2114,304,Entomology,Who is known as the 'Father of Microbial Technique of Bacteriology'?,Robert Koch,C. Linnaeus,Anton van Leeuwenhoek,Brefeld,None of these,A,Robert Koch is known as the 'Father of Microbial Technique of Bacteriology' because he discovered the bacterial etiology of anthrax disease and gave Koch's postulates for proving that a particular organism caused a particular disease.
2115,305,Entomology,Who is known as the Father of Plant Pathology in India?,K.R. Kirtikar,E.J. Butler,Dr. K.C. Mehta,B.B. Mundkur,None of these,B,"E.J. Butler is known as the Father of Plant Pathology in India due to his significant contributions to the field, including writing the book 'Fungi and Diseases in Plants' in 1918."
2116,305,Entomology,Which scientist proposed the 'Gene for Gene Concept' of disease resistance and susceptibility?,T. J. Burrill,H.H. Flor,Vanderplank,Kassanis,None of these,B,"H.H. Flor proposed the 'Gene for Gene Concept' in 1946, which explains disease resistance and susceptibility in linseed rust (Melanspora lini)."
2117,305,Entomology,Who discovered the bacterial cause of fire blight in pear?,T. J. Burrill,H.H. Flor,Vanderplank,Kassanis,None of these,A,"T. J. Burrill discovered the bacterial cause of fire blight in pear in 1882, identifying Erwinia amylovora as the pathogen."
2118,305,Entomology,Which scientist is known as the Father of Epidemiology?,T. J. Burrill,H.H. Flor,Vanderplank,Kassanis,None of these,C,"Vanderplank is known as the Father of Epidemiology due to his significant contributions to the field, including the concept of vertical and horizontal resistance in plants."
2119,305,Entomology,Who discovered satellite viruses?,T. J. Burrill,H.H. Flor,Vanderplank,Kassanis,None of these,D,"Kassanis discovered satellite viruses in 1962, observing that some strains of Tobacco Necrosis Virus (TNV) contained smaller particles of virus dependent on TNV for replication."
2120,305,Entomology,Who is known as the Father of Wheat Rust diseases in India?,K.R. Kirtikar,E.J. Butler,Dr. K.C. Mehta,B.B. Mundkur,None of these,C,Dr. K.C. Mehta is known as the Father of Wheat Rust diseases in India due to his extensive studies on the epidemiology of cereal rusts and the discovery of the disease cycle of wheat rust in India.
2121,305,Entomology,Which scientist gave the term 'Viroid'?,T. J. Burrill,H.H. Flor,Vanderplank,T.O. Diener,None of these,D,T.O. Diener gave the term 'Viroid' in 1971 and discovered viroids as the causal agent of potato spindle tuber disease. Viroids are circular naked RNA without a protein coat.
2122,306,Entomology,Which disease is an example of an endemic disease?,Wart disease of potato,Red rot of sugarcane,Late blight of potato,Green ear disease of Bajra,None of these,A,Wart disease of potato is classified as an endemic disease because it is constantly present in a particular area in moderate to severe form year after year.
2123,306,Entomology,What is the characteristic feature of a pandemic disease?,Occurs at very irregular intervals and locations,"Prevalent throughout the country, continent, or the world",Occurs widely in severe but periodically,Constantly present from year to year in a particular area,None of these,B,"A pandemic disease is characterized by its prevalence throughout a country, continent, or the world, unlike other types that are confined to specific regions or intervals."
2124,306,Entomology,Which symptom is characterized by a dusty or powdery appearance of fungus on the upper surface of plants?,Downy mildew,Powdery mildew,Rust,Anthracnose,None of these,B,Powdery mildew is identified by the dusty or powdery appearance of fungus on the upper surface of plants.
2125,306,Entomology,What type of rust completes its life cycle on more than one host?,Autoecious rust,Heteroecious rust,Linseed rust,Wheat rust,None of these,B,"Heteroecious rust requires an alternate host or completes its life cycle on more than one host, unlike autoecious rust which completes its life cycle on a single host."
2126,306,Entomology,Which disease is an example of a sporadic disease?,Wart disease of potato,Red rot of sugarcane,Green ear disease of Bajra,Late blight of potato,None of these,C,Green ear disease of Bajra is an example of a sporadic disease because it occurs at very irregular intervals and locations.
2127,306,Entomology,What is the characteristic symptom of smut?,Downy growth of the pathogen on the lower surface of leaves,Dusty or powdery appearance of fungus on the upper surface of plants,Rusty appearance and small pustules of spores,"Sooty or charcoal-like powder, black or purplish black dusty mass",None of these,D,"Smut is characterized by a sooty or charcoal-like powder, with the plant showing a black or purplish black dusty mass."
2128,306,Entomology,Which of the following is an example of an epidemic disease?,Wart disease of potato,Green ear disease of Bajra,Red rot of sugarcane,Late blight of potato,None of these,C,Red rot of sugarcane is an example of an epidemic disease because it occurs widely in severe form but periodically.
2129,307,Entomology,Which disease symptom is characterized by the transformation of floral parts into green leafy structures?,Phyllody,Chlorosis,Necrosis,Hyperplasia,None of these,A,"Phyllody is specifically described as the transformation of floral parts into green leafy structures, particularly in sesame plants."
2130,307,Entomology,What is the term for the condition where leaves lose their green color due to prolonged exposure to darkness?,Etiolation,Chlorosis,Necrosis,Exudation,None of these,A,Etiolation is defined as the loss of green color due to prolonged exposure to darkness.
2131,307,Entomology,Which symptom refers to the death of tissues or cells?,Necrosis,Hyperplasia,Hypertrophy,Chlorosis,None of these,A,Necrosis is defined as the death of tissues or cells.
2132,307,Entomology,What is the term for the overgrowth due to an increase in the number of cells of an organ?,Hyperplasia,Hypertrophy,Necrosis,Chlorosis,None of these,A,"Hyperplasia is described as overgrowth due to an increase in the number of cells of an organ, caused by cell division."
2133,307,Entomology,"Which disease symptom is characterized by numerous white, blister-like pustules on leaves?",White blisters,Scab,Sclerotia,Phyllody,None of these,A,"White blisters are described as numerous white, blister-like pustules on the leaves of cruciferous plants."
2134,307,Entomology,"What is the term for a compact, often hard, mass of dormant fungus mycelium?",Sclerotia,Scab,Exudation,Canker,None of these,A,"Sclerotia is defined as a compact, often hard, mass of dormant fungus mycelium."
2135,307,Entomology,Which symptom refers to the drying or drooping of leaves due to loss of turgor?,Wilt,Blight,Curl,Damping off,None of these,A,Wilt is described as the drying or drooping of leaves due to loss of turgor.
2136,308,Plant Pathology,What is the primary characteristic that distinguishes fungi from plants?,Presence of chlorophyll,Lack of chlorophyll,Presence of cell wall,Multi-cellular structure,None of these,B,"Fungi lack chlorophyll, which is a key characteristic that distinguishes them from plants. Plants use chlorophyll for photosynthesis, whereas fungi do not perform photosynthesis."
2137,308,Plant Pathology,What is the term for the entire vegetative body of a fungus?,Hyphae,Mycelium,Sporangium,Gametangia,None of these,B,The entire vegetative body of a fungus is known as mycelium. It is composed of a network of hyphae.
2138,308,Plant Pathology,Which of the following is a method of asexual reproduction in fungi?,Oogamy,Isogamy,Formation of conidia,Union of gametangia,None of these,C,Formation of conidia is a method of asexual reproduction in fungi. Conidia are asexual spores produced by fungi.
2139,308,Plant Pathology,What is the term for the union of two morphologically dissimilar gametes in fungi?,Isogamy,Oogamy,Sporangium,Mycelium,None of these,B,The union of two morphologically dissimilar gametes in fungi is known as oogamy. This process leads to the development of oospores.
2140,308,Plant Pathology,Which order of fungi is known as smut fungi?,Uredinales,Erysiphales,Ustilaginales,Mastigomycotina,None of these,C,Ustilaginales is the order of fungi known as smut fungi. These fungi are plant pathogens that cause smut diseases.
2141,308,Plant Pathology,What is the term for the sexual organs of fungi?,Hyphae,Gametangia,Sporangia,Conidia,None of these,B,The sexual organs of fungi are called gametangia. These structures are involved in the sexual reproduction of fungi.
2142,308,Plant Pathology,Which of the following fungi is associated with powdery mildews?,Uredinales,Erysiphales,Ustilaginales,Mastigomycotina,None of these,B,Erysiphales is the order of fungi associated with powdery mildews. These fungi cause powdery mildew diseases in plants.
2143,309,Plant Pathology,Which chemical is used as a dust at a rate of 25kg/ha for controlling fungi?,Elemental sulphur,Copper sulphate,Zineb,Thiram,None of these,A,Elemental sulphur is specifically mentioned as being used as dust at a rate of 25kg/ha.
2144,309,Plant Pathology,What is the primary use of sulphur fungicides?,To control powdery mildews,To control downy mildews,To control bacterial diseases,To control viral diseases,None of these,A,The text explicitly states that sulphur fungicides are effective against powdery mildews.
2145,309,Plant Pathology,Which mixture was discovered by PMA Millardet in 1885?,Bordeaux mixture,Burgundy mixture,Chaubattia paste,Copper sulphate,None of these,A,PMA Millardet discovered the Bordeaux mixture in 1885.
2146,309,Plant Pathology,What is the composition ratio of Bordeaux mixture?,Copper sulphate + lime + water (5:5:50),Copper sulphate + sodium carbonate + water (5:6:50),Copper carbonate + red lead + raw linseed oil (8:8:10),Copper sulphate + lime + water (1:1:10),None of these,A,The composition of Bordeaux mixture is given as Copper sulphate + lime + water in the ratio of 5:5:50.
2147,309,Plant Pathology,Which fungicide is commonly used as a seed protectant?,Thiram,Zineb,Copper sulphate,Elemental sulphur,None of these,A,Thiram is mentioned as the first dithiocarbamate and is commonly used as a seed protectant.
2148,309,Plant Pathology,What is the main issue with using sulphur fungicides in summer above 30°C?,It may cause injury to melons,It becomes ineffective,It evaporates quickly,It causes soil degradation,None of these,A,The text states that use of sulphur in summer above 30°C may cause injury to melons due to their soft and alkaline nature.
2149,309,Plant Pathology,Which fungicide is used as a wound dressing for diseases of apple and pear?,Chaubattia paste,Bordeaux mixture,Burgundy mixture,Copper sulphate,None of these,A,Chaubattia paste is specifically mentioned as being used as a wound dressing fungicide against diseases of apple and pear.
2150,310,Plant Pathology,Which fungicide is known to contain both zinc and manganese?,Mancozeb,Carboxin,Metalaxyl M,Captan,None of these,A,"Mancozeb is explicitly mentioned as containing both zinc and manganese, making it the correct answer."
2151,310,Plant Pathology,What is the primary use of Vapam/Metham-sodium?,Foliar spray fungicide,Soil sterilization,Seed treatment,Bactericide,None of these,B,"Vapam/Metham-sodium is described as being used for soil sterilization, acting as a fungicide, nematicide, and herbicide."
2152,310,Plant Pathology,Which systemic fungicide was developed first?,Carboxin,Benomyl,Metalaxyl M,Oxycarboxin,None of these,A,"Carboxin is mentioned as the first systemic fungicide, developed by Von Schmeling and Kulka in 1966."
2153,310,Plant Pathology,What is the trade name of the fungicide Carboxin/DMO?,Plantvax,Vitavax,Bavistin,Agrosan GN,None of these,B,The trade name of Carboxin/DMO is explicitly stated as Vitavax.
2154,310,Plant Pathology,Which fungicide is effective against rusts of wheat and fungi imperfecti?,Carboxin,Oxycarboxin,Benomyl,Metalaxyl M,None of these,B,Oxycarboxin is mentioned as being used against rusts of wheat and can control diseases related to fungi imperfecti.
2155,310,Plant Pathology,Why are organo-mercurial fungicides banned in India?,High toxicity,Ineffectiveness,High cost,Environmental persistence,None of these,A,Organo-mercurial fungicides are banned in India due to their high toxicity.
2156,310,Plant Pathology,What is the primary use of Captan?,Foliar spray,Soil sterilization,Seed treatment,Bactericide,None of these,C,Captan is used for seed treatment and soil drenching to protect against damping off disease.
2157,311,Plant Pathology,Which mixture is used to reduce the possibility of development of resistant strains in bacteria?,Streptomycin + Oxy-tetracycline,Streptomycin + Copper sulphate,Oxy-tetracycline + Copper oxychloride,Copper sulphate + Bordeaux mixture,None of these,A,Streptomycin is mixed with Oxy-tetracycline (Terramycin) to reduce the possibility of development of resistant strains in bacteria. This mixture is called Agrimycin.
2158,311,Plant Pathology,"Which class of fungicides is most active on powdery mildews, rusts, and leaf spot fungi?",Triazoles,Benzimidazoles,Dithiocarbamates,Copper fungicides,None of these,A,"Triazoles are most active on powdery mildews, rusts, and leaf spot fungi. They are also important members of sterol biosynthesis inhibitors (SBIs)."
2159,311,Plant Pathology,What is the trade name of the fungicide Benomyl?,Benlate,Bavistin,Dithane M-45,Blitox-50,None of these,A,Benomyl is a benzimidazole fungicide with the trade name Benlate.
2160,311,Plant Pathology,Which fungicide is used against powdery mildew diseases in plants and also for controlling mites?,Dinocap,Maneb,Captan,Thiram,None of these,A,"Dinocap, with trade names Karathane and Arathane, is used against powdery mildew diseases in plants and also for controlling mites."
2161,311,Plant Pathology,What is the composition of the Burgundy mixture?,CuSO4 + Na2CO3 + Water,CuSO4 + Lime + Water,Cu2SO4 + Na2CO3 + Water,Cu2SO4 + Lime + Water,None of these,A,The Burgundy mixture is composed of CuSO4 (Copper sulphate) + Na2CO3 (Sodium carbonate) + Water.
2162,311,Plant Pathology,Which of the following is NOT a trade name of Copper oxychloride?,Blitox-50,Fytolan,Blue copper,Dithane M-45,None of these,D,"Dithane M-45 is a trade name of Mancozeb, not Copper oxychloride. Copper oxychloride's trade names include Blitox-50 and Fytolan."
2163,311,Plant Pathology,Which fungicide belongs to the class of Phthalimides?,Captan,Thiram,Maneb,Benomyl,None of these,A,Captan is the fungicide that belongs to the class of Phthalimides.
2164,312,Plant Pathology,Which of the following is NOT listed as a preventive measure in the general principles of plant disease control?,Avoidance of the pathogen,Exclusion,Chemotherapy,Resistance,None of these,C,"Chemotherapy is mentioned under therapy (curative) measures, not under preventive measures."
2165,312,Plant Pathology,"The method that prevents a disease from entering a new area, such as quarantine inspection, is called:",Eradication,Exclusion,Protection,Resistance,None of these,B,Exclusion is defined as the method that prevents a disease from entering a new area.
2166,312,Plant Pathology,Hot‑water seed treatment developed by Jensen in 1887 uses water at what temperature for how long?,45°C for 5 minutes,54°C for 10 minutes,60°C for 15 minutes,70°C for 20 minutes,None of these,B,The method provides hot water at about 54°C for 10 minutes to control loose smut of wheat.
2167,312,Plant Pathology,"In the burgundy mixture, which component is replaced by sodium carbonate?",Lime,Calcium nitrate,Sulfur,Urea,None of these,A,The source states that only lime is replaced by sodium carbonate while other components remain the same.
2168,312,Plant Pathology,"Which fungicide is associated with the brand name ""Quadris""?",Carboxin,Azoxystrobin,Metalaxyl,Fosetyl Al,None of these,B,Azoxystrobin is listed alongside the brand names Amistar and Quadris.
2169,312,Plant Pathology,The solar‑energy seed treatment for controlling loose smut of wheat was first developed by which researchers?,Jensen & Luthra,Luthra & Sattar,Smith & Jones,Patel & Kumar,None of these,B,Solar energy treatment was first developed by Luthra & Sattar in 1934.
2170,312,Plant Pathology,Which of the following is a curative (therapy) measure for plant diseases?,Crop rotation,Chemotherapy,Exclusion,Resistance,None of these,B,"Chemotherapy is listed under therapy (curative) measures, unlike the other options which are preventive."
2171,313,Plant Pathology,Which method is used to control loose smut of wheat and barley?,Soaking seeds in water for 4-5 hours and drying in the sun in May-June,Applying chemical fertilizers,Using organic pesticides,Crop rotation,None of these,A,"This method involves soaking seeds in water for 4-5 hours and drying them in the sun during May-June, which helps control loose smut of wheat and barley."
2172,313,Plant Pathology,Which phylum contains the largest number of gram-negative bacteria?,Proteobacteria,Firmicutes,Actinobacteria,Chloroflexi,None of these,A,"Phylum Proteobacteria is the largest phylum containing gram-negative bacteria, including examples like Agrobacterium, Rhizobium, and Xanthomonas."
2173,313,Plant Pathology,Which bacteria causes citrus canker?,Xanthomonas axonopodis pv. Citri,Xanthomonas compestris pv. Compestris,Xanthomonas oryzae pv. Oryzae,Xanthomonas compastris pv. Malvacearum,None of these,A,Citrus canker is caused by the bacteria Xanthomonas axonopodis pv. Citri.
2174,313,Plant Pathology,Which disease is transmitted by Psyllids (Diaphorina citri)?,Greening disease of Citrus,Fire blight of apple/pear,Scab disease of potato,Red stripe of sugarcane,None of these,A,Greening disease of Citrus is transmitted by Psyllids (Diaphorina citri).
2175,313,Plant Pathology,Which bacteria is responsible for the ratoon stunting disease of sugarcane?,Clavibacter xyli,Pseudomonas rubrineans,Serratia marcescens,Spiroplasma kunkelii,None of these,A,"Ratoon stunting disease of sugarcane is caused by Clavibacter xyli, now known as Leifsonia xyli subsp. xyli."
2176,313,Plant Pathology,Which disease is caused by Erwinia amylovora?,Fire blight of apple/pear,Black rot of crucifers,Bacterial blight of rice,Angular leaf spot/black arm of cotton,None of these,A,Fire blight of apple/pear is caused by the bacteria Erwinia amylovora.
2177,313,Plant Pathology,Which insect transmits the yellow vine disease of cucurbits?,Squash bug (Anasa tritis),Psyllids (Diaphorina citri),Dalbulus maidis,Mechanical transmission,None of these,A,The yellow vine disease of cucurbits is transmitted by the squash bug (Anasa tritis).
2178,314,Plant Pathology,Which vector is responsible for transmitting the Yellow dwarf disease in rice?,Green leaf hopper (Nephotettix virescens),Aphids,Whitefly (Bemisia tabaci),Eriophyid mite (Aceria tulipae),None of these,A,The table under Mycoplasma/Phytoplasma diseases shows that the vector for Yellow dwarf disease in rice is the Green leaf hopper (Nephotettix virescens).
2179,314,Plant Pathology,What is the vector for the Little leaf disease in brinjal?,Leaf hopper: Orosius albicinctus,Leaf hopper: Cestius (Hishimonas) phycitis,Aphids,Whitefly: Bemisia tabaci,None of these,B,"According to the table, the vector for Little leaf disease in brinjal is the Leaf hopper: Cestius (Hishimonas) phycitis."
2180,314,Plant Pathology,Which disease is transmitted by the vector Aphids?,Purple top roll,Sandal spike disease,Grassy shoot disease,Phyllody,None of these,C,The table indicates that Aphids are the vector for Grassy shoot disease in sugarcane.
2181,314,Plant Pathology,What is the primary characteristic of viruses according to the given definition?,They are complex organisms.,"They possess some properties of living systems, such as having a genome.",They are always harmful to host plants.,They can be seen with the naked eye.,None of these,B,"The definition provided states that viruses are elementary particles that possess some properties of living systems, such as having a genome."
2182,314,Plant Pathology,Which vector is responsible for transmitting the Tungro disease in rice?,Eriophyid mite: Aceria tulipae,BPH: Nilaparvata lugens,GLH: Nephotettix virescens,Thrips: Frankliniella scultzei,None of these,C,The table under Viral diseases shows that the vector for Tungro disease in rice is GLH: Nephotettix virescens.
2183,314,Plant Pathology,What is the vector for the Bud necrosis disease in groundnut?,Aphid: Aphis craccivora,Thrips: Frankliniella scultzei,Whitefly: Bemisia tabaci,Sorghum bug: Peregrinus maidis,None of these,B,"According to the table, the vector for Bud necrosis disease in groundnut is Thrips: Frankliniella scultzei."
2184,314,Plant Pathology,Which disease is transmitted by the vector Whitefly (Bemisia tabaci)?,Streak mosaic,Yellow vein mosaic,Rosette virus,Leaf curl,None of these,D,The table indicates that Whitefly (Bemisia tabaci) is the vector for Leaf curl disease in tomato and Yellow vein mosaic in Bhindi.
2185,315,Plant Pathology,Which pest is responsible for causing the Leaf curl disease in Chili?,Bemisia tabaci,Scirtothrips dorsalis,Myzus persicae,Aphis craccivora,None of these,A,"Bemisia tabaci, commonly known as whitefly, is responsible for causing the Leaf curl disease in Chili."
2186,315,Plant Pathology,What is the causal organism for the Bunchy top disease in Banana?,Pentalonia nigronervosa,Toxoptera aurantii,Aphis craccivora,Aceria mangiferae,None of these,A,The Bunchy top disease in Banana is caused by the aphid Pentalonia nigronervosa.
2187,315,Plant Pathology,Which disease in rice is known as the 'rich men's disease'?,Bacterial leaf blight,Blast disease,Leaf curl,Mosaic,None of these,B,"Blast disease in rice, caused by Pyricularia oryzae, is also known as the 'rich men's disease'."
2188,315,Plant Pathology,What is the primary method of spread for the Blast disease in rice?,Soil-borne,Water-borne,Air-borne,Seed-borne,None of these,C,Blast disease in rice is primarily spread through air-borne conidia.
2189,315,Plant Pathology,Which chemical is recommended for seed treatment to manage Blast disease in rice?,Mancozeb,Thiram,Xanthomonas,Pyricularia,None of these,B,Thiram is recommended for seed treatment to manage Blast disease in rice at a rate of 2.5 g/kg of seeds.
2190,315,Plant Pathology,What symptom is characteristic of the advanced stage of Blast disease in rice?,Yellowing of leaves,Rotting of the neck or collar,Wilting of the plant,Stunting of growth,None of these,B,"In the advanced stage of Blast disease in rice, rotten neck or collar rot symptoms appear."
2191,315,Plant Pathology,Which pest is responsible for Mango Malformation?,Bemisia tabaci,Aphis craccivora,Aceria mangiferae,Pentalonia nigronervosa,None of these,C,Mango Malformation is caused by the bud mite Aceria mangiferae.
2192,316,Plant Pathology,What is the primary symptom of 'Kresek' in rice plants?,Blighting from tip of leaves to the base,Seedling wilt in nursery,Yellowing bacterial ooze on leaves,Dark brown spots on leaves,None of these,B,"'Kresek' is characterized by seedling wilt occurring in the nursery, where the plant withers and dries up."
2193,316,Plant Pathology,Which chemical is recommended for seed treatment to manage bacterial blight in rice?,Agrimycin,Streptocycline,Bacteromycin,Copper oxychloride,None of these,B,Seed treatment with Streptocycline 0.015% is recommended for managing bacterial blight.
2194,316,Plant Pathology,What is the perfect stage of the pathogen causing Brown leaf spot in rice?,Helminthosporium oryzae,Drechslera oryzae,Cochliobolus miyabeanus,Gibberella fujikorai,None of these,C,The perfect stage or teleomorph of the pathogen causing Brown leaf spot is Cochliobolus miyabeanus.
2195,316,Plant Pathology,Which nutrient deficiency causes Khaira disease in rice?,Potassium,Nitrogen,Zinc,Phosphorus,None of these,C,"Khaira disease is caused by zinc deficiency, leading to chlorotic or yellow patches at the leaf base."
2196,316,Plant Pathology,What is the vector for Tungro disease in rice?,Brown Planthopper,Green Leaf Hopper,White-backed Planthopper,Rice Water Weevil,None of these,B,The vector for Tungro disease in rice is the Green Leaf Hopper (Nephottetix virscence).
2197,316,Plant Pathology,Which disease is known as 'foolish seedling disease' in rice?,Khaira disease,Bakanae disease,Tungro disease,Brown leaf spot,None of these,B,Bakanae disease is also known as 'foolish seedling disease' caused by Gibberella fujikorai.
2198,316,Plant Pathology,What management practice is recommended for Pan Sukh disease in rice?,Application of zinc sulphate,Draining excess water,Spraying Streptocycline,Using Bacteromycin,None of these,B,"Draining excess water is recommended for managing Pan Sukh, a physiological disease in rice."
2199,317,Plant Pathology,Which fungus is responsible for sheath blight in rice?,Rhizoctonia solani,Puccinia recondita tritici,Claviceps oryzae-sativae,Ephelis oryzae,None of these,A,Sheath blight is caused by the fungus Rhizoctonia solani as stated in the source.
2200,317,Plant Pathology,Grassy stunt disease in rice is transmitted by which insect?,Nilaparvata lugens (Brown plant hopper),Aphis gossypii,Bemisia tabaci,Rhizoctonia solani,None of these,A,The source specifies that grassy stunt is transmitted by the Brown plant hopper Nilaparvata lugens.
2201,317,Plant Pathology,The pathogen causing false smut in rice is?,Claviceps oryzae-sativae,Rhizoctonia solani,Phytoplasma,Puccinia striiformis,None of these,A,False smut is caused by Claviceps oryzae-sativae as mentioned in the source.
2202,317,Plant Pathology,Which wheat rust is known as the 'Killer' disease?,Puccinia recondita tritici (Brown leaf rust),Puccinia striiformis (Yellow stripe rust),Puccinia graminis tritici (Black/stem rust),Puccinia graminis,None of these,C,The source calls black/stem rust a 'Killer' disease of wheat.
2203,317,Plant Pathology,Which wheat rust is described as the most widespread and most damaging in India?,Puccinia recondita tritici (Brown leaf rust),Puccinia striiformis (Yellow stripe rust),Puccinia graminis tritici (Black/stem rust),Puccinia graminis,None of these,A,The source states that brown leaf rust is the most widespread and most damaging in India.
2204,317,Plant Pathology,Which wheat rust appears earliest on wheat in India?,Puccinia recondita tritici (Brown leaf rust),Puccinia striiformis (Yellow stripe rust),Puccinia graminis tritici (Black/stem rust),Puccinia graminis,None of these,A,The source notes that brown leaf rust is the earliest rust to appear on wheat in India.
2205,317,Plant Pathology,Which of the following is a recommended practice for managing wheat rusts?,Avoid late sowing,Use high dose of nitrogen fertilizer,Use low dose of potash fertilizer,Apply insecticides,None of these,A,The source recommends avoiding late sowing as a management strategy for wheat rusts.
2206,318,Plant Pathology,Which fungicide is recommended for controlling rust infestation in wheat at a rate of 2 kg per hectare?,Mancozeb,Sulphur,Agrosan-GN,Vitavax,None of these,A,Mancozeb is specifically mentioned in the source as the fungicide to be sprayed at a rate of 2 kg/ha for controlling rust infestation.
2207,318,Plant Pathology,What is the primary method of managing Karnal bunt disease in wheat?,Excessive irrigation,Use of resistant varieties,Increasing seed density,Applying nitrogenous fertilizers,None of these,B,"The source states that the use of resistant varieties is the only option for managing Karnal bunt disease, which is soil, seed, and air-borne."
2208,318,Plant Pathology,Which treatment is recommended for managing loose smut in wheat seeds before sowing?,Dusting of Sulphur,Spraying Mancozeb,Seed treatment with Vitavax,Soil treatment with Agrosan-GN,None of these,C,The source specifies that seed treatment with Vitavax at a rate of 2.5 g/kg of seeds is recommended for managing loose smut.
2209,318,Plant Pathology,What is the characteristic smell associated with the flour prepared from wheat grains infected with Karnal bunt?,Sweet smell,Fishy smell,Fruity smell,No smell,None of these,B,The source mentions that the flour prepared from infected grains gives a fishy smell due to the presence of trimethyl-amine.
2210,318,Plant Pathology,Which of the following is a symptom of loose smut in wheat?,White powdery growth on leaves,Early emergence of head than healthy plants,Yellowing of leaves,Stunted growth,None of these,B,The source states that infected plants with loose smut produce early emergence of the head compared to healthy plants.
2211,318,Plant Pathology,What is the recommended rate for dusting Sulphur to control rust infestation in wheat?,2 kg/ha,25 kg/ha,50 kg/ha,75 kg/ha,None of these,B,The source specifies that dusting of Sulphur at a rate of 25 kg/ha is effective against all three rust infestations.
2212,318,Plant Pathology,Which scientist reported Karnal bunt disease for the first time?,Swingle,Luthara,Mitra,Suttar,None of these,C,The source mentions that Karnal bunt disease was first reported in Karnal (PB) by Mitra in 1931.
2213,319,Plant Pathology,Which disease is associated with both bacteria and nematodes in wheat?,Tundu disease,Flag smut,Hill bunt,Ear-cockle of wheat,None of these,A,Tundu disease is caused by Clavibacter tritici (bacteria) and Anguina tritici (nematode).
2214,319,Plant Pathology,What is the primary management method for loose smut in barley?,Sulphur dusting,Seed dressing with Agrosan GN,Floatation of seeds in 20% salt solution,Spray of Karathane,None of these,B,Seed dressing with Agrosan GN @ 2.5 g/kg seeds is the primary management method for loose smut in barley.
2215,319,Plant Pathology,Which of the following is a symptom of covered smut in barley?,Bright yellow slimy ooze on leaves,Cottony growth on both leaf surfaces,Smutted head with black agglutinated spore masses,Curling of affected plant leaves,None of these,C,Covered smut in barley is characterized by smutted heads where grains are replaced by black agglutinated spore masses.
2216,319,Plant Pathology,What is the causal organism for powdery mildew in barley?,Ustilago hordei,Erysiphe graminis var. hordei,Urocystis tritici,Tilletia foetida,None of these,B,Powdery mildew in barley is caused by Erysiphe graminis var. hordei.
2217,319,Plant Pathology,Which method is used to manage Ear-cockle of wheat?,Sulphur dusting,Seed floatation in 20% salt solution,Spray of Karathane,Seed dressing with Agrosan GN,None of these,B,Ear-cockle of wheat is managed by seed floatation in a 20% salt solution before sowing.
2218,319,Plant Pathology,What is the primary symptom of downy mildew in pearl millet?,Bright yellow slimy ooze on leaves,Smutted head with black agglutinated spore masses,Cottony growth on both leaf surfaces,Curling of affected plant leaves,None of these,E,The primary symptoms of downy mildew in pearl millet are not listed among the given options. The correct symptoms include recognizable stages associated with the disease.
2219,319,Plant Pathology,Which disease in wheat is managed by sulphur dusting?,Tundu disease,Flag smut,Hill bunt,Powdery mildew,None of these,D,Powdery mildew in wheat can be managed by sulphur dusting @ 25kg/ha.
2220,320,Plant Pathology,What is the primary symptom of the downy stage in downy mildew disease?,White fungus growth on the lower surface of leaves,Pinkish liquid on the ears,Black sori on the grains,White apical portion of leaves,None of these,A,"The primary symptom of the downy stage in downy mildew disease is the appearance of white fungus growth on the lower surface of leaves, particularly in humid weather."
2221,320,Plant Pathology,Which management practice is NOT recommended for controlling green ear disease?,Roughing of green ear heads,Crop rotation every 4-5 years,Seed treatment with Apron SD 35,Spraying Mancozeb 10 days after sowing,None of these,D,"Spraying Mancozeb is recommended 21 days after sowing, not 10 days after sowing, for controlling green ear disease."
2222,320,Plant Pathology,What is the toxic substance produced in ergot disease that is harmful to humans and cattle?,Honey dew,Sclerotia,Ergots,Mancozeb,None of these,C,"The toxic substance produced in ergot disease that is harmful to humans and cattle is 'ergots', which are alkaloids found in infected grains."
2223,320,Plant Pathology,Which of the following is a management practice for ergot disease?,Early planting,Seed treatment with Apron SD 35,Spraying Vitavax,Applying ZnSO₄,None of these,A,Avoiding late planting is a recommended management practice for ergot disease to reduce the risk of infection.
2224,320,Plant Pathology,What is the initial symptom of smut disease in grains?,Grains become green and larger,Grains turn to black sori,Grains produce pinkish liquid,Grains show white fungus growth,None of these,A,The initial symptom of smut disease in grains is that the affected grains become green and larger in size than healthy grains.
2225,320,Plant Pathology,Which disease is caused by zinc deficiency in maize?,Downy mildew,White bud,Ergot,Smut,None of these,B,"White bud in maize is caused by zinc deficiency, where the apical portion of the leaf becomes white."
2226,320,Plant Pathology,What is the recommended application rate of ZnSO₄ for managing zinc deficiency in maize?,5-10 kg/ha,10-15 kg/ha,15-20 kg/ha,20-25 kg/ha,None of these,D,The recommended application rate of ZnSO₄ for managing zinc deficiency in maize is 20-25 kg/ha at sowing time.
2227,321,Plant Pathology,Which pathogen causes Seed Rot/Seedling Blight in crops?,Pythium aphanidermatum,Ustilago maydis,Fusarium oxysporium,Ascochyta rabiei,None of these,A,Pythium aphanidermatum is the pathogen responsible for Seed Rot/Seedling Blight as mentioned in the source.
2228,321,Plant Pathology,What is the causal organism for Smut of maize?,Pythium aphanidermatum,Ustilago maydis,Fusarium oxysporium,Ascochyta rabiei,None of these,B,Ustilago maydis is identified as the causal organism for Smut of maize in the source.
2229,321,Plant Pathology,Which disease in gram is most serious in central India?,Fusarium wilt,Ascochyta blight,Web blight,Yellow mosaic,None of these,A,Fusarium wilt is mentioned as the most serious disease in central India for gram in the source.
2230,321,Plant Pathology,What is a symptom of Fusarium wilt in gram?,Yellowing of leaves,Browning of xylem vessels,White growth on leaves,Mottled leaves,None of these,B,Browning of xylem vessels is listed as a symptom of Fusarium wilt in gram in the source.
2231,321,Plant Pathology,Which disease affects all plant parts except roots in gram?,Fusarium wilt,Ascochyta blight,Web blight,Yellow mosaic,None of these,B,Ascochyta blight is described as affecting all plant parts except roots in gram in the source.
2232,321,Plant Pathology,"What is the transmission agent for Yellow mosaic virus in moong, urd, and moth beans?",Aphids,White fly,Fungi,Beetles,None of these,B,The source states that the Yellow mosaic virus is transmitted by white fly.
2233,321,Plant Pathology,Which chemical is recommended for seed treatment in managing Downy mildew in sorghum?,Bavistin,Agrosan GN,Mancozeb,Fungicide X,None of these,B,Agrosan GN is recommended for seed treatment in managing Downy mildew in sorghum as per the source.
2234,322,Plant Pathology,Which pathogen is responsible for causing Fusarium wilt in Arhar?,Fusarium oxysporium f. sp. udum,Puccinia purpurea,Rhizoctonia bataticola,Sphacelotheca sorghi,None of these,A,"Fusarium wilt in Arhar is caused by Fusarium oxysporium f. sp. udum, which is a soil-borne fungal disease."
2235,322,Plant Pathology,What is the vector for the sterility mosaic virus in Arhar?,Bemisia tabaci,Aceria cajani,Rhizoctonia solani,Cercospora arachidichola,None of these,B,"The vector for the sterility mosaic virus in Arhar is the Eriophyid mite, Aceria cajani."
2236,322,Plant Pathology,Which disease is known as the 'green plague' in Arhar?,Fusarium wilt,Sterility mosaic,Yellow mosaic,Charcoal rot,None of these,B,Sterility mosaic in Arhar is called the 'green plague' because the viral infection causes luxuriant growth of the plants.
2237,322,Plant Pathology,What is the vector for the yellow mosaic virus in Soybean?,Aceria cajani,Bemisia tabaci,Rhizoctonia solani,Cercospora personata,None of these,B,"The vector for the yellow mosaic virus in Soybean is the whitefly, Bemisia tabaci."
2238,322,Plant Pathology,Which pathogen causes early leaf spot in Groundnut?,Cercospora arachidichola,Cercospora personata,Rhizoctonia bataticola,Sphacelotheca sorghi,None of these,A,Early leaf spot in Groundnut is caused by Cercospora arachidichola.
2239,322,Plant Pathology,Which disease is more harmful in Groundnut: early leaf spot or late leaf spot?,Early leaf spot,Late leaf spot,Both are equally harmful,Neither is harmful,None of these,B,"Late leaf spot, caused by Cercospora personata, is more harmful in Groundnut compared to early leaf spot."
2240,322,Plant Pathology,Which chemical is used for foliar spray to control yellow mosaic virus in Soybean?,Carbendazim,Thiamethoxam,Fusarium oxysporium,Rhizoctonia solani,None of these,B,Foliar spray of Thiamethoxam @ 60 g a.i. /ha is used to control yellow mosaic virus in Soybean.
2241,323,Plant Pathology,Which fungus causes late leaf spot in groundnut and why is it considered more dangerous?,"C. arachidicola, due to higher conidia formation and numerous spots","C. personata, due to regular brown spots","Aspergillus niger, due to black conidiophores","Alternaria brassicae, due to concentrate black spots",None of these,A,C. arachidicola causes late leaf spot and is more dangerous because it produces numerous spots and has a higher rate of conidia formation.
2242,323,Plant Pathology,What is the primary symptom of collar rot disease in groundnut?,White pustules on lower surface of leaf,Black conidiophores at the base of seedlings,Stunted and clumped plants,Yellow spots on leaves,None of these,B,The primary symptom of collar rot disease is the presence of black conidiophores at the base of seedlings.
2243,323,Plant Pathology,Which chemical is recommended for soil drenching to manage collar rot disease?,Mancozeb,Carbendazim,Blitox,Apron 35 SD,None of these,B,Carbendazim at 0.3% is recommended for soil drenching to manage collar rot disease.
2244,323,Plant Pathology,What is the characteristic symptom of white rust in mustard?,Black conidiophores at the base,White or yellow pustules on the lower surface of leaves,Stunted and clumped plants,Brown spots on leaves,None of these,B,White rust in mustard is characterized by white or yellow pustules on the lower surface of leaves.
2245,323,Plant Pathology,Which of the following is NOT a management practice for white rust in mustard?,Spray Blitox -50 @ 1.5 kg/ha at 15 days interval,Seed treatment with Apron 35 SD @ 6 g/kg seeds,Spray Mancozeb @ 2 kg/ha at 20 days intervals,Application of Trichoderma viride,None of these,D,Application of Trichoderma viride is not a management practice for white rust in mustard; it is used for collar rot disease in groundnut.
2246,323,Plant Pathology,What is the primary management practice for Alternaria blight in mustard?,Seed treatment with Apron 35 SD,Spray Mancozeb @ 2 kg/ha at 15 days intervals,Application of Trichoderma viride,Soil drenching with carbendazim,None of these,B,The primary management practice for Alternaria blight in mustard is spraying Mancozeb @ 2 kg/ha at 15 days intervals.
2247,323,Plant Pathology,Which fungus transmits the Indian peanut clump virus?,Aspergillus niger,Polymyxa graminis,Alternaria brassicae,Albugo candida,None of these,B,The Indian peanut clump virus is transmitted by the fungus Polymyxa graminis.
2248,324,Plant Pathology,Which disease is caused by the pathogen *Colletotrichum falcatum* in sugarcane?,Red rot,Smut,Red stripe,Grassy shoot,None of these,A,"Red rot in sugarcane is caused by *Colletotrichum falcatum*, which is known for causing reddened pith inside the stalk and an alcoholic smell from infested stalks."
2249,324,Plant Pathology,What is a characteristic symptom of smut in sugarcane?,Excessive tillering,Black whip-like structure at the apex of the stalk,Pink discoloration at nodes,Reddened fibro-vascular bundles,None of these,B,"Smut in sugarcane is characterized by the appearance of a black whip-like structure at the apex of the stalk, also known as 'whip smut'."
2250,324,Plant Pathology,Which disease is more severe in ratoon crops of sugarcane?,Red rot,Smut,Ratoon Stunt Disease (RSD),Red stripe,None of these,C,"Ratoon Stunt Disease (RSD) is more severe in ratoon crops of sugarcane, causing pink discoloration from the vascular bundles at growing points (nodes)."
2251,324,Plant Pathology,What is the primary symptom of red stripe disease in sugarcane?,White growth on the under surface of leaves,Long narrow red stripe on leaves,Black whip-like structure at the apex of the stalk,Alcoholic smell from infested stalks,None of these,B,The primary symptom of red stripe disease in sugarcane is the appearance of long narrow red stripes on the leaves.
2252,324,Plant Pathology,Which management practice is used to control red rot in sugarcane?,Dipping setts in 0.25% solution of mercurial compounds,Applying fungal sprays,Using organic fertilizers,Increasing irrigation,None of these,A,Dipping setts in a 0.25% solution of mercurial compounds like Agallol or Aretan for five minutes is a management practice used to control red rot in sugarcane.
2253,324,Plant Pathology,Which pathogen causes the grassy shoot disease in sugarcane?,*Colletotrichum falcatum*,*Ustilago scitaminea*,Phytoplasma (MLO),*Xanthomonas rubrilineans*,None of these,C,"Grassy shoot disease in sugarcane is caused by Phytoplasma (MLO), characterized by excessive tillering and sprouting of lateral buds."
2254,324,Plant Pathology,What is the common name for the disease caused by *Ustilago scitaminea* in sugarcane?,Red rot,Smut,Red stripe,Ratoon Stunt Disease,None of these,B,"The common name for the disease caused by *Ustilago scitaminea* in sugarcane is smut, also known as 'culmicolous' smut."
2255,325,Plant Pathology,Which pathogen causes Late blight disease in potato?,Phytophthora infestans,Alternaria solani,Rhizoctonia solani,Synchytrium endobioticum,None of these,A,"Late blight disease in potato is caused by Phytophthora infestans, which is known for causing bright brown spots on leaves and can kill the entire vegetative parts quickly."
2256,325,Plant Pathology,What is the characteristic symptom of Early blight in potato?,Bright brown spots on leaves,Concentric ring or 'target board' on leaf lamina,Black incrustations on tubers,Appearance of tumors on tubers,None of these,B,Early blight in potato is characterized by the appearance of concentric rings or 'target board' on the leaf lamina.
2257,325,Plant Pathology,Which disease in potato is caused by oxygen starvation and high temperature?,Late blight,Early blight,Black scurf,Black heart,None of these,D,Black heart in potato is caused by oxygen starvation (O₂ deficiency) and high temperature.
2258,325,Plant Pathology,What is the vector for Grassy shoot disease in sugarcane?,Leaf hoppers,Aphid (Aphis sacchari),Whiteflies,Thrips,None of these,B,Grassy shoot disease in sugarcane is caused by Phytoplasma and the vector responsible for its transmission is the aphid (Aphis sacchari).
2259,325,Plant Pathology,Which chemical is recommended for managing Late blight in potato?,Metasystox,Copper oxychloride,Malathion,Chlorpyrifos,None of these,B,Foliar application of copper oxychloride is recommended for managing Late blight in potato.
2260,325,Plant Pathology,What is the primary symptom of Black scurf in potato?,Bright brown spots on leaves,Concentric rings on leaves,Black incrustations on tubers,Tumors on tubers,None of these,C,"The primary symptom of Black scurf in potato is the surface of tubers covered with black incrustations, which are the sclerotia of the pathogen."
2261,325,Plant Pathology,Which disease in sesame is transmitted by leaf hoppers?,Late blight,Phyllody disease,Early blight,Black scurf,None of these,B,Phyllody disease in sesame is caused by Phytoplasma and is transmitted by leaf hoppers.
2262,326,Plant Pathology,Which pathogen is responsible for bacterial blight (angular leaf spot/black arm) of cotton in India?,Xanthomonas campestris pv. malvacearum,Fusarium moniliforme f. sp. vasinfectum,Phomopsis vexans,Phytoplasma (MLO),None of these,A,"The disease is caused by Xanthomonas campestris pv. malvacearum, which produces angular, water‑soaked lesions and black arm on stems."
2263,326,Plant Pathology,The physiological disorder 'tirak' (bad opening of bolls) in cotton is best managed by which cultural practice?,Late sowing and extra irrigation at flowering in sandy soil,Seed treatment with Agrimycine,Spraying Streptocyclin + Copper oxychloride,Applying fungicide Bavistin,None of these,A,"Late sowing and providing additional water during flowering and fruiting helps prevent tirak, a premature boll opening disorder."
2264,326,Plant Pathology,Leaf curl disease of tomato is transmitted primarily by which insect vector?,Whiteflies,Aphids,Thrips,Beetles,None of these,A,"Tomato leaf curl virus is spread by whiteflies, which feed on infected plants and transmit the virus to healthy ones."
2265,326,Plant Pathology,Blossom end rot in tomato plants is a symptom of deficiency of which nutrient?,Calcium,Boron,Nitrogen,Phosphorus,None of these,A,"Insufficient calcium impairs cell wall formation in the fruit apex, leading to blossom end rot."
2266,326,Plant Pathology,"For controlling Phomopsis blight of brinjal, seeds are treated with Carbendazim at what rate?",1 g per kg of seed,0.5 g per kg of seed,2 g per kg of seed,5 g per kg of seed,None of these,A,The recommended seed treatment for Phomopsis blight is Carbendazim at 1 g/kg seed.
2267,326,Plant Pathology,Fusarium wilt of cotton is caused by which organism?,Fusarium moniliforme f. sp. vasinfectum,Xanthomonas campestris pv. malvacearum,Phytoplasma (MLO),Phomopsis vexans,None of these,A,"Fusarium wilt is produced by Fusarium moniliforme f. sp. vasinfectum, leading to vascular discoloration and wilting."
2268,326,Plant Pathology,Which spray is recommended for managing late blight of tomato?,Copper oxychloride @ 2 g/L,Acephate 1.5 ml/L,Acetamiprid @ 60 g a.i./ha,Carbendazim,None of these,A,Copper oxychloride at 2 g per litre is effective against the fungal agents causing late (and early) blight of tomato.
2269,327,Plant Pathology,Which pathogen is responsible for causing Anthracnose in Capsicum?,Pythium aphanidermatum,Colletotrichum capsici,Phytophthora sp.,Xanthomonas campestris,None of these,B,"Colletotrichum capsici is the specific pathogen responsible for Anthracnose, also known as ripe rot or die back, in Capsicum."
2270,327,Plant Pathology,What is a common symptom of Leaf curl in Capsicum?,Upward curling of leaves,Yellowing of leaves,Downward cupping/curling of leaves,Formation of white blisters,None of these,C,Leaf curl in Capsicum is characterized by the downward cupping or curling of leaves.
2271,327,Plant Pathology,Which nutrient deficiency causes Browning of cauliflower?,Nitrogen,Boron,Molybdenum,Potassium,None of these,B,"Browning of cauliflower is caused by Boron deficiency, which can be managed by applying Borax."
2272,327,Plant Pathology,What is a characteristic symptom of Whiptail in cauliflower?,Formation of white blisters,"Thick, green & leathery leaves with no curd formation",Yellowing of leaves,Club-shaped roots,None of these,B,"Whiptail of cauliflower, caused by Molybdenum deficiency, is characterized by thick, green, and leathery leaves with no curd formation."
2273,327,Plant Pathology,Which pathogen causes Black rot in cabbage?,Plasmodiophora brassicae,Xanthomonas campestris,Colletotrichum gloeosporioides,Phytophthora palmivora,None of these,B,Black rot of cabbage is caused by the pathogen Xanthomonas campestris.
2274,327,Plant Pathology,What is the vector for Bunchy top virus in Banana?,Thrips,Whiteflies,Aphid: Pentalonia nigronervosa,Mites,None of these,C,The vector for Bunchy top virus (BBTV) in Banana is the aphid Pentalonia nigronervosa.
2275,327,Plant Pathology,Which symptom is characteristic of Citrus canker?,Ruptured lengthwise bark,"Small brown corky outgrowths on leaves, twigs, and fruits",Yellowing of leaves,Formation of white blisters,None of these,B,"Citrus canker, caused by Xanthomonas compestris p.v. citri, is characterized by small brown corky outgrowths on leaves, twigs, and fruits."
2276,328,Plant Pathology,Which bacterium is responsible for citrus greening disease?,Diaphorina citri,Toxoptera citricida,"A gram-negative, walled phloem-colonizing bacterium",Fusarium oxysporium,None of these,C,"The correct answer is a gram-negative, walled phloem-colonizing bacterium, as stated in the source material."
2277,328,Plant Pathology,What is the vector for the Tristeza virus in citrus plants?,Asian citrus psylla,Banana aphid,Aphids: Toxoptera citricida,Rhizoctonia solani,None of these,C,The vector for the Tristeza virus is specified as aphids: Toxoptera citricida in the source.
2278,328,Plant Pathology,Which disease is most severe in cumin?,Alternaria blight,Wilt,Damping-off,Katte disease,None of these,B,The source explicitly states that wilt is the most severe disease of cumin.
2279,328,Plant Pathology,What is the causal agent of Katte disease in cardamom?,Pythium vexans,Rhizoctonia solani,Cardamom mosaic virus (CdMV),Phytophthora spp.,None of these,C,Katte disease is caused by the Cardamom mosaic virus (CdMV) as mentioned in the source.
2280,328,Plant Pathology,Which chemical is used to manage citrus greening disease?,Fungicide,Insecticide,Tetracycline,Herbicide,None of these,C,The source specifies that drenching with Tetracycline @ 500 ppm is used for managing citrus greening disease.
2281,328,Plant Pathology,What are the symptoms of Azhukal disease in cardamom?,Yellowing of leaves,Water-soaked lesions on rachis; plant dries up beyond point of infection; rotting capsules cause foul smell,Stunted growth,Leaf curling,None of these,B,"The symptoms of Azhukal disease are described as water-soaked lesions on rachis, plant drying up beyond the point of infection, and rotting capsules causing a foul smell."
2282,328,Plant Pathology,Which stage does Alternaria blight occur in cumin?,Vegetative stage,Seedling stage,After flowering stage,During germination,None of these,C,Alternaria blight in cumin occurs after the flowering stage as stated in the source.
2283,329,Plant Pathology,Who is known as the father of modern nematology?,H.C. Bastian,N.A. Cobb,Filipjev,Rodopholus similis,None of these,B,"N.A. Cobb is known as the father of American/modern nematology, while H.C. Bastian is known as the father of nematology."
2284,329,Plant Pathology,What is the term for an abnormal increase in the size of cells of a tissue in nematodes?,Hyperplasia,Hypertrophy,Hyperplasia and Hypertrophy,Cell enlargement,None of these,B,"Hypertrophy refers to the abnormal increase in the size of cells of a tissue, while hyperplasia refers to an abnormal increase in the number of cells."
2285,329,Plant Pathology,Which nematode is responsible for 'spreading decline' of citrus in Florida?,Citrus nematode,Root-knot nematode,Borring nematode (Radopholus similis),Reniform nematode,None of these,C,"The burrowing nematode, Radopholus similis, causes severe damage to fruit crops and spices and is responsible for the 'spreading decline' of citrus in Florida."
2286,329,Plant Pathology,How many larval stages do nematodes generally have?,2,3,4,5,None of these,C,"Nematodes generally undergo four moulting stages, which means they have four larval stages."
2287,329,Plant Pathology,Which nematode undergoes quiescence in the J₂ stage for up to 28-32 years?,Ditylenchus dipsaci,Anguina tritici,Meloidogyne,Pratylenchus coffeae,None of these,B,Anguina tritici undergoes quiescence in the J₂ stage for up to 28-32 years.
2288,329,Plant Pathology,Which of the following nematodes is known for causing 'slow decline and die back' of citrus?,Root-knot nematode,Citrus nematode,Reniform nematode,Burrowing nematode,None of these,B,The citrus nematode is known for causing 'slow decline and die back' of citrus.
2289,329,Plant Pathology,What is the primary function of amphids in nematodes?,Respiration,Circulation,Chemosensation,Mechanoreception,None of these,C,Amphids are paired chemosensory organs located near the lip region of nematodes and play an important role in finding host cells.
2290,330,Plant Pathology,Which class and order do the majority of plant pathogenic nematodes belong to?,"Class: Secernentea, Order: Tylenchida","Class: Adenophorea, Order: Dorylaimida","Class: Chromadorea, Order: Rhabditida","Class: Enoplea, Order: Enoplida",None of these,A,"The majority of plant pathogenic nematodes belong to the class Secernentea and the order Tylenchida, as stated in the source."
2291,330,Plant Pathology,What is the characteristic feature of the cuticle in Tylenchids?,Longitudinal striation,Transverse striation known as striae,Smooth surface,Spiral markings,None of these,B,"The cuticle in Tylenchids is marked with transverse striation known as striae, which are useful for taxonomic importance."
2292,330,Plant Pathology,Which part of the nematode is metabolically active and unicellular?,Cuticle,Hypodermis/Epidermis,Muscle layer,Intestinal cells,None of these,B,The hypodermis or epidermis is the metabolically active unicellular layer in nematodes.
2293,330,Plant Pathology,What is the function of the stomatostylet in Tylenchids?,Locomotion,Reproduction,Piercing into plant cells,Digestion,None of these,C,The stomatostylet in Tylenchids is used for piercing into plant cells.
2294,330,Plant Pathology,Which nematode is associated with the strawberry disease known as 'spring crimp' and 'summer crimp'?,Ditylenchus destructor,Pratylenchus,Aphelenchoides sp.,Meloidogyne,None of these,C,Aphelenchoides sp. is associated with the strawberry disease known as 'spring crimp' and 'summer crimp'.
2295,330,Plant Pathology,What is the primary site of attack for most Plant Parasitic Nematodes (PPN)?,Leaves,Stems,Roots,Flowers,None of these,C,Most Plant Parasitic Nematodes (PPN) generally attack the roots of plants.
2296,330,Plant Pathology,Which of the following plants act as antagonists to root knot nematodes?,Sunflower and Wheat,Marigold (Tagetes) and Garlic,Rose and Lavender,Mint and Basil,None of these,B,Marigold (Tagetes) and garlic act as antagonists to root knot nematodes.
2297,331,Plant Pathology,What is the study of free-living and plant parasitic nematodes called?,Entomology,Nematology,Parasitology,Helminthology,None of these,B,The study of free-living and plant parasitic nematodes is specifically known as nematology.
2298,331,Plant Pathology,Which of the following is a characteristic feature of nematodes?,Segmented body,Triploblastic and bilaterally symmetrical,Presence of specialized organs for respiration,Radial symmetry,None of these,B,"Nematodes are triploblastic and bilaterally symmetrical, which are key characteristics of their body structure."
2299,331,Plant Pathology,What is the body cavity of nematodes called?,Coelom,Hemocoel,Pseudocoelom,Gastrovascular cavity,None of these,C,The body cavity of nematodes is called a pseudocoelom because it is not lined with mesodermal tissue.
2300,331,Plant Pathology,Which layer of the nematode body wall is non-cellular and non-living?,Epidermis,Muscle layer,Cuticle,Hypodermis,None of these,C,The cuticle is the non-cellular and non-living layer of the nematode body wall.
2301,331,Plant Pathology,What is the primary function of the epidermis in nematodes?,Respiration,Secretion of cuticle,Digestion,Circulation,None of these,B,The primary function of the epidermis in nematodes is the secretion of the cuticle.
2302,331,Plant Pathology,Which part of the alimentary canal in nematodes is responsible for forming the stomatostylet in Plant Parasitic Nematodes (PPN)?,Mesentron,Proctodeum,Stomodaeum,Intestine,None of these,C,The stomodaeum is the anterior part of the alimentary canal in nematodes and is responsible for forming the stomatostylet in Plant Parasitic Nematodes (PPN).
2303,331,Plant Pathology,What are the three parts of the stomatostylet in Tylenchid (PPN)?,"Head, Thorax, Abdomen","Conus, Shaft, Knobs","Mouth, Esophagus, Stomach","Cuticle, Epidermis, Muscle layer",None of these,B,"The stomatostylet in Tylenchid (PPN) comprises three parts: conus, shaft, and knobs."
2304,332,Plant Pathology,Which nematode is responsible for causing 'Elephantiasis' or Filariasis disease in humans?,Dracunculus medinensis,Wucheraria bancrofti,Ascaris lumbricoides,Onchocera volvulus,None of these,B,Wucheraria bancrofti is the nematode responsible for causing 'Elephantiasis' or Filariasis disease in humans. This is a specific fact from the provided source.
2305,332,Plant Pathology,Who is known as the Father of Nematology?,J.T. Needham,H.C. Bastian,N. A. Cobb,Tom Godey,None of these,B,H.C. Bastian is known as the Father of Nematology. This information is directly stated in the source.
2306,332,Plant Pathology,"Which nematode causes severe itching in the anal area, particularly in children while they are sleeping?",Placenta gigantissima,Enterobius vermicularis,Dracunculus medinensis,Ascaris lumbricoides,None of these,B,"Enterobius vermicularis is the nematode that causes severe itching in the anal area, particularly in children while they are sleeping. This is a specific fact from the provided source."
2307,332,Plant Pathology,What is the vector for 'Filariasis' disease?,Simulium sp.,Aedes aegypti,Anopheles mosquito,Culex mosquito,None of these,B,The vector for 'Filariasis' disease is Aedes aegypti. This information is directly provided in the source.
2308,332,Plant Pathology,Which nematode is known as the largest Animal Parasitic Nematode (APN)?,Dracunculus medinensis,Placenta gigantissima,Wucheraria bancrofti,Ascaris lumbricoides,None of these,B,"Placenta gigantissima is known as the largest Animal Parasitic Nematode (APN), reaching about 8 meters long and found in whale fish. This is a specific fact from the provided source."
2309,332,Plant Pathology,Who discovered the first plant parasitic nematode (PPN)?,Berkeley,Kuhn,J.T. Needham,Schacht,None of these,C,J.T. Needham discovered the first plant parasitic nematode (PPN) Anguina tritici in 1743. This information is directly stated in the source.
2310,332,Plant Pathology,"Which nematode causes 'Onchocerciasis' or river blindness, commonly in Africa?",Dracunculus medinensis,Wucheraria bancrofti,Onchocera volvulus,Ascaris lumbricoides,None of these,C,"Onchocera volvulus is the nematode that causes 'Onchocerciasis' or river blindness, commonly in Africa. This is a specific fact from the provided source."
2311,334,Plant Pathology,Which family does the nematode genus 'Tylenchus' belong to?,Tylenchidae,Belonolaimidae,Anguinidae,Pratylenchidae,None of these,A,'Tylenchus' is explicitly mentioned as an example under the family Tylenchidae in the source.
2312,334,Plant Pathology,What is a distinguishing feature of the esophagus in Tylenchida compared to Dorylaimida?,Three parts,Two parts,Presence of a stomatostylet,Presence of an odontostylet,None of these,A,"The source states that Tylenchida have a three-part esophagus, while Dorylaimida have a two-part esophagus."
2313,334,Plant Pathology,Which of the following is an example of a migratory ectoparasite?,Hemicycliophora,Xiphinema,Rotylenchulus,Meloidogyne,None of these,B,The source lists 'Xiphinema' as an example of a migratory ectoparasite.
2314,334,Plant Pathology,What is the term for the buccal cavity in Dorylaimida?,Stomatostylet,Odontostylet,Phasmids,Caudal glands,None of these,B,The source specifies that the buccal cavity in Dorylaimida is known as an odontostylet.
2315,334,Plant Pathology,Which nematode genus is an example of a sedentary endoparasite?,Pratylenchus,Haplolaimus,Meloidogyne,Tylenchorhynchus,None of these,C,The source mentions 'Meloidogyne' as an example of a sedentary endoparasite.
2316,334,Plant Pathology,Which of the following families belongs to the super family Heterodoidea?,Tylenchidae,Pratylenchidae,Heteroderidae,Longidoridae,None of these,C,The source lists 'Heteroderidae' as a family under the super family Heterodoidea.
2317,334,Plant Pathology,What is a characteristic feature of the class Adenophorea?,Presence of phasmids,Absence of phasmids,Presence of a three-part esophagus,Presence of distinct annulations,None of these,B,The source states that the class Adenophorea is characterized by the absence of phasmids.
2318,335,Plant Pathology,Which nematode is responsible for the 'Ufra disease' of rice?,Ditylenchus angustus,Ditylenchus destructor,Ditylenchus mycelophagus,Ditylenchus dipsaci,None of these,A,Ditylenchus angustus is specifically mentioned as the cause of 'Ufra disease' of rice in the source material.
2319,335,Plant Pathology,What is the characteristic symptom of the Potato cyst nematode?,Syncytium,Nurse cells,Onion bloat,Yellow slime,None of these,A,The source material states that a characteristic symptom of the Potato cyst nematode (Globodera rostochiensis) is the development of Syncytium.
2320,335,Plant Pathology,Which nematode is known as the first mushroom nematode?,Ditylenchus mycelophagus,Aphelenchoides composticola,Ditylenchus destructor,Ditylenchus dipsaci,None of these,A,The source material explicitly mentions that Ditylenchus mycelophagus is reported as the first mushroom nematode.
2321,335,Plant Pathology,What is the vector for the Coconut red ring nematode?,Palm weevil,Aphids,Whiteflies,Thrips,None of these,A,The source material specifies that the vector for the Coconut red ring nematode (Rhadinaphalenchus cocophilus) is the palm weevil (Rhyncophorus feruginonsis).
2322,335,Plant Pathology,Which nematode causes the 'Mentek disease' of rice?,Hirschmanniella sp.,Pratylenchus sp.,Meloidogyne spp.,Heterodera avenae,None of these,A,The source material states that the Rice root nematode (Hirschmanniella sp.) causes the 'Mentek disease' of rice.
2323,335,Plant Pathology,What is the common name for the nematode *Rotylenchulus reniformis*?,Reniform nematode,Root knot nematode,Citrus nematode,Cereal cyst nematode,None of these,A,The source material lists Rotylenchulus reniformis as the Reniform (pulse) nematode.
2324,335,Plant Pathology,Which nematode is associated with the formation of 'nurse cells' in citrus plants?,Tylenchulus semipenetrans,Meloidogyne spp.,Heterodera avenae,Globodera rostochiensis,None of these,A,The source material mentions that the Citrus nematode (Tylenchulus semipenetrans) causes the formation of 6-10 cortical cells known as 'nurse cells'.
2325,337,Nematology,Which cyst nematode species causes Molya disease in wheat and barley?,Heterodera avenae,Globodera rostochiensis,Heterodera glycines,Heterodera oryzicola,None of these,A,Molya disease is specifically caused by the cereal cyst nematode Heterodera avenae.
2326,337,Nematology,What feature distinguishes cyst nematodes from other nematodes?,They form syncytial feeding sites,They retain eggs and larvae within a mature female forming a hard cyst,They are host specific,They have a zig‑zag pattern on the body,None of these,B,"Cyst nematodes uniquely retain eggs and larvae inside the mature female, which hardens into a cyst after death."
2327,337,Nematology,What is the infective stage of cereal cyst nematode?,J1,J2,J3,J4,None of these,B,The second juvenile stage (J₂) is the infective stage that penetrates host roots.
2328,337,Nematology,Which crop rotation partner is most effective against cereal cyst nematode?,Wheat,Barley,Mustard,Maize,None of these,C,Mustard and chickpea are non‑host crops; rotation with mustard is highlighted as most effective control.
2329,337,Nematology,Which cyst nematode causes yellow dwarf disease in soybean?,Heterodera avenae,Heterodera glycines,Heterodera oryzicola,Globodera rostochiensis,None of these,B,"Heterodera glycines, the soybean cyst nematode, is responsible for yellow dwarf disease in soybean."
2330,337,Nematology,"Which species is a serious paddy cyst nematode in Kerala, Orissa, and Haryana?",Heterodera scchatii,Heterodera oryzicola,Heterodera avenae,Globodera rostochiensis,None of these,B,Heterodera oryzicola is identified as the paddy cyst nematode affecting rice in those regions.
2331,337,Nematology,Which management practice destroys quiescent eggs of cereal cyst nematode?,Early sowing,Deep ploughing,Crop rotation with mustard,Use of resistant varieties,None of these,B,"Deep ploughing physically disrupts the soil, destroying dormant eggs and reducing nematode populations."
2332,338,Nematology,Which variety is most resistant to Globodera sp.?,Kufri Swarna,Kufri Pukhraj,Kufri Alankar,Kufri Jyoti,None of these,A,Kufri Swarna is explicitly mentioned in the source as the most resistant variety to Globodera sp.
2333,338,Nematology,What is the primary purpose of a phytosanitary certificate?,To certify the quality of agricultural produce,To ensure the produce is free from pests and diseases,To indicate the origin of the produce,To certify organic farming practices,None of these,B,"A phytosanitary certificate is issued to ensure that agricultural produce is free from pests and diseases, facilitating safe trade."
2334,338,Nematology,Which fumigant is used for 5-6 hours exposure to control nematodes?,Chloropicrin,Methyl bromide,Formalin,Aluminium phosphide,None of these,B,The source mentions that Methyl bromide is used for 5-6 hours exposure as a fumigant.
2335,338,Nematology,What is the characteristic shape of the female Root-knot nematode (Meloidogyne spp.)?,Pear-shaped,Melon or apple-shaped,Round-shaped,Oval-shaped,None of these,B,The source describes the female Root-knot nematode as melon or apple-shaped.
2336,338,Nematology,Which stage of Meloidogyne is the only infective stage?,First juvenile stage (J₁),Second juvenile stage (J₂),Third juvenile stage (J₃),Fourth juvenile stage (J₄),None of these,B,The source states that the second juvenile stage (J₂) is the only infective stage in Meloidogyne.
2337,338,Nematology,Which species of Meloidogyne is a serious pest of groundnut in Gujarat?,M. incognita,M. exigua,M. arenaria,M. graminicola,None of these,C,The source specifies that M. arenaria is a serious pest of groundnut in Gujarat.
2338,338,Nematology,What enzyme do nematodes secrete that results in the breakdown of protein into amino acids?,Amylase,Protease,Lipase,Cellulase,None of these,B,"The source mentions that nematodes secrete protease enzyme, which breaks down protein into amino acids."
2339,339,Nematology,What is the primary difference in consistency and attachment between root knot and rhizobium nodules?,Root knots are hard and deep-seated; rhizobium nodules are spongy and easily detached.,Root knots are soft and easily detached; rhizobium nodules are hard and deep-seated.,Both are hard and deep-seated.,Both are soft and easily detached.,None of these,A,"Root knots caused by meloidogyne infestation are hard and deep-seated, whereas rhizobium nodules are spongy and can be easily detached from the roots."
2340,339,Nematology,Which management practice is effective against the quiescent J₂ stage of root knot nematodes?,Deep ploughing in May-June,Intercropping with wheat,Frequent irrigation,Application of chemical fertilizers,None of these,A,Deep ploughing in May-June is effective in killing the quiescent J₂ stage of root knot nematodes.
2341,339,Nematology,Which crop variety is resistant to root knot nematodes in tomatoes?,Hissar lalit,Black beauty,Pusa jwala,Neelkantha,None of these,A,Hissar lalit is a resistant variety of tomato against root knot nematodes.
2342,339,Nematology,Which biological control agent is effective against Meloidogyne?,Paecilomyces lilacinus,Rhizobium leguminosarum,Azotobacter chroococcum,Trichoderma viride,None of these,A,Paecilomyces lilacinus is a fungus reported as a promising biocontrol agent against Meloidogyne.
2343,339,Nematology,What is the infective stage of the citrus nematode Tylenchulus semipenetrans?,Juvenile second (J2),Adult female,Egg stage,Larval stage,None of these,A,The infective stage of the citrus nematode Tylenchulus semipenetrans is the juvenile second stage (J2).
2344,339,Nematology,Which shape describes the mature female of the reniform nematode?,Kidney-shaped,Round,Oval,Spiral,None of these,A,The mature female of the reniform nematode Rotylenchulus reniformis is kidney-shaped.
2345,339,Nematology,Which race of the reniform nematode reproduces only on cowpea?,Race 'B',Race 'A',Race 'C',Race 'D',None of these,A,Race 'B' of the reniform nematode reproduces only on cowpea.
2346,340,Nematology,Which nematode causes 'Kalahasti disease' in groundnut?,T. brevilineatus,T. vulgaris,T. claytoni,Ditylenchus angustus,None of these,A,T. brevilineatus is specifically mentioned as the cause of 'Kalahasti disease' in groundnut in Andhra Pradesh.
2347,340,Nematology,Which nematode is associated with the 'Ufra' disease in rice?,Ditylenchus dipsaci,Ditylenchus angustus,Ditylenchus destructor,Ditylenchus myceliophagus,None of these,B,"Ditylenchus angustus is reported to cause 'Ufra' disease in rice, particularly in deep water paddy fields."
2348,340,Nematology,Which nematode is known as the 'tobacco stunt' nematode?,T. brevilineatus,T. vulgaris,T. claytoni,Ditylenchus dipsaci,None of these,C,T. claytoni is specifically referred to as the 'tobacco stunt' nematode.
2349,340,Nematology,Which nematode causes 'onion bloat' disease?,Ditylenchus angustus,Ditylenchus dipsaci,Ditylenchus destructor,Ditylenchus myceliophagus,None of these,B,"Ditylenchus dipsaci is known to cause 'onion bloat' disease, leading to significant losses in onion crops."
2350,340,Nematology,Which nematode is associated with the 'red ring' disease in coconut palm?,Rhadinaphelenchus cocophilus,Aphelenchoides besseyi,Ditylenchus destructor,T. vulgaris,None of these,A,Rhadinaphelenchus cocophilus is specifically mentioned as the cause of 'red ring' disease in coconut palm.
2351,340,Nematology,Which nematode is known as the 'White tip' or 'rice leaf' nematode?,Aphelenchoides besseyi,Aphelenchoides ritzemabosi,Aphelenchoides composticola,Ditylenchus angustus,None of these,A,Aphelenchoides besseyi is known as the 'White tip' or 'rice leaf' nematode and is associated with serious epidemics of rice in Madhya Pradesh.
2352,340,Nematology,Which nematode is known as the 'Spring crimp' or 'strawberry' nematode?,Aphelenchoides besseyi,Aphelenchoides ritzemabosi,Aphelenchoides composticola,Ditylenchus dipsaci,None of these,B,Aphelenchoides ritzemabosi is known as the 'Spring crimp' or 'strawberry' nematode.
2353,341,Nematology,Which nematode is responsible for causing 'Mentek' disease of rice?,*Pratylenchus* sp.,*Hirschrmunniella* sp.,*Rodopholus* sp.,*Naccobus* sp.,None of these,B,*Hirschrmunniella* sp. is specifically mentioned as the nematode responsible for causing 'Mentek' disease of rice.
2354,341,Nematology,What is the common name for *Pratylenchus* sp.?,Root knot nematode,Meadow nematode,Pin nematode,Dagger nematode,None of these,B,*Pratylenchus* sp. is also referred to as ‘Meadow nematode’.
2355,341,Nematology,Which chemical is used for managing Rice root nematode?,Carbofuran,Fusarium oxysporium,Clavibacter fusciens,Aphelenchoides frageriae,None of these,A,Rice root nematode can be managed by soil treatment of Carbofuran @ 4kg a.i/ha before sowing.
2356,341,Nematology,Which nematode is associated with 'banana decline' and 'black head disease' of banana?,*Pratylenchus* sp.,*Hirschrmunniella* sp.,*Rodopholus similis*,*Naccobus* sp.,None of these,C,*Rodopholus similis* is commonly found in India and is associated with 'banana decline' and 'black head disease' of banana.
2357,341,Nematology,Which nematode is known for having a characteristic sword-like stylet?,*Pratylenchus* sp.,*Hirschrmunniella* sp.,*Rodopholus* sp.,*Xiphinema* sp.,None of these,D,*Xiphinema* sp. is known for the presence of a characteristic sword-like stylet.
2358,341,Nematology,Which nematode is the smallest plant parasitic nematode with a size of < 0.5 mm?,*Pratylenchus* sp.,*Paratylenchus* sp.,*Rodopholus* sp.,*Naccobus* sp.,None of these,B,*Paratylenchus* sp. is the smallest plant parasitic nematode with a size of < 0.5 mm.
2359,341,Nematology,Which nematode interacts with Fusarium oxysporium to cause more severe cotton wilt?,Root knot nematode,*Hirschrmunniella* sp.,*Rodopholus* sp.,*Xiphinema* sp.,None of these,A,The incidence of cotton wilt (Fusarium oxysporium) was more severe in the presence of root knot nematode.
2360,342,Nematology,Which of the following is a fumigant used for nematode control?,Aldicarb,Carbofuran,Methyl bromide,Oxymyl,None of these,C,Methyl bromide (MBr) is listed as a fumigant in the source material under chemical control methods for nematodes.
2361,342,Nematology,What is the primary mechanism by which flooding helps in nematode control?,By increasing soil temperature,By introducing beneficial bacteria,By causing asphyxiation,By changing soil pH,None of these,C,"Flooding kills nematodes by asphyxiation, as mentioned in the cultural methods of nematode control."
2362,342,Nematology,Which bacterium is associated with the nematode Heterorhabditid?,Xenorhabdus,Pasteuria,Photorhabdus,Paecilomyces,None of these,C,"The Photorhabdus bacteria is associated with the nematode Heterorhabditid, as stated in the section on Entomopathogenic nematode (EPN)."
2363,342,Nematology,What is the effective temperature and duration for hot water treatment in nematode control?,50 °C for 20 min,54 °C for 10-15 min,60 °C for 5 min,45 °C for 30 min,None of these,B,The effective temperature and duration for hot water treatment in nematode control is 54 °C for 10-15 minutes.
2364,342,Nematology,Which crop is effective in reducing the population of Meloidogyne spp. nematodes?,Mustard,Marigold,Gram,Potato,None of these,B,Marigold is effective in reducing the population of Meloidogyne spp. nematodes due to the presence of α-terthienyl.
2365,342,Nematology,Which of the following is a biological control agent for nematodes?,Pasteuria penetrans,Thionazin,Methyl bromide,Carbofuran,None of these,A,"Pasteuria penetrans is a bacterium used for biological control of nematodes, specifically as a larval parasite."
2366,342,Nematology,Which method involves the use of legislative measures to control nematodes?,Chemical control,Physical control,Regulatory methods,Biological control,None of these,C,Regulatory methods involve the use of legislative quarantine regulations to control the spread of nematodes.
2367,343,Nematology,Which nematode species is used in the commercial formulation 'Ecomax'?,S. carpocapsae and H. bacteriophora,Neoplectana carpocapsae,Achromobacter nematophilus,Xiphinema index,None of these,A,'Ecomax' is specifically prepared from the nematode species S. carpocapsae and H. bacteriophora as mentioned in the source.
2368,343,Nematology,Which virus is transmitted by the nematode Xiphinema index?,Tomato black ring,Raspberry ring spot,Grapevine fan leaf,Tobacco ring spot,None of these,C,The Grapevine fan leaf virus (GFLV) is transmitted by the nematode Xiphinema index.
2369,343,Nematology,What is the function of microvilli in the mesentron of nematodes?,To decrease surface area,To provide structural support,To increase surface area and aid in secretion and absorption,To produce enzymes,None of these,C,Microvilli in the mesentron of nematodes increase the surface area of the intestine and are involved in both secretory and absorptive functions.
2370,343,Nematology,Which structure is used by male nematodes to transfer sperm?,Microvilli,Spicules and gubernaculums,Mesentron,Intestine,None of these,B,Male nematodes use copulatory structures like spicules and gubernaculums to open the vulva for sperm transfer.
2371,343,Nematology,What does the term 'Didelphic' refer to in female nematodes?,Only one ovary is functional,Two ovaries are functional,One gonoduct projected anteriorly,One gonoduct projected anteriorly and the other posteriorly,None of these,B,'Didelphic' refers to the condition where two ovaries are functional in female nematodes.
2372,343,Nematology,Which virus is transmitted by the nematode Trichodorus similis?,Tobacco rattle virus,Pea early browning virus,Pepper ring spot virus,Tomato black ring virus,None of these,A,The Tobacco rattle virus (TRV) is transmitted by the nematode Trichodorus similis.
2373,343,Nematology,What is the characteristic feature of 'Monorchic' in male nematodes?,Only one testis is present,Two testes are present,No testes are present,Three testes are present,None of these,A,'Monorchic' refers to the condition where only one testis is present in male nematodes.
2374,344,Nematology,Which of the following structures are classified as secondary sexual organs in male nematodes?,Spicules,Gubernaculums,Bursa,All of the above,None of these,D,"Spicules, gubernaculums and the bursa together constitute the secondary sexual organs of male nematodes."
2375,344,Nematology,The condition of having a single genital tract in most nematodes is termed?,Dioecious,Monorchic,Hermaphroditic,Monoecious,None of these,B,Nematodes with a single genital tract are described as monorchic.
2376,344,Nematology,"In nematology, the term ""voltinism"" refers to what?",Type of feeding habit,Number of generations per year,Size of the egg,Length of the adult,None of these,B,Voltinism denotes the number of generations a species completes in a year.
2377,344,Nematology,Nematodes that complete many generations within a single year are described as?,Bivoltine,Semivoltine,Multivoltine,Univoltine,None of these,C,Species with several generations per year are called multivoltine.
2378,344,Nematology,Which of the following is NOT a multivoltine nematode species?,Meloidogyne incognita,Pratylenchus spp.,Anguina tritici,Tylenchulus spp.,None of these,C,"Anguina tritici is univoltine, whereas the other listed species are multivoltine."
2379,344,Nematology,Heterodera avenae is classified as which type of voltinism?,Multivoltine,Bivoltine,Univoltine,Semivoltine,None of these,C,"Heterodera avenae completes only one generation per year, making it univoltine."
2380,344,Nematology,Which statement correctly distinguishes multivoltine from univoltine nematodes?,Multivoltine have one generation per year,Univoltine have many generations per year,Multivoltine complete several generations annually,Univoltine complete generations every two years,None of these,C,"Multivoltine nematodes produce multiple generations each year, unlike univoltine species that produce only one."
2381,345,Nematology,Who is known as the Father of Genetics?,G.J. Mendel,G. Haberlandt,Theophrastus,Aristotle,None of these,A,G.J. Mendel is known as the Father of Genetics because he proposed the theory of inheritance based on his work with pea plants.
2382,345,Nematology,Which phase of mitosis is the longest?,Prophase,Metaphase,Anaphase,Telophase,None of these,A,Prophase is the longest phase of mitosis because it involves the condensation of chromosomes and the breakdown of the nuclear envelope.
2383,345,Nematology,What is the most abundant form of RNA?,r-RNA,m-RNA,t-RNA,mi-RNA,None of these,A,"r-RNA (ribosomal RNA) is the most abundant form of RNA, making up about 80% of the total RNA in a cell."
2384,345,Nematology,Which of the following is an example of a modified stem?,Garlic,Onion,Apple,Mango,None of these,A,"Garlic is an example of a modified stem known as a rhizome, which is an underground stem that grows horizontally."
2385,345,Nematology,Where is the site of protein synthesis in a cell?,Ribosome,Mitochondria,Nucleus,Chloroplast,None of these,A,"The site of protein synthesis in a cell is the ribosome, where mRNA is translated into proteins."
2386,345,Nematology,Which part of the mango is edible?,Mesocarp,Endosperm,Thalamus,Epicarp,None of these,A,"The edible part of the mango is the mesocarp, which is the fleshy middle layer of the fruit."
2387,345,Nematology,Who proposed the theory of natural selection?,Charles Darwin,G.J. Mendel,Lamarck,Theophrastus,None of these,A,"Charles Darwin proposed the theory of natural selection, which explains how organisms evolve over time through the process of adaptation and survival of the fittest."
2388,346,Nematology,What is the closest form of inbreeding possible in self-incompatible species?,Self-mating,Sib-mating,Cross-mating,Backcrossing,None of these,B,The closest form of inbreeding possible in self-incompatible species is sib-mating because self-incompatible species cannot self-pollinate.
2389,346,Nematology,During which stage does physical chromosomal exchange (crossing over) take place?,Leptotene,Zygotene,Pachytene,Diplotene,None of these,C,"Physical chromosomal exchange, or crossing over, occurs during the pachytene stage of meiosis."
2390,346,Nematology,Who rediscovered Mendel's laws in 1900?,Gregor Mendel,"de Vries, Carl Correns, and Tschermark",Charles Darwin,Thomas Hunt Morgan,None of these,B,"de Vries, Carl Correns, and Tschermark independently rediscovered Mendel's laws in 1900."
2391,346,Nematology,What percentage of induced mutations are useful in crop improvement?,10%,1%,0.1%,0.01%,None of these,C,Only about 0.1% of induced mutations are useful in crop improvement.
2392,346,Nematology,Where are the enzymes associated with the Krebs cycle present?,Cytoplasm,Matrix,Nucleus,Cell membrane,None of these,B,The enzymes associated with the Krebs cycle are present in the matrix of the mitochondria.
2393,346,Nematology,Which of the following is an example of a prokaryote?,Fungi,Plant cells,Animal cells,Mycoplasma,None of these,D,"Mycoplasma is an example of a prokaryote, along with bacteria and blue-green algae."
2394,346,Nematology,What is a common crop of natural auto-tetraploids grown in India?,Wheat,Rice,Potato,Maize,None of these,C,Potato is a common crop of natural auto-tetraploids grown in India.
2395,347,Nematology,Which technique is used for testing Karnal bunt disease of wheat?,NaOH test,PCR test,Serology test,Genomic test,None of these,A,The NaOH test is specifically mentioned in the source as the method used for testing Karnal bunt disease of wheat.
2396,347,Nematology,What is the term for the record of ancestry of an individual selected plant for its various generations?,Pedigree,Pure line,Back cross,Parthenocapry,None of these,A,The source defines pedigree as the record of ancestry of an individual selected plant for its various generations.
2397,347,Nematology,Which process involves the transfer of genetic material from one cell to another cell by means of a viral vector?,Transduction,Back cross,Parthenocapry,Serology,None of these,A,The source states that transduction is the transfer of genetic material from one cell to another cell by means of a viral vector.
2398,347,Nematology,What does PCR technique provide?,Several copies of specific DNA sequence,Identification of protein sequences,Testing for plant diseases,Transfer of genetic material,None of these,A,The source mentions that PCR techniques provide several copies of a specific DNA sequence.
2399,347,Nematology,What is the science of identifying the sequence of DNA in species called?,Genomics,Serology,Transduction,Pedigree,None of these,A,The source defines genomics as the science of identifying the sequence of DNA in species.
2400,347,Nematology,Which of the following is an example of autotriploidy?,Banana,Wheat,Barley,Pearl millet,None of these,A,The source mentions that autotriploidy is found in bananas.
2401,347,Nematology,Who discovered the cell wall?,Robert Hook,Antony von Leeuwenhoek,Robert Brown,E. Strasburger,None of these,A,"According to the table in the source, Robert Hook discovered the cell wall in 1665."
2402,348,Nematology,Who discovered the chloroplast?,E. Haeckel,A.F.W. Schimper,C. Benda,Camilo Golgi,None of these,B,"A.F.W. Schimper is credited with the discovery of the chloroplast, as indicated in the source table."
2403,348,Nematology,Which scientist first reported the ribosome?,Palade,Haguenau,De Duve,T. Boveri,None of these,A,"Palade first reported the ribosome in 1953, although it was later named by Haguenau in 1958."
2404,348,Nematology,Who proposed the double helical structure of DNA?,Watson & Crick,"Berg, Gilbert & Anger",Muller,"Avery, Mac leod & McCarty",None of these,A,Watson & Crick proposed the double helical structure of DNA in 1953.
2405,348,Nematology,Which scientist coined the term 'genetics'?,W. Johannsen,W. Bateson,T.H. Morgan,Hugo de Vries,None of these,B,W. Bateson coined the term 'genetics' in 1905.
2406,348,Nematology,Who is credited with the discovery of lysosomes?,Palade,De Duve,T. Boveri,Camilo Golgi,None of these,B,De Duve is credited with the discovery of lysosomes.
2407,348,Nematology,Which scientist first used X-ray as a physical mutagen?,Muller,"Avery, Mac leod & McCarty","Berg, Gilbert & Anger",Watson & Crick,None of these,A,Muller first used X-ray as a physical mutagen.
2408,348,Nematology,Who proposed the Operon Hypothesis?,Beadle and Tatum,Jacob and Monod,W. Johannsen,T.H. Morgan,None of these,B,Jacob and Monod proposed the Operon Hypothesis in 1961.
2409,349,Nematology,Which theory of heredity was proposed by Weisman in 1889?,Germ plasm theory,Theory of Epigenesis,Theory of acquired character,Theory of pangenesis,None of these,A,"The Germ plasm theory was proposed by Weisman in 1889. This theory suggests that heredity is transmitted through the germ plasm, which is separate from the somatoplasm."
2410,349,Nematology,Which organism is commonly used in genetic studies among insects?,Drosophila melanogaster,E. coli,Neurospora crassa,Maize,None of these,A,Drosophila melanogaster is commonly used in genetic studies among insects due to its simple genetic structure and short life cycle.
2411,349,Nematology,What is the main function of the cell wall in plant cells?,"Provide shape, mechanical support, and strength",Transport substances,Store genetic material,Produce energy,None of these,A,"The main function of the cell wall in plant cells is to provide a definite shape, mechanical support, and strength to tissues and organs."
2412,349,Nematology,Which part of the cell wall is composed mainly of pectin?,Middle Lamella,Primary cell wall,Secondary cell wall,Plasma membrane,None of these,A,"The Middle Lamella is composed mainly of pectin, particularly in the form of Ca²⁺ and Mg²⁺ salts."
2413,349,Nematology,What is the primary composition of the plasma membrane?,Lipid (60%) and proteins (40%),Cellulose (50%) and hemicellulose (50%),Pectin (60%) and cellulose (40%),Proteins (60%) and lipids (40%),None of these,A,The plasma membrane is composed of lipid (60%) and proteins (40%).
2414,349,Nematology,Which theory of heredity was proposed by Lamarck?,Theory of acquired character,Theory of Epigenesis,Theory of pangenesis,Germ plasm theory,None of these,A,The Theory of acquired character was proposed by Lamarck in 1744.
2415,349,Nematology,What is the size range of the smallest cells?,0.2 to 5.0 μ (microns),5.0 to 10.0 μ (microns),10.0 to 20.0 μ (microns),20.0 to 50.0 μ (microns),None of these,A,"The smallest cell size ranges from 0.2 to 5.0 μ (microns), typically found in bacteria."
2416,350,Nematology,Which cell structure is primarily responsible for the synthesis of proteins?,Smooth Endoplasmic Reticulum,Rough Endoplasmic Reticulum,Ribosomes,Golgi bodies,None of these,C,Ribosomes are the site of protein synthesis. They are composed of RNA and protein and are synthesized and assembled in the nucleolus.
2417,350,Nematology,Which type of ribosomes are found in mitochondria and plastids?,80 S,70 S,60 S,50 S,None of these,B,70 S ribosomes are found in mitochondria and plastids. They are made up of 50S and 30S subunits.
2418,350,Nematology,Which of the following is a function of the Smooth Endoplasmic Reticulum?,Protein synthesis,Synthesis of steroids,Transport of materials among cell organelles,Assembly of ribosomes,None of these,B,"The Smooth Endoplasmic Reticulum provides the structural base for the synthesis of certain types of steroids, such as cholesterol, progesterone, and testosterone."
2419,350,Nematology,Which structure is absent in prokaryotic cells?,Ribosomes,Nucleolus,Plasma membrane,Cell wall,None of these,B,"Prokaryotic cells lack a nucleolus. They also lack other membrane-bound structures like ER, mitochondria, and Golgi bodies."
2420,350,Nematology,What is the primary function of the Rough Endoplasmic Reticulum?,Synthesis of steroids,Transport of materials,Protein synthesis,Assembly of ribosomes,None of these,C,The Rough Endoplasmic Reticulum is mainly involved in protein synthesis due to the presence of ribosomes on its surface.
2421,350,Nematology,Which of the following is NOT found in prokaryotic cells?,70 S ribosomes,Nucleolus,Plasma membrane,Cell wall,None of these,B,Prokaryotic cells do not have a nucleolus. They have 70 S ribosomes and lack membrane-bound structures.
2422,350,Nematology,Where are ribosomes synthesized and assembled?,Endoplasmic Reticulum,Golgi bodies,Nucleolus,Mitochondria,None of these,C,Ribosomes are synthesized and assembled in the nucleolus. They are composed of RNA and protein.
2423,351,Nematology,Which organelle is known as the 'suicidal bag' due to its role in autolysis?,Golgi body,Lysosome,Peroxisome,Spherosome,None of these,B,"Lysosomes are known as suicidal bags because they contain hydrolytic enzymes that can digest the cell itself, a process known as autolysis."
2424,351,Nematology,Which of the following organelles is confined to animal cells and not found in plant cells?,Glyoxysomes,Centriole,Vacuole,Spherosome,None of these,B,Centrioles are organelles that are confined to animal cells and are not found in plant cells.
2425,351,Nematology,Which organelle is concerned with glycolate metabolism or photorespiration in C₃ plants?,Golgi body,Peroxisome,Lysosome,Glyoxysome,None of these,B,Peroxisomes are mainly involved in glycolate metabolism or photorespiration in C₃ plants.
2426,351,Nematology,Which organelle is responsible for the conversion of lipids into carbohydrates in germinating seeds?,Spherosome,Glyoxysome,Peroxisome,Vacuole,None of these,B,Glyoxysomes are concerned with glyoxylate metabolism and help in the conversion of lipids into carbohydrates in germinating seeds.
2427,351,Nematology,Which organelle is surrounded by a unit membrane referred to as tonoplast?,Mitochondria,Golgi body,Vacuole,Lysosome,None of these,C,Vacuoles in plant cells are surrounded by a unit membrane known as the tonoplast.
2428,351,Nematology,Which of the following enzyme complexes is NOT part of the respiratory complex in mitochondria?,NADH dehydrogenase complex,b-c1 complex,Cytochromes oxidase complex,ATP synthase complex,None of these,D,"The respiratory complex in mitochondria includes NADH dehydrogenase complex, b-c1 complex, and cytochromes oxidase complex. ATP synthase complex is not part of it."
2429,351,Nematology,What is the primary function of spherosomes in plant cells?,Protein synthesis,Lipid storage,Photosynthesis,Cell division,None of these,B,Spherosomes in plant cells are primarily involved in lipid storage and can contain up to 98% lipid.
2430,352,Plant Breeding and Genetics,Which part of the cell is known as the powerhouse due to its role in ATP synthesis?,Matrix,Chloroplast,Nucleus,Stroma,None of these,A,"The matrix is known as the powerhouse of the cell because it contains transport proteins and carries out oxidative phosphorylation, which generates most of the ATP in animal cells."
2431,352,Plant Breeding and Genetics,What is the primary function of chloroplasts in plant cells?,Storage of starch,Photosynthesis,Oxidative phosphorylation,Genetic information storage,None of these,B,"Chloroplasts are the actual site of photosynthesis in plant cells, containing chlorophyll which gives plants their green color."
2432,352,Plant Breeding and Genetics,"Which plastids are responsible for storing starch, protein, and fats in plant cells?",Chloroplasts,Chromoplasts,Leucoplasts,Thylakoids,None of these,C,"Leucoplasts are colorless plastids that function in the storage of starch, protein, and fats."
2433,352,Plant Breeding and Genetics,What is the main function of the nucleus in a cell?,ATP synthesis,Photosynthesis,Controlling cell functions through genetic information,Storage of pigments,None of these,C,The nucleus contains chromosomes that control cell functions by holding almost all the genetic information of a cell.
2434,352,Plant Breeding and Genetics,Which type of cell division results in four cells with one set of chromosomes each?,Mitosis,Meiosis,Binary fission,Budding,None of these,B,"Meiosis is the type of cell division where one cell with two sets of chromosomes gives rise to four cells with one set of chromosomes each, occurring in gamete formation."
2435,352,Plant Breeding and Genetics,What is the space enclosed by the membranes of chloroplast called?,Matrix,Stroma,Grana,Thylakoids,None of these,B,The membrane-free space enclosed by the membranes of the chloroplast is referred to as the stroma.
2436,352,Plant Breeding and Genetics,Which process involves the formation of new cells from pre-existing cells?,Cell differentiation,Cell division,Cell specialization,Cell growth,None of these,B,Cell division is the process of formation of new cells from pre-existing cells.
2437,353,Plant Breeding and Genetics,Which stage of the cell cycle is the longest?,Interphase,Mitosis,Cytokinesis,Prophase,None of these,A,"Interphase is the longest stage of the cell cycle as it includes the G₁, S, and G₂ phases where the cell prepares for division."
2438,353,Plant Breeding and Genetics,During which sub-stage of interphase does DNA synthesis occur?,G₁ phase,S phase,G₂ phase,Prophase,None of these,B,DNA synthesis occurs during the S (synthesis) phase of interphase.
2439,353,Plant Breeding and Genetics,What happens during the G₂ phase of interphase?,DNA replication,Protein and RNA synthesis,"RNA and protein synthesis, particularly components of microtubules",Cell division,None of these,C,"During the G₂ phase, RNA and protein synthesis occur, particularly components of microtubules, as the cell prepares for mitosis."
2440,353,Plant Breeding and Genetics,Which phase of mitosis is characterized by the appearance of thread-like structures in the nucleus?,Metaphase,Anaphase,Prophase,Telophase,None of these,C,Prophase is characterized by the appearance of definite thread-like structures in the nucleus as chromosomes become condensed.
2441,353,Plant Breeding and Genetics,During which phase of mitosis do chromosomes align in the equatorial plate?,Prophase,Metaphase,Anaphase,Telophase,None of these,B,"During metaphase, chromosomes arrange themselves in the equatorial plate, known as the metaphase plate."
2442,353,Plant Breeding and Genetics,What is the smallest form of mitosis?,Prophase,Metaphase,Anaphase,Telophase,None of these,C,"Anaphase is the smallest form of mitosis, where chromatids separate and move towards opposite poles."
2443,353,Plant Breeding and Genetics,Which phase of mitosis is opposite to prophase?,Metaphase,Anaphase,Telophase,Interphase,None of these,C,"Telophase is opposite to prophase as the nucleolus and nuclear membrane reappear, reversing the events of prophase."
2444,354,Plant Breeding and Genetics,By the end of which mitotic phase is cytokinesis complete?,Anaphase,Telophase,Metaphase,Prophase,None of these,B,Cytokinesis finishes by the end of telophase.
2445,354,Plant Breeding and Genetics,"In plant cells, the phragmoplast derived from which organelles contributes to cell plate formation?",Mitochondria,Chloroplasts,Endoplasmic reticulum and Golgi bodies,Peroxisomes,None of these,C,Membranous elements of ER and Golgi products organize into the phragmoplast.
2446,354,Plant Breeding and Genetics,The first meiotic division is also called what?,Equational division,Reductional division,Anaphase division,Telophase division,None of these,B,It is referred to as the reductional division.
2447,354,Plant Breeding and Genetics,"During meiosis, how many times do chromosomes replicate?",Twice,Once,Three times,None,None of these,B,Chromosomes replicate only once in meiosis.
2448,354,Plant Breeding and Genetics,Which sub-stage of first prophase is the longest?,Leptotene,Zygotene,Pachytene,Diplotene,None of these,A,Leptotene is the longest sub-stage of first prophase.
2449,354,Plant Breeding and Genetics,The main event occurring in zygotene is:,Chromosome condensation,Synapsis of homologous chromosomes,Crossing over,Formation of tetrads,None of these,B,Zygotene is marked by synapsis of homologous chromosomes.
2450,354,Plant Breeding and Genetics,A tetrad refers to:,Pair of homologous chromosomes with two chromatids each,Pair of homologous chromosomes with four chromatids each,Single chromosome with four chromatids,Pair of sister chromatids,None of these,B,"Each bivalent has four chromatids, forming a tetrad."
2451,355,Plant Breeding and Genetics,Who first described chromosomes?,Strausberger,Waldeyer,Mendel,Darwin,None of these,A,Strausberger first described chromosomes in 1875.
2452,355,Plant Breeding and Genetics,What is the chromosome number of a honey bee?,32,24,46,8,None of these,A,The chromosome number of a honey bee (Apis mellifera) is 32.
2453,355,Plant Breeding and Genetics,Which stage of meiosis involves the attachment of homologous chromosomes to each other?,Diplotene,Diakinesis,Metaphase,Anaphase,None of these,A,"Diplotene is the stage where chiasmata, the attachment of homologous chromosomes, occurs."
2454,355,Plant Breeding and Genetics,What constitutes about 80% of the total chromosomal proteins?,Histones,DNA,RNA,Nucleotides,None of these,A,Histones constitute about 80% of the total chromosomal proteins.
2455,355,Plant Breeding and Genetics,What is the chromosome number of a tomato?,24,16,48,20,None of these,A,The chromosome number of a tomato (Lycopersicon esculentum) is 24.
2456,355,Plant Breeding and Genetics,Which of the following has the highest chromosome number?,Tobacco,Potato,Maize,Onion,None of these,B,Potato (Solanum tuberosum) has the highest chromosome number of 48 among the given options.
2457,355,Plant Breeding and Genetics,What does a nucleoside consist of?,Sugar + nitrogenous base,Protein + DNA,RNA + DNA,Phosphoric acid + protein,None of these,A,A nucleoside consists of sugar and a nitrogenous base.
2458,356,Plant Breeding and Genetics,Which nitrogenous base is found in RNA but not in DNA?,Adenine,Guanine,Thymine,Uracil,None of these,D,Uracil is the nitrogenous base found in RNA but not in DNA. DNA contains Thymine instead of Uracil.
2459,356,Plant Breeding and Genetics,Which type of RNA is most abundant in the cell?,Messenger RNA (m-RNA),Transfer RNA (t-RNA),Ribosomal RNA (r-RNA),Small Nuclear RNA (sn-RNA),None of these,C,"Ribosomal RNA (r-RNA) is the most abundant type of RNA, forming about 80% of the total cell RNA."
2460,356,Plant Breeding and Genetics,Where is DNA present in a cell?,Nucleus only,"Nucleus, mitochondria, and chloroplast",Cytoplasm only,Endoplasmic reticulum,None of these,B,"DNA is present in the nucleus, mitochondria, and chloroplast."
2461,356,Plant Breeding and Genetics,Which type of RNA carries amino acids to the site of protein synthesis?,Messenger RNA (m-RNA),Transfer RNA (t-RNA),Ribosomal RNA (r-RNA),Small Nuclear RNA (sn-RNA),None of these,B,Transfer RNA (t-RNA) carries amino acids to the site of protein synthesis.
2462,356,Plant Breeding and Genetics,What is the primary function of Messenger RNA (m-RNA)?,Carries amino acids,Forms ribosomes,Carries genetic information from DNA,Synthesizes proteins directly,None of these,C,Messenger RNA (m-RNA) carries the genetic information present in the DNA.
2463,356,Plant Breeding and Genetics,Which structural chromosomal aberration involves the loss of a segment of a chromosome?,Duplication,Deletion,Inversion,Translocation,None of these,B,Deletion is a structural chromosomal aberration that involves the loss of a segment of a chromosome.
2464,356,Plant Breeding and Genetics,Which type of RNA forms about 5-10% of the total RNA present in a cell?,Transfer RNA (t-RNA),Ribosomal RNA (r-RNA),Messenger RNA (m-RNA),Small Nuclear RNA (sn-RNA),None of these,C,Messenger RNA (m-RNA) forms about 5-10% of the total RNA present in a cell.
2465,357,Plant Breeding and Genetics,Which chromosomal aberration involves the transfer of segments between non-homologous chromosomes?,Duplication,Translocation,Inversion,Deletion,None of these,B,"Translocation is the transfer of segments between non-homologous chromosomes, which can alter chromosome size and number, playing a role in species formation."
2466,357,Plant Breeding and Genetics,What is the phenotype effect of translocation in humans?,Turner syndrome,Klinefelter syndrome,Down syndrome,Cri-du-chat syndrome,None of these,C,The phenotype effect of translocation in humans can lead to Down syndrome (Mongolism) in the progeny of an individual heterozygous for a translocation involving chromosome number 21.
2467,357,Plant Breeding and Genetics,Which structural change in a chromosome involves a segment being oriented in reverse order?,Duplication,Translocation,Inversion,Deletion,None of these,C,"Inversion is a structural change in a chromosome where a segment is oriented in reverse order, altering the gene order in that segment."
2468,357,Plant Breeding and Genetics,What is the term for a basic set of chromosomes of an individual?,Haploid,Diploid,Genome,Polyploid,None of these,C,A basic or monoploid set of chromosomes of an individual is called a genome.
2469,357,Plant Breeding and Genetics,Which type of polyploidy involves identical genomes within an individual?,Allopolyploidy,Autopolyploidy,Triploidy,Tetraploidy,None of these,B,Autopolyploidy is the type of polyploidy where all the genomes present in an individual are identical.
2470,357,Plant Breeding and Genetics,What is the primary use of haploids in plant breeding?,Development of polyploidy,Production of hybrids,Development of pure lines,Increase in genetic diversity,None of these,C,Haploids are primarily used for the development of pure lines in plant breeding.
2471,357,Plant Breeding and Genetics,How are double haploid plants developed?,By crossing two haploid plants,By doubling the chromosome number of haploid plants using Colchicine treatment,By natural selection,By genetic engineering,None of these,B,Double haploid plants are developed by doubling the chromosome number of haploid plants using Colchicine treatment.
2472,358,Plant Breeding and Genetics,Which of the following is a characteristic feature of autotriploids?,They have four copies of the same species.,They are highly fertile in all species.,They have three sets of homologous chromosomes.,They are produced by interspecific crosses.,None of these,C,"Autotriploids are characterized by having three sets of homologous chromosomes, which often leads to sterility due to defective gamete formation."
2473,358,Plant Breeding and Genetics,Which of the following crops is an example of an autotriploid?,Rye,Banana,Potato,Alfalfa,None of these,B,"Banana is an example of an autotriploid crop, which is seedless and propagates asexually."
2474,358,Plant Breeding and Genetics,What is a key advantage of triploid sugar beets over diploid sugar beets?,They are more resistant to pests.,They produce larger roots and more sugar content.,They have a shorter growing season.,They require less water.,None of these,B,Triploid sugar beets produce larger roots and more sugar content compared to diploid sugar beets.
2475,358,Plant Breeding and Genetics,Which chemical is commonly used to induce polyploidy in plants?,Ethylene,Colchicine,Gibberellin,Auxin,None of these,B,Colchicine is a chemical commonly used to induce polyploidy in plants by doubling the chromosomes.
2476,358,Plant Breeding and Genetics,Which of the following is an example of an allotetraploid crop?,Banana,Wheat,Tobacco,Sugarcane,None of these,C,"Tobacco is an example of an allotetraploid crop, which contains two distinct genomes from different species."
2477,358,Plant Breeding and Genetics,What is Triticale?,A type of autotriploid crop,A man-made cereal developed by crossing wheat and rye,A chemical used to induce polyploidy,A disease-resistant variety of potato,None of these,B,Triticale is a man-made cereal developed by crossing wheat and rye to combine the high yield of wheat and the disease and drought resistance of rye.
2478,358,Plant Breeding and Genetics,Why are autotetraploids generally more stable and fertile compared to autotriploids?,They have a shorter growing season.,"They have four copies of the same species, ensuring pairing partners during meiosis.",They are more resistant to diseases.,They require less water.,None of these,B,"Autotetraploids are generally more stable and fertile because they have four copies of the same species, ensuring pairing partners during meiosis, which leads to successful gamete formation."
2479,359,Plant Breeding and Genetics,What is the chromosome count in a monosomic individual?,2n - 1,2n + 1,2n - 2,2n + 2,None of these,A,"A monosomic individual lacks one chromosome from a diploid set, hence the chromosome count is 2n - 1."
2480,359,Plant Breeding and Genetics,Which condition is characterized by the absence of a chromosome pair from a diploid set?,Monosomic,Nullisomic,Trisomic,Tetrasomic,None of these,B,"Nullisomic is the condition where a pair of chromosomes is absent from a diploid set, resulting in 2n - 2."
2481,359,Plant Breeding and Genetics,What is the chromosome count in a trisomic individual?,2n - 1,2n + 1,2n - 2,2n + 2,None of these,B,"A trisomic individual has one extra chromosome in the diploid set, hence the chromosome count is 2n + 1."
2482,359,Plant Breeding and Genetics,Which genetic condition is associated with trisomy for chromosome 21?,Turner syndrome,Klinefelter syndrome,Down's syndrome,Cri-du-chat syndrome,None of these,C,Down's syndrome is associated with trisomy for chromosome 21.
2483,359,Plant Breeding and Genetics,What is the chromosome count in a tetrasomic individual?,2n - 1,2n + 1,2n - 2,2n + 2,None of these,D,"A tetrasomic individual has one pair of extra chromosomes in the diploid set, hence the chromosome count is 2n + 2."
2484,359,Plant Breeding and Genetics,Which cross involves the crossing of F₁ with one of its parents?,Test cross,Back cross,Top cross,Reciprocal cross,None of these,B,A back cross involves the crossing of F₁ with one of its parents.
2485,359,Plant Breeding and Genetics,What is the primary purpose of a test cross?,To develop disease resistance in plants,To cross an inbred line with an open pollinated variety,To cross F₁ with its recessive parent,To cross two different species,None of these,C,A test cross involves the crossing of F₁ with its recessive parent to determine the genotype of the F₁ individual.
2486,360,Plant Breeding and Genetics,What does the Law of Segregation state about alleles in the F₁ generation?,Alleles combine to form new alleles in gametes,Alleles separate and enter different gametes in equal frequencies,Alleles are linked and inherited together,Alleles undergo crossing over before segregation,None of these,B,"The law says the two alleles separate into different gametes, producing two types of gametes in equal frequencies."
2487,360,Plant Breeding and Genetics,The Law of Independent Assortment refers to which phenomenon?,Alleles of different genes segregate independently during gamete formation,Alleles of the same gene segregate independently,Alleles always remain together on the same chromosome,Alleles are expressed only in the F₂ generation,None of these,A,It states that genes for different traits are inherited independently of each other.
2488,360,Plant Breeding and Genetics,Which alternative name is used for the Law of Segregation?,Law of dominance,Law of purity of gametes,Law of independent assortment,Law of linkage,None of these,B,The Law of Segregation is also called the Law of purity of gametes.
2489,360,Plant Breeding and Genetics,Which of the following is NOT an example of a multiple‑allele system?,Fur colour in rabbits,Wing type in Drosophila,Seed shape in peas,AB & O blood groups in humans,None of these,C,"Seed shape in peas follows simple Mendelian inheritance, not multiple alleles."
2490,360,Plant Breeding and Genetics,Pseudo alleles are known to exhibit which effect?,Cis‑trans position effect,Codominance,Incomplete dominance,Epistasis,None of these,A,"Pseudo alleles show a cis‑trans position effect, influencing expression of the same character."
2491,360,Plant Breeding and Genetics,A phenotypic ratio of 9:7 in the F₂ generation indicates which type of gene interaction?,Complementary gene action,Duplicate gene action,Inhibitory gene action,Additive gene action,None of these,A,The 9:7 ratio is characteristic of complementary gene action.
2492,360,Plant Breeding and Genetics,What phenotypic ratio is expected from duplicate gene action in a dihybrid cross?,15:1,9:3:4,13:3,12:3:1,None of these,A,Duplicate gene action yields a 15:1 phenotypic ratio in the F₂ generation.
2493,361,Plant Breeding and Genetics,Which of the following is an example of a physical mutagen?,Mustard gas,UV rays,5-Bromouracil,Acriflavin,None of these,B,"UV rays are classified under non-ionizing radiations, which are physical mutagens. The other options are examples of chemical mutagens."
2494,361,Plant Breeding and Genetics,What is the correct definition of an antigen?,A molecule that induces the production of antibodies,A class of proteins called immune-globulins,A molecule that specifically interacts with an antibody,An individual showing heritable changes,None of these,C,"An antigen is defined as a molecule that specifically interacts with an antibody, making option C the correct choice."
2495,361,Plant Breeding and Genetics,Which of the following is an example of an alkylating agent?,UV rays,5-Bromouracil,Mustard gas,Ethium bromide,None of these,C,"Mustard gas is an example of an alkylating agent, which is a type of chemical mutagen."
2496,361,Plant Breeding and Genetics,What is the phenomenon called when genes on a chromosome are inherited together?,Mutation,Crossing over,Linkage,Repulsion,None of these,C,The phenomenon of inheritance of linked genes in the same linkage group is called linkage.
2497,361,Plant Breeding and Genetics,Which phase of linkage involves the linkage of dominant allele with a recessive allele?,Coupling,Repulsion,Mutation,Crossing over,None of these,B,Repulsion is the phase of linkage where a dominant allele is linked with a recessive allele.
2498,361,Plant Breeding and Genetics,What is the range of spontaneous mutation rate in eukaryotes?,10⁻⁵ - 10⁻⁷,10⁻⁴ - 10⁻⁶,10⁻³ - 10⁻⁵,10⁻⁶ - 10⁻⁸,None of these,B,The rate of spontaneous mutation in eukaryotes generally ranges from 10⁻⁴ to 10⁻⁶.
2499,361,Plant Breeding and Genetics,Which of the following is a base analogue?,Mustard gas,5-Bromouracil,Acriflavin,Ethium bromide,None of these,B,"5-Bromouracil is an example of a base analogue, which is a type of chemical mutagen."
2500,362,Plant Breeding and Genetics,Which method is most commonly used for detecting linkage in genetics?,Test cross,Back cross,Reciprocal cross,Dihybrid cross,None of these,A,The test cross is the most common method of detecting linkage as it helps to determine if genes are linked by observing the recombination frequency.
2501,362,Plant Breeding and Genetics,What is the term for the tendency of one crossover to reduce the chance of another crossover in its adjacent region?,Recombination,Interference,Coincidence,Linkage,None of these,B,"Interference, as described by Muller, refers to the tendency of one crossover to reduce the chance of another crossover in its adjacent region."
2502,362,Plant Breeding and Genetics,Which of the following explains the strength or degree of interference in genetic crossovers?,Recombination frequency,Linkage intensity,Coincidence,Gene mapping,None of these,C,"Coincidence, as explained by Muller, describes the strength or degree of interference in genetic crossovers."
2503,362,Plant Breeding and Genetics,Where are sex-linked genes located?,Autosomes,Y chromosomes,X chromosomes,Mitochondrial DNA,None of these,C,Sex-linked genes are located on the X chromosomes only.
2504,362,Plant Breeding and Genetics,In which type of inheritance does a sex-linked gene pass from grandfather to grandson through the daughter?,Autosomal inheritance,Cris-cross inheritance,Mitochondrial inheritance,Y-linked inheritance,None of these,B,Cris-cross inheritance is the type of inheritance in which a sex-linked gene is inherited from grandfather to grandson through the daughter.
2505,362,Plant Breeding and Genetics,Which of the following is an example of sex linkage in humans?,Sickle cell anemia,Hemophilia,Cystic fibrosis,Huntington's disease,None of these,B,"Hemophilia is a well-known example of sex linkage in humans, where the gene is located on the X chromosome."
2506,362,Plant Breeding and Genetics,What is the outcome of a marriage between a color-blind man and a normal woman regarding their offspring?,All sons will be color-blind,All daughters will be color-blind,"Sons will be normal, but daughters will carry the gene",All offspring will be normal,None of these,C,"In the marriage between a color-blind man and a normal woman, the sons will be normal, but the daughters will carry the color-blindness gene."
2507,363,Plant Breeding and Genetics,What is the outcome of a marriage between a carrier girl and a color blind boy?,50% of male and female children will be color blind,All male children will be color blind,All female children will be color blind,25% of children will be color blind,None of these,A,"In a heterozygous condition where a carrier girl marries a color blind boy, there is a 50% chance that both male and female children will be color blind."
2508,363,Plant Breeding and Genetics,Which of the following is an example of a sex-limited character?,Eye color,Height,Breast development in women,Blood type,None of these,C,"Sex-limited characters are traits expressed in one sex only, such as breast development in women."
2509,363,Plant Breeding and Genetics,What is the process called where messenger RNA is synthesized from a DNA template?,Translation,Transcription,Reverse transcription,Replication,None of these,B,The process of synthesizing messenger RNA from a DNA template is known as transcription.
2510,363,Plant Breeding and Genetics,During which phase of cell division does transcription take place?,Metaphase,Anaphase,Interphase,Telophase,None of these,C,Transcription takes place during interphase and continues up to prophase of cell division.
2511,363,Plant Breeding and Genetics,What is the term for the formation of DNA from mRNA?,Translation,Transcription,Reverse transcription,Replication,None of these,C,The formation of DNA from mRNA is known as reverse transcription.
2512,363,Plant Breeding and Genetics,What is the process of protein synthesis from information in m-RNA called?,Transcription,Translation,Reverse transcription,Replication,None of these,B,The process of protein synthesis from information in m-RNA is called translation.
2513,363,Plant Breeding and Genetics,Who reported the first case of cytoplasmic inheritance and in which plant?,Mendel in pea plants,Correns in four O'clock (Mirabilis jalapa),Darwin in sunflowers,Pasteur in tobacco plants,None of these,B,The first case of cytoplasmic inheritance was reported by Correns in 1909 in the four O'clock plant (Mirabilis jalapa) for leaf color.
2514,364,Plant Breeding and Genetics,Who developed the first inter-specific hybrid between sweet william and carnation species of Dianthus?,Thomas Fairchild,Rimpu,"Jones, D.F.","Vavilon, N.I.",None of these,A,Thomas Fairchild is credited with developing the first inter-specific hybrid between sweet william and carnation species of Dianthus in 1717.
2515,364,Plant Breeding and Genetics,Which scientist made the first inter-generic cross between bread wheat (T. aestivum) and rye (Secale cereal)?,Thomas Fairchild,Rimpu,"Jones, D.F.","Vavilon, N.I.",None of these,B,"Rimpu made the first inter-generic cross between bread wheat and rye, resulting in the birth of Triticale in 1890."
2516,364,Plant Breeding and Genetics,Who proposed the mass pedigree method of breeding?,"Harrington, J.B.","Flor, H. H.","Vander Plank, J. E.","Donald, C.M.",None of these,A,"Harrington, J.B. proposed the mass pedigree method of breeding in 1937, which is a modification of the pedigree method."
2517,364,Plant Breeding and Genetics,Which scientist developed the concept of vertical and horizontal resistance?,"Flor, H. H.","Vander Plank, J. E.","Donald, C.M.","Nagaharu, U",None of these,B,"Vander Plank, J. E. developed the concept of vertical and horizontal resistance in 1963."
2518,364,Plant Breeding and Genetics,Who is known for the development of the gene-for-gene hypothesis in flax for flax rust caused by Melampsora lini?,"Flor, H. H.","Vander Plank, J. E.","Donald, C.M.","Nagaharu, U",None of these,A,"Flor, H. H. developed the concept of the gene-for-gene hypothesis in flax for flax rust caused by Melampsora lini in 1956."
2519,364,Plant Breeding and Genetics,Which method of breeding is commonly used in self-pollinated species like wheat and barley?,Mass selection,Pure line selection,Hybridization,Mutation breeding,None of these,B,Pure line selection is commonly used in self-pollinated species like wheat and barley. It involves the development of a new variety through the identification and isolation of a single best plant progeny.
2520,364,Plant Breeding and Genetics,Who identified the centers of origin and diversity for crops?,Thomas Fairchild,Rimpu,"Vavilon, N.I.","Jones, D.F.",None of these,C,"Vavilon, N.I. identified 8 main centers and 3 sub-centers of crop diversity and is known for the concept of centers of origin."
2521,365,Plant Breeding and Genetics,Which crop improvement method involves selecting individual plants based on their physical characteristics from a mixed population?,Mass selection,Clonal selection,Pedigree method,Bulk breeding method,None of these,A,Mass selection is a method of crop improvement where individual plants are selected based on their phenotype from a mixed population.
2522,365,Plant Breeding and Genetics,Which of the following crops is NOT typically improved using mass selection?,Maize,Pearl millet,Mustard,Wheat,None of these,D,"Mass selection is mostly used for cross-pollinated crops like maize, pearl millet, and mustard. Wheat is primarily self-pollinated."
2523,365,Plant Breeding and Genetics,What is the primary characteristic of clonal selection in crop improvement?,Selection based on phenotype,Asexual reproduction,Record of ancestry,Bulk planting,None of these,B,"Clonal selection involves the progeny of a single plant obtained by asexual reproduction, known as a clone."
2524,365,Plant Breeding and Genetics,Which breeding method is specifically used for the genetic improvement of self-pollinated species and involves maintaining records of ancestry?,Mass selection,Clonal selection,Pedigree method,Bulk breeding method,None of these,C,The pedigree method is used for the genetic improvement of self-pollinated species and involves maintaining proper records of the ancestry of selected plants.
2525,365,Plant Breeding and Genetics,What is another name for the bulk breeding method?,Mass method,Population method,Both A and B,Clonal method,None of these,C,The bulk breeding method is also known as the mass or population method.
2526,365,Plant Breeding and Genetics,"Which breeding method is applicable to self-pollinated, cross-pollinated, and asexually propagated crop plants?",Mass selection,Clonal selection,Pedigree method,Backcross method,None of these,D,"The backcross method is applicable to all three groups of crop plants: self-pollinated, cross-pollinated, and asexually propagated."
2527,365,Plant Breeding and Genetics,What is the primary purpose of the backcross method when the F₁ is crossed with a homozygous recessive parent?,To create a new variety,To perform a test cross,To improve mass selection,To develop inbred lines,None of these,B,"When the F₁ is crossed with a homozygous recessive parent in the backcross method, it is known as a test cross."
2528,366,Plant Breeding and Genetics,Which method is widely used for developing disease-resistant varieties in both self and cross-pollinated species of wheat and cotton?,Backcross method,Hybridization method,Mutation breeding,Tissue culture,None of these,A,The backcross method is specifically mentioned in the source as being widely used for developing disease-resistant varieties in both self and cross-pollinated species of wheat and cotton.
2529,366,Plant Breeding and Genetics,What is the primary purpose of recurrent selection in plant breeding?,To provide for genetic recombination,To increase seed size,To change seed color,To reduce plant height,None of these,A,Recurrent selection involves reselection generation after generation with interbreeding of selects to provide for genetic recombination.
2530,366,Plant Breeding and Genetics,What is the genetic purity of nucleus seed?,About 100%,About 99.5%,About 98%,About 95%,None of these,A,"Nucleus seed is described as having the highest genetic purity, which is about 100%."
2531,366,Plant Breeding and Genetics,Which organization is primarily responsible for producing foundation seed?,National Seed Corporation (NSC),State Agricultural Universities,Private seed companies,International Seed Organizations,None of these,A,The source states that foundation seed is mainly produced by the National Seed Corporation (NSC).
2532,366,Plant Breeding and Genetics,What is the color of the tag for breeder seed?,Golden yellow (Buff),Blue,Green,Red,None of these,A,Breeder seed is identified by a golden yellow (Buff) colored tag as mentioned in the source.
2533,366,Plant Breeding and Genetics,In which year was the National Seed Act passed in India?,1966,1963,1970,1956,None of these,A,The National (Indian) Seed Act was passed in 1966.
2534,366,Plant Breeding and Genetics,What is the permissible physical purity of foundation seed?,98%,99.9%,100%,95%,None of these,A,Foundation seed is described as having a permissible physical purity of 98%.
2535,367,Plant Breeding and Genetics,"Which type of seed is produced directly from foundation seed in India, skipping the registered seed stage?",Certified seed,Foundation seed,Registered seed,Breeder seed,None of these,A,"In India, the registered seed stage is generally omitted, and certified seed is produced directly from foundation seed."
2536,367,Plant Breeding and Genetics,What color tag is used to denote certified seed bags?,Blue,Purple,Orange,White,None of these,A,Certified seed bags are denoted with a blue (azora blue) colored tag.
2537,367,Plant Breeding and Genetics,Which method of seed viability testing involves soaking seeds in a solution that causes viable seeds to turn bright red?,Potassium permanganate method,Tetrazolium chloride test,Grodex test,Germination test,None of these,B,The Tetrazolium chloride test involves soaking seeds in a solution that causes viable seeds to take on a bright red coloration.
2538,367,Plant Breeding and Genetics,What is the primary purpose of the Grodex test in seed viability testing?,To determine seed moisture content,To measure seed weight,To indicate seed germination,To test seed purity,None of these,C,The Grodex test is used as a seed germination indicator.
2539,367,Plant Breeding and Genetics,Which type of seed is produced under strict supervision of research scientists and state seed certification agencies?,Foundation seed,Registered seed,Certified seed,Breeder seed,None of these,A,"Foundation seed is produced on government farms, experiment stations, agriculture universities, or on cultivator's fields under strict supervision."
2540,367,Plant Breeding and Genetics,What color tag is used to denote foundation seed?,White,Blue,Purple,Orange,None of these,A,Foundation seed is denoted with a white tag.
2541,367,Plant Breeding and Genetics,Which seed viability test is known as a qualitative test?,Tetrazolium chloride test,Grodex test,Potassium permanganate method,Germination test,None of these,C,The Potassium permanganate method is a qualitative test to determine seed viability.
2542,368,Plant Breeding and Genetics,What is the minimum isolation distance required for certified seed production of maize?,200 m,400 m,300 m,100 m,None of these,A,"The minimum isolation distance required for certified seed production of maize is 200 m, as per the table provided."
2543,368,Plant Breeding and Genetics,Which crop requires the same isolation distance for both foundation and certified seed production?,Onion,Maize,Cotton hybrid,Tomato,None of these,A,Onion requires the same isolation distance of 1000 m for both foundation and certified seed production.
2544,368,Plant Breeding and Genetics,What is the formula to calculate the real value of seed?,Real Value = Purity % × Germination % / 100,Real Value = Purity % + Germination %,Real Value = Purity % - Germination %,Real Value = Germination % / Purity %,None of these,A,The real value of seed is calculated using the formula: Real Value = Purity % × Germination % / 100.
2545,368,Plant Breeding and Genetics,What is the permitted percentage of impurity by seeds of other crop species in foundation seed?,0.1%,0.5%,1%,0.01%,None of these,A,The permitted percentage of impurity by seeds of other crop species in foundation seed is 0.1%.
2546,368,Plant Breeding and Genetics,Which crop has the highest isolation distance requirement for foundation seed production?,Pearl millet hybrid,Onion,Cucurbits,Maize,None of these,B,Onion has the highest isolation distance requirement of 1000 m for foundation seed production.
2547,368,Plant Breeding and Genetics,What is another term for the real value of seed?,Utility percentage of seed,Seed index,Dockage,Germination rate,None of these,A,The real value of seed is also known as the utility percentage of seed.
2548,368,Plant Breeding and Genetics,What is the minimum isolation distance required for certified seed production of tomato?,25 m,50 m,75 m,100 m,None of these,A,The minimum isolation distance required for certified seed production of tomato is 25 m.
2549,370,Plant Breeding and Genetics,When was the Seed Act enacted by the Indian Parliament?,29.12.1966,2.10.1969,1968,1963,None of these,A,The Seed Act was enacted by the Indian Parliament on 29.12.1966. This is a specific date mentioned in the source.
2550,370,Plant Breeding and Genetics,What is the primary objective of the National Seed Corporation (NSC)?,To produce and supply foundation seeds of various crops,To reduce the workload of SSC,To certify seed quality,To regulate seed prices,None of these,A,The primary objective of the National Seed Corporation (NSC) is to produce and supply foundation seeds of various crops. This is explicitly stated in the source.
2551,370,Plant Breeding and Genetics,Where is the central laboratory of Agmark situated?,Nagpur,New Delhi,Mumbai,Kolkata,None of these,A,The central laboratory of Agmark is situated in Nagpur. This is a specific detail provided in the source.
2552,370,Plant Breeding and Genetics,Which branch of biology studies heredity and variation?,Genetics,Cytogenetics,Eugenics,Epistasis,None of these,A,Genetics is the branch of biology concerned with the study of heredity and variation. This definition is directly from the source.
2553,370,Plant Breeding and Genetics,Who produced the first artificial hybrids in plants?,Thomas Fairchild,Gregor Mendel,Charles Darwin,Louis Pasteur,None of these,A,Thomas Fairchild produced the first artificial hybrids in plants in 1717 by crossing sweet William with carnation. This is a historical fact mentioned in the source.
2554,370,Plant Breeding and Genetics,What does Agmark signify?,Quality and purity of agricultural and animal products,Certification of seeds,Regulation of agricultural markets,Standardization of farming techniques,None of these,A,Agmark is a national mark used to express the quality and purity of agricultural and animal (dairy) products. This is explicitly stated in the source.
2555,370,Plant Breeding and Genetics,What is the sum total of all the alleles present in the breeding members of a random mating population called?,Gene pool,Genome,Gene frequency,Epistasis,None of these,A,The sum total of all the alleles present in the breeding or reproductive members of a random mating population is called the gene pool. This definition is directly from the source.
2556,371,Plant Breeding and Genetics,Which term refers to the study of the structure and function of an entire genome of an organism?,Biodiversity,Genomics,Gene cloning,Acclimatization,None of these,B,Genomics is the study of the structure and function of an entire genome of an organism.
2557,371,Plant Breeding and Genetics,What is the term for the adaptation of an introduced variety to a new environment?,Acclimatization,Heterosis,In vitro,Cris-cross inheritance,None of these,A,Acclimatization refers to the adaptation or adjustment of an introduced variety to a new environment.
2558,371,Plant Breeding and Genetics,Which line is the male sterile parent used in crossing to develop a new hybrid seed?,B-line,R-line,A-line,Maintainer line,None of these,C,A-line is the male sterile parent used in crossing to develop a new hybrid seed.
2559,371,Plant Breeding and Genetics,What is the term for the process of isolating a gene and producing identical copies?,Electroporation,Gene cloning,Heterobeltosis,In vivo,None of these,B,Gene cloning is the process of isolating a gene and producing identical copies.
2560,371,Plant Breeding and Genetics,Which term describes the transfer of pollen grains from flowers of one plant to the stigmas of another plant?,Self-pollination,Chasmogamy,Allogamy,Cleistogamy,None of these,C,"Allogamy, or cross-pollination, is the transfer of pollen grains from flowers of one plant to the stigmas of another plant."
2561,371,Plant Breeding and Genetics,"What is the term for a flower that does not open at all, ensuring complete self-pollination?",Chasmogamy,Geitonogamy,Cleistogamy,Monoecious,None of these,C,"Cleistogamy is the condition where a flower does not open at all, ensuring complete self-pollination."
2562,371,Plant Breeding and Genetics,Which term describes the condition where male and female reproductive structures are found on separate plants?,Monoecious,Dioecious,Geitonogamy,Allogamy,None of these,B,Dioecious is the condition where male and female reproductive structures are found on separate plants.
2563,372,Plant Breeding and Genetics,Inbreeding depression is best described as:,Increase in vigor due to hybrid vigor,Loss or decrease in vigor and fitness as result of inbreeding,Enhanced disease resistance in selfed lines,Improved seed size in open‑pollinated varieties,None of these,B,The source defines inbreeding depression as the loss or decrease in vigor and fitness resulting from inbreeding.
2564,372,Plant Breeding and Genetics,Which of the following represents a three‑way cross hybrid?,(A×B)×C,(A×B)×(C×D),A×B,(A×C)×B,None of these,A,"A three‑way cross hybrid is the progeny of a single cross crossed with a third line, expressed as (A×B)×C."
2565,372,Plant Breeding and Genetics,The hybrid obtained by crossing two single crosses is called:,Three‑way cross hybrid,Double cross hybrid,Top cross,Synthetic variety,None of these,B,"A double cross hybrid results from a cross between two single crosses, e.g., (A×B)×(C×D)."
2566,372,Plant Breeding and Genetics,A top cross is defined as:,Cross between two inbred lines,Cross between an inbred line and an open‑pollinated variety,Cross among four inbred lines,Cross between two synthetic varieties,None of these,B,The source states that a top cross is a cross between an inbred line and an open‑pollinated variety.
2567,372,Plant Breeding and Genetics,Which statement correctly describes a synthetic variety?,It is a mixture of seed from several open‑pollinated varieties,It is developed by inter‑mating all possible combinations of selected inbred lines and mixing equal quantities of their F1 seeds,It is a single genotype maintained by bulk selection,It is a hybrid produced by a three‑way cross,None of these,B,Synthetic varieties are created by inter‑mating in all possible combinations of inbred lines with good GCA and mixing the F1 seed in equal proportion.
2568,372,Plant Breeding and Genetics,Composite varieties are characterized by:,Maintaining a single pure line over generations,Mixing genotypes that differ widely in maturity and seed color,"Mixing seed of various genotypes similar in maturity, height, seed size, seed color, and maintaining bulk from one generation to the next",Being produced only in maize,None of these,C,Composite varieties involve mixing genotypes that are similar in key traits and maintaining the mixture in bulk across generations.
2569,372,Plant Breeding and Genetics,Which of the following is NOT a feature of a top cross?,Involves an inbred line,Involves an open‑pollinated variety,Results in a hybrid with heterosis,Requires inter‑mating of all possible combinations of inbred lines,None of these,D,"Inter‑mating all possible combinations of inbred lines describes synthetic varieties, not top crosses."
2570,373,Plant Breeding and Genetics,Who is known as the father of plant physiology?,Charles Darwin,Stephen Hales,Fisher,W. Kutins,None of these,B,Stephen Hales is recognized as the father of plant physiology due to his pioneering work in plant biology.
2571,373,Plant Breeding and Genetics,Which process is known as an energy-spending process?,Photosynthesis,Photorespiration,Glycolysis,Krebs cycle,None of these,B,Photorespiration is an energy-spending process because it consumes oxygen and releases carbon dioxide without producing ATP.
2572,373,Plant Breeding and Genetics,Where does the conversion of fat to sugar occur in a cell?,Mitochondria,Chloroplast,Glyoxysomes,Cytoplasm,None of these,C,"The conversion of fat to sugar occurs in glyoxysomes, which are specialized peroxisomes found in plant cells."
2573,373,Plant Breeding and Genetics,Which of the following is a precursor of IAA?,Glucose,Tryptophan,Fructose,Sucrose,None of these,B,"Tryptophan is the precursor of IAA (Indole-3-acetic acid), which is an important plant hormone."
2574,373,Plant Breeding and Genetics,Which part of the cell does glycolysis occur in?,Mitochondria,Chloroplast,Cytoplasm,Glyoxysomes,None of these,C,"Glycolysis, the process of breaking down glucose, occurs in the cytoplasm of the cell."
2575,373,Plant Breeding and Genetics,Which sugar is known as the sweetest among all sugars?,Glucose,Sucrose,Fructose,Maltose,None of these,C,"Fructose is known as the sweetest sugar due to its molecular structure, which makes it taste sweeter than other sugars."
2576,373,Plant Breeding and Genetics,Which type of plants have the highest water use efficiency?,C₃ plants,C₄ plants,CAM plants,C₂ plants,None of these,C,"CAM plants have the highest water use efficiency because they open their stomata at night, reducing water loss through transpiration."
2577,374,Plant Breeding and Genetics,Who coined the term 'Florigen' for a flowering stimulus hormone?,M. Chailakyan,T.D. Lysenko,Otto Warburg,Emerson & Lewis,None of these,A,M. Chailakyan is credited with coining the term 'Florigen' for a flowering stimulus hormone.
2578,374,Plant Breeding and Genetics,Which mineral element is involved in stomatal movement?,Potassium (K),Calcium (Ca),Magnesium (Mg),Iron (Fe),None of these,A,Potassium (K) is the mineral element involved in stomatal movement.
2579,374,Plant Breeding and Genetics,Where does the light reaction of photosynthesis take place?,Thylakoid,Stroma,Ribosomes,Mitochondria,None of these,A,The light reaction of photosynthesis takes place in the thylakoid.
2580,374,Plant Breeding and Genetics,What is the term for breaking seed dormancy by low-temperature treatment of moist seeds?,Stratification,Vernalisation,Imbibition,Plasmolysis,None of these,A,The term for breaking seed dormancy by low-temperature treatment of moist seeds is stratification.
2581,374,Plant Breeding and Genetics,Which process involves the shrinkage of protoplasm due to the outward flow of water in a hypertonic solution?,Plasmolysis,Imbibition,Stratification,Vernalisation,None of these,A,Plasmolysis involves the shrinkage of protoplasm due to the outward flow of water in a hypertonic solution.
2582,374,Plant Breeding and Genetics,Who coined the term 'vernalisation'?,T.D. Lysenko,M. Chailakyan,Otto Warburg,Emerson & Lewis,None of these,A,The term 'vernalisation' was coined by T.D. Lysenko.
2583,374,Plant Breeding and Genetics,Which theory explains the movement of food in plants?,Mass flow/pressure flow theory,Capillary action theory,Root pressure theory,Transpiration pull theory,None of these,A,"The mass flow/pressure flow theory, given by Munch, explains the movement of food in plants."
2584,375,Plant Breeding and Genetics,Which chemical is most abundant in the cell wall?,Lignin,Cellulose,Pectin,Hemicellulose,None of these,A,"Lignin is the most abundant chemical present in the cell wall, providing structural support and rigidity."
2585,375,Plant Breeding and Genetics,Which hormone accumulates in plants during stress?,Proline,Abscisic acid,Ethylene,Gibberellin,None of these,A,"Proline is known to accumulate in plants during stress conditions, helping in osmoprotection and stabilizing proteins."
2586,375,Plant Breeding and Genetics,In which condition does photorespiration occur in C₃ plants?,Light only,Darkness only,Both light and darkness,High humidity,None of these,A,"Photorespiration occurs in C₃ plants in the presence of light only, as it is a light-dependent process."
2587,375,Plant Breeding and Genetics,Which nutrient is involved in the biosynthesis of IAA?,Zn,Fe,Mg,Ca,None of these,A,"Zinc (Zn) is the nutrient involved in the biosynthesis of Indole-3-acetic acid (IAA), an auxin hormone."
2588,375,Plant Breeding and Genetics,Which protein is present in muscles?,Collagen,Keratin,Fibroin,Elastin,None of these,A,"Collagen is the protein present in muscles, providing structural support and strength."
2589,375,Plant Breeding and Genetics,What is the movement of molecules from higher concentration to lower concentration called?,Diffusion,Osmosis,Active transport,Facilitated diffusion,None of these,A,Diffusion is the movement of molecules from regions of higher concentration to regions of lower concentration until equilibrium is reached.
2590,375,Plant Breeding and Genetics,Which type of diffusion involves the movement of liquid through a semi-permeable membrane?,Osmosis,Diffusion,Active transport,Facilitated diffusion,None of these,A,Osmosis is a special type of diffusion that involves the movement of liquids through a semi-permeable membrane from a lower concentration to a higher concentration.
2591,376,Plant Breeding and Genetics,What is the process called when raisins swell in water?,Endosmosis,Exosmosis,Plasmolysis,Diffusion,None of these,A,"Endosmosis is the inward movement of solvent into a cell or vessel, causing swelling. Raisins swell in water due to this process."
2592,376,Plant Breeding and Genetics,Which process describes the outward movement of solvent from a high concentration medium?,Endosmosis,Exosmosis,Plasmolysis,Imbibition,None of these,B,"Exosmosis is the outward movement of solvent from a high concentration medium, which can be observed in pickles where salt acts as an exosmotic agent on bacterial cells."
2593,376,Plant Breeding and Genetics,What happens during plasmolysis?,The cell swells,The protoplasm shrinks,The cell divides,The cell wall breaks,None of these,B,Plasmolysis is the shrinking of protoplasm due to the outward flow of water in a hypertonic solution.
2594,376,Plant Breeding and Genetics,What is the formula for Diffusion Pressure Deficit (DPD)?,DPD = OP + TP,DPD = TP - OP,DPD = OP - TP,DPD = WP - OP,None of these,C,"Diffusion Pressure Deficit (DPD) is calculated as the difference between Osmotic Pressure (OP) and Turgor Pressure (TP), i.e., DPD = OP - TP."
2595,376,Plant Breeding and Genetics,What is the term for the pressure exerted by the cell wall on the cell membrane when water enters the cell?,Turgor pressure,Osmotic pressure,Wall pressure,Diffusion pressure,None of these,C,Wall pressure is the inward pressure exerted by the cell wall on the cell membrane when water enters the cell.
2596,376,Plant Breeding and Genetics,Which type of solution has a concentration equal to that of the cell's cytoplasm?,Hypotonic solution,Hypertonic solution,Isotonic solution,Hyperosmotic solution,None of these,C,"An isotonic solution has a concentration equal to that of the cell's cytoplasm, causing no net movement of water."
2597,376,Plant Breeding and Genetics,What is the process called when dry woody substances absorb water due to hydrophilic colloids?,Diffusion,Imbibition,Plasmolysis,Exosmosis,None of these,B,"Imbibition is the adsorption of water by dry woody substances due to hydrophilic colloids, such as the absorption of water by dry woods."
2598,377,Plant Breeding and Genetics,Which part of the plant is primarily responsible for water absorption?,Root hairs,Leaves,Stem,Flowers,None of these,A,Root hairs are responsible for water absorption as they are located in the terminal portion of roots and are more developed in xerophytes.
2599,377,Plant Breeding and Genetics,Which type of water absorption requires metabolic energy?,Active absorption,Passive absorption,Osmotic absorption,Transpiration absorption,None of these,A,Active absorption requires metabolic energy as it involves the activities of roots.
2600,377,Plant Breeding and Genetics,What is the upward movement of water from the stem base to the tree top called?,Ascent of sap,Transpiration,Photosynthesis,Respiration,None of these,A,The upward movement of water from the stem base to the tree top is specifically termed as the 'ascent of sap'.
2601,377,Plant Breeding and Genetics,Which theory of ascent of sap was given by Godlewski in 1884?,Relay or clambering pump theory,Pulsation theory,Capillarity theory,Imbibitional theory,None of these,A,The Relay or clambering pump theory was proposed by Godlewski in 1884.
2602,377,Plant Breeding and Genetics,Who coined the root pressure theory?,Stephan Hales,Sir J. C. Bose,Dixon & Jolly,Boehm,None of these,A,The root pressure theory was coined by Stephan Hales in 1727.
2603,377,Plant Breeding and Genetics,Which theory states that water rises in narrow tubes due to surface tension?,Capillarity theory,Imbibitional theory,Cohesion and adhesion theory,Pulsation theory,None of these,A,"The Capillarity theory, proposed by Boehm in 1809, states that water rises in narrow tubes due to surface tension."
2604,377,Plant Breeding and Genetics,Which theory of ascent of sap is most widely accepted?,Cohesion and adhesion theory,Capillarity theory,Imbibitional theory,Pulsation theory,None of these,A,"The Cohesion and adhesion theory, also known as the transpiration pull theory, propounded by Dixon & Jolly in 1894, is the most accepted theory."
2605,378,Plant Breeding and Genetics,What percentage of water absorbed by plants is typically lost through transpiration?,99%,80%,90%,75%,None of these,A,"Nearly 99% of the water absorbed by plants is lost through transpiration, making it a significant process in the water cycle of plants."
2606,378,Plant Breeding and Genetics,Which part of the plant is the principal organ of transpiration?,Root,Stem,Leaf,Flower,None of these,C,"The leaf is the principal organ of transpiration because it has a large surface area and contains stomata, which are specialized cells for gas exchange."
2607,378,Plant Breeding and Genetics,What is the primary function of transpiration in plants?,To absorb more water,To cool down the leaf surface,To increase photosynthesis,To promote root growth,None of these,B,"Transpiration helps to cool down the leaf surface, which is essential for maintaining optimal temperatures for physiological processes."
2608,378,Plant Breeding and Genetics,Which type of transpiration accounts for 80-90% of foliar transpiration?,Cuticular transpiration,Lenticellar transpiration,Stomatal transpiration,Bark transpiration,None of these,C,"Stomatal transpiration accounts for 80-90% of foliar transpiration, as stomata are the primary sites for water vapor loss."
2609,378,Plant Breeding and Genetics,What is the term for the exudation of water with salts and minerals through hydathodes?,Transpiration,Guttation,Evaporation,Respiration,None of these,B,"Guttation is the process where water with dissolved salts and minerals is exuded through hydathodes, typically occurring at night."
2610,378,Plant Breeding and Genetics,What structure is responsible for the majority of transpiration in terrestrial plants?,Cuticle,Stomata,Lenticels,Bark,None of these,B,"Stomata are responsible for the majority of transpiration in terrestrial plants, as they are primarily located on the lower surface of leaves."
2611,378,Plant Breeding and Genetics,What is the primary cause of guttation in plants?,Transpiration pull,Root pressure,Capillary action,Photosynthesis,None of these,B,"Guttation is primarily caused by root pressure, which forces water and dissolved substances out through hydathodes."
2612,379,Plant Breeding and Genetics,Which element is central to the porphyrin ring in chlorophyll molecules?,Magnesium (Mg),Iron (Fe),Calcium (Ca),Potassium (K),None of these,A,The central atom in the porphyrin ring of chlorophyll molecules is Magnesium (Mg). This is a defining structural feature of chlorophylls.
2613,379,Plant Breeding and Genetics,Which pigment is a precursor to Vitamin A?,Chlorophyll a,Chlorophyll b,β-carotene,Xanthophylls,None of these,C,β-carotene is the precursor of Vitamin A. This pigment is known for its role in the synthesis of Vitamin A.
2614,379,Plant Breeding and Genetics,Which pigment is universally present in all green plants?,Chlorophyll b,Chlorophyll a,Carotene,Xanthophylls,None of these,B,Chlorophyll a is universally present in all green plants. It is essential for the photosynthesis process in plants.
2615,379,Plant Breeding and Genetics,What is the empirical formula of Chlorophyll b?,C55 H72 O5 N4 Mg,C55 H70 O6 N4 Mg,C40 H56,C40 H56 O2,None of these,B,The empirical formula of Chlorophyll b is C55 H70 O6 N4 Mg. This distinguishes it from Chlorophyll a.
2616,379,Plant Breeding and Genetics,Which pigment is soluble in water and occurs in solution form in the cell water?,Chlorophyll,Carotene,Xanthophylls,Anthocyanin,None of these,D,Anthocyanin is a water-soluble pigment that occurs in solution form in the cell water. It is known for its purple color.
2617,379,Plant Breeding and Genetics,What is the principal yellow pigment of maize?,Chlorophyll a,Chlorophyll b,Carotene,Zeaxanthin,None of these,D,The principal yellow pigment of maize is zeaxanthin. It is a type of xanthophylls pigment.
2618,379,Plant Breeding and Genetics,"Which pigment is quickly oxidized in air, leading to rapid color change in scalped carrots?",Chlorophyll a,Chlorophyll b,Carotene,Xanthophylls,None of these,C,"Carotene is quickly oxidized in air, which leads to the rapid change of color in scalped carrots."
2619,380,Plant Physiology,Which of the following is NOT a characteristic of the light phase of photosynthesis?,It is light sensitive.,It occurs in the stroma of chloroplasts.,It is also called a photochemical reaction.,It involves the breakdown of water molecules.,None of these,B,"The light phase of photosynthesis occurs in the grana, not the stroma of chloroplasts."
2620,380,Plant Physiology,What is the primary source of oxygen released during photosynthesis?,Carbon dioxide,Glucose,Water,Chlorophyll,None of these,C,"The source of oxygen during photosynthesis is water, which is split into hydrogen and oxygen during the light phase."
2621,380,Plant Physiology,Which process involves the conversion of light energy into chemical energy (ATP) during photosynthesis?,Calvin cycle,Photophosphorylation,Photolysis of water,Emerson effect,None of these,B,Photophosphorylation is the process where light energy is converted into chemical energy in the form of ATP.
2622,380,Plant Physiology,What is the Emerson effect related to in photosynthesis?,The breakdown of water molecules,The enhancement of quantum yield with mixed light,The formation of glucose,The absorption of carbon dioxide,None of these,B,The Emerson effect refers to the increased quantum yield when plants are exposed to mixed light compared to separate beams of light.
2623,380,Plant Physiology,Which phase of photosynthesis is also known as the Blackman reaction?,Light phase,Dark phase,Photolysis phase,Photophosphorylation phase,None of these,B,"The dark phase of photosynthesis is also known as the Blackman reaction, named after F.F. Blackman."
2624,380,Plant Physiology,Where does the light reaction of photosynthesis take place?,Stroma,Grana,Mitochondria,Cytoplasm,None of these,B,The light reaction of photosynthesis takes place in the grana of the chloroplasts.
2625,380,Plant Physiology,What is the primary function of the Calvin cycle in photosynthesis?,To convert light energy into chemical energy,To break down water molecules,To fix carbon dioxide into glucose,To release oxygen,None of these,C,"The Calvin cycle, also known as the C₃ cycle, is responsible for fixing carbon dioxide into glucose during the dark phase of photosynthesis."
2626,381,Plant Physiology,Which of the following is the first stable product of the Calvin cycle in C3 plants?,Oxaloacetate,Malate,Phosphoglycerate,"Ribulose-1,5-bisphosphate",None of these,C,"In C3 plants the Calvin cycle first produces phosphoglycerate (PGA), a 3‑carbon compound."
2627,381,Plant Physiology,"According to Blackman's law of minimum, if light intensity is doubled while CO₂ concentration remains constant, what happens to the photosynthetic rate?",It doubles,It increases slightly,It remains unchanged,It decreases,None of these,C,Blackman’s law states CO₂ is the limiting factor; increasing light alone does not raise the rate when CO₂ is constant.
2628,381,Plant Physiology,Which anatomical feature is characteristic of C4 plant leaves?,Kranz anatomy,Mesophyll cells only,Single vascular bundle,No bundle‑sheath cells,None of these,A,"C4 plants possess Kranz anatomy, a distinctive leaf structure."
2629,381,Plant Physiology,PEP carboxylase in C4 plants has what advantage over Rubisco?,Higher affinity for O₂,Higher affinity for CO₂,Lower affinity for CO₂,No affinity for CO₂,None of these,B,"PEP carboxylase binds CO₂ with high affinity, allowing C4 plants to fix CO₂ at lower concentrations."
2630,381,Plant Physiology,CAM plants open their stomata during which period?,Daytime,Nighttime,Both day and night,Never,None of these,B,CAM plants open stomata at night to fix CO₂ and close them during the day.
2631,381,Plant Physiology,Which of the following is NOT a typical CAM plant?,Cactus,Pineapple,Onion,Maize,None of these,D,"Maize is a C4 plant; onions, pineapples, and cacti are CAM plants."
2632,381,Plant Physiology,Which statement correctly describes the photosynthetic rate of C4 plants compared to C3 plants?,Lower due to photorespiration,Higher due to lack of photorespiration,Same because both use CO₂ fixation,Variable depending on light intensity,None of these,B,"C4 plants lack photorespiration, giving them a higher photosynthetic rate than C3 plants."
2633,382,Plant Physiology,Which of the following is the first stable compound in C₄ plants?,PGA,OAA,RuBP,PEP,None of these,B,"The first stable compound in C₄ plants is OAA or Malic acid, which is a 4-carbon compound."
2634,382,Plant Physiology,Which type of plants have the highest water use efficiency?,C₃ Plants,C₄ Plants,CAM Plants,Both C₃ and C₄ Plants,None of these,C,CAM plants have high water use efficiency due to their adaptation to arid environments.
2635,382,Plant Physiology,What is the primary CO₂ acceptor in C₄ plants?,RuBP,PEP,PGA,OAA,None of these,B,The primary CO₂ acceptor in C₄ plants is PEP (Phosphoenolpyruvate).
2636,382,Plant Physiology,Which cycle is associated with dark reaction in C₄ plants?,Calvin cycle,Hatch & Slack cycle,Both Calvin cycle and Hatch & Slack cycle,CAM cycle,None of these,C,C₄ plants undergo dark reaction through both the Calvin cycle and the Hatch & Slack cycle.
2637,382,Plant Physiology,Which type of plants have the highest photosynthetic rate?,C₃ Plants,C₄ Plants,CAM Plants,Both C₃ and CAM Plants,None of these,B,C₄ plants have a high photosynthetic rate compared to C₃ and CAM plants.
2638,382,Plant Physiology,What is the compensation point for CO₂ concentration in C₄ plants?,50 ppm,1-5 ppm,10-20 ppm,20-30 ppm,None of these,B,The compensation point for CO₂ concentration in C₄ plants is 1-5 ppm.
2639,382,Plant Physiology,Which process is known as the C₂ cycle?,Calvin cycle,Hatch & Slack cycle,Photorespiration,CAM cycle,None of these,C,"Photorespiration is known as the C₂ cycle because it involves the formation of a 2-carbon compound, glycolate."
2640,383,Plant Physiology,What is the primary end product of glycolysis?,Pyruvic acid,Acetyl CoA,NADH₂,ATP,None of these,A,The primary end product of glycolysis is pyruvic acid. This process occurs in the cytoplasm under anaerobic conditions.
2641,383,Plant Physiology,How many ATP molecules are produced from one molecule of glucose during glycolysis in the presence of oxygen?,2,4,6,8,None of these,D,"In the presence of oxygen, glycolysis produces a total of 8 ATP molecules from one molecule of glucose. This includes 2 ATP from glycolysis and 6 ATP from the aerobic oxidation of two molecules of NADH₂."
2642,383,Plant Physiology,Where do the Krebs cycle and Electron Transport System (ETS) take place in the cell?,Cytoplasm,Nucleus,Mitochondria,Chloroplast,None of these,C,Both the Krebs cycle and Electron Transport System (ETS) take place in the mitochondria under aerobic conditions.
2643,383,Plant Physiology,What is the net production of ATP molecules during the breakdown of one molecule of glucose in respiration?,24,36,48,72,None of these,B,The net production of ATP molecules during the breakdown of one molecule of glucose in respiration is 36 ATP molecules.
2644,383,Plant Physiology,What is the Respiratory Quotient (R.Q.) for carbohydrates?,0.7,0.8-0.9,1.0,1.33,None of these,C,"The Respiratory Quotient (R.Q.) for carbohydrates is 1.0, which is the ratio of the volume of CO₂ released to the volume of O₂ absorbed."
2645,383,Plant Physiology,Which molecule acts as a link between glycolysis and the Krebs cycle?,Pyruvic acid,Acetyl CoA,NADH₂,ATP,None of these,B,Acetyl CoA acts as the link molecule between glycolysis and the Krebs cycle.
2646,383,Plant Physiology,What is the R.Q. value for organic acids?,0.7,0.8-0.9,1.0,>1 or 1.33,None of these,D,The Respiratory Quotient (R.Q.) value for organic acids is greater than 1 or 1.33.
2647,384,Plant Physiology,What term describes a plant's response to the length of daylight affecting its flowering?,Photoperiodism,Phototropism,Vernalization,Thermoperiodism,None of these,A,"Photoperiodism is defined as the response of plants to day length, especially for flowering."
2648,384,Plant Physiology,"Who coined the term ""photoperiodism"" in 1920?",Mendel,Garner and Allard,Darwin,Watson,None of these,B,Garner and Allard introduced the term photoperiodism in 1920.
2649,384,Plant Physiology,Which of the following crops is a short‑day plant?,Wheat,Tobacco,Maize,Sunflower,None of these,B,Tobacco is listed among short‑day plants that need less than 12 h of light to flower.
2650,384,Plant Physiology,A plant that needs more than 14 hours of daylight to initiate flowering is classified as a:,Short‑day plant,Long‑day plant,Day‑neutral plant,Biennial,None of these,B,Long‑day plants require daylight exceeding 14 hours for flower initiation.
2651,384,Plant Physiology,Which statement correctly describes day‑neutral plants?,They require less than 12 h of light to flower,Their flowering is unaffected by day length,They need more than 14 h of light to flower,They require a chilling period before flowering,None of these,B,Day‑neutral plants are not influenced by the duration of daylight for flowering.
2652,384,Plant Physiology,A farmer wishing to grow a crop that flowers under short daylight should sow it in which Indian season?,Rabi,Kharif,Summer,Winter,None of these,B,Short‑day crops such as rice and soybean are typically cultivated during the Kharif season.
2653,384,Plant Physiology,Which pair correctly matches a crop with its photoperiod classification?,Barley – Long‑day,Rice – Short‑day,Maize – Day‑neutral,Tomato – Long‑day,None of these,B,"Rice is listed as a short‑day plant, while barley is a long‑day plant."
2654,385,Plant Physiology,What is the primary objective of agricultural extension?,"To develop rural people economically, socially, and culturally through education",To increase farm production using advanced machinery,To promote urban agricultural practices,To provide financial aid to farmers,None of these,A,"The fundamental objective of extension is to develop the rural people economically, socially, and culturally through education."
2655,385,Plant Physiology,Which principle of extension emphasizes the importance of local knowledge and practices?,Principle of cultural awareness,Principle of indigenous knowledge,Principle of learning by doing,Principle of participation,None of these,B,The principle of indigenous knowledge focuses on utilizing and respecting local knowledge and practices.
2656,385,Plant Physiology,What does the term 'extension' mean in the context of agriculture?,Stretching out services to people in rural areas,Extending farmland to increase production,Expanding agricultural universities,Increasing the number of research institutes,None of these,A,"The term 'extension' means stretching out services to people in rural areas, derived from the Latin words 'Ex' (Out) and 'Tensio' (Stretching)."
2657,385,Plant Physiology,When was the term 'extension education' first used?,1866,1873,1976,1850,None of these,B,The term 'extension education' was first used in 1873 by Cambridge University.
2658,385,Plant Physiology,Which level of extension aims to create extension professionals?,Extension service,Extension education,Extension research,Extension training,None of these,B,"Extension education aims to create extension professionals through education, training, and research."
2659,385,Plant Physiology,Who has the primary responsibility for extension service?,Federal government,Local government,State government,Agricultural universities,None of these,C,The primary responsibility of extension service lies with the State government.
2660,385,Plant Physiology,Which principle of extension focuses on involving people in the process?,Principle of leadership,Principle of participation,Principle of evaluation,Principle of empowerment,None of these,B,The principle of participation emphasizes involving people in the extension process.
2661,386,Plant Physiology,What is the primary function of extension education?,To bring about desirable change in human behaviour through education,To institutionalize education systems,To provide formal education in rural areas,To structure hierarchical education systems,None of these,A,"The primary function of extension education is to bring about desirable changes in human behavior through education, as it focuses on changing knowledge, skills, attitudes, and actions."
2662,386,Plant Physiology,Which type of education is highly institutionalized and hierarchically structured?,Formal education,Non-formal education,Informal education,Extension education,None of these,A,"Formal education is highly institutionalized, chronologically graded, and hierarchically structured, such as school and college education."
2663,386,Plant Physiology,What is a characteristic feature of informal education?,It is a lifelong process and happens in everyday life,It is highly institutionalized,It has a top-down flow of information,It is confined to educational institutes,None of these,A,Informal education is a lifelong process that occurs in everyday life and is characterized by self-learning.
2664,386,Plant Physiology,Which of the following is NOT a characteristic of non-formal education?,Highly institutionalized,Horizontal flow of information,Heterogeneous learners,Helps people face actual life situations,None of these,A,"Non-formal education is not highly institutionalized; it is characterized by a horizontal flow of information, heterogeneous learners, and helping people face actual life situations."
2665,386,Plant Physiology,"According to Dr. J.P. Leagans, what is the first step in the extension education process?",Situation,Objective,Teaching,Evaluation,None of these,A,"According to Dr. J.P. Leagans, the first step in the extension education process is 'Situation'."
2666,386,Plant Physiology,Which type of education is extension education classified under?,Formal education,Non-formal education,Informal education,Structured education,None of these,B,Extension education is classified under non-formal education as it is not highly institutionalized and helps people face actual life situations.
2667,386,Plant Physiology,What is the final step in the extension education process according to Dr. J.P. Leagans?,Situation,Objective,Reconsideration,Teaching,None of these,C,"According to Dr. J.P. Leagans, the final step in the extension education process is 'Reconsideration'."
2668,387,Plant Physiology,What is the primary purpose of the Cone of Experience as modified by Sheal (1989)?,To illustrate the hierarchy of learning experiences from abstract to concrete,To categorize different teaching methods,To measure the effectiveness of teaching strategies,To evaluate student performance,None of these,A,"The Cone of Experience illustrates the hierarchy of learning experiences from abstract to concrete, helping educators understand how different types of experiences contribute to learning."
2669,387,Plant Physiology,Which of the following is the correct sequence of steps in the extension teaching process according to Wilson and Gallup (1955)?,"Attention, Interest, Desire, Conviction, Action, Satisfaction","Awareness, Interest, Evaluation, Trial, Adoption","Interest, Desire, Conviction, Action, Satisfaction, Attention","Conviction, Action, Satisfaction, Attention, Interest, Desire",None of these,A,"The correct sequence of steps in the extension teaching process according to Wilson and Gallup (1955) is Attention, Interest, Desire, Conviction, Action, Satisfaction, remembered by the acronym 'AIDCAS'."
2670,387,Plant Physiology,What does the term 'Adoption' refer to in the context of innovation?,The mental process of deciding to use an innovation as the best course of action,The process of communicating an innovation through certain channels,The stage where an individual evaluates an innovation,The process of creating a new innovation,None of these,A,Adoption refers to the mental process of deciding to make full use of an innovation as the best course of action available.
2671,387,Plant Physiology,Which of the following is NOT a stage in the adoption process according to Hamberg?,Awareness,Interest,Conviction,Trial,None of these,C,"The stages in the adoption process according to Hamberg are Awareness, Interest, Evaluation, Trial, and Adoption, remembered by the acronym 'AIETA'. Conviction is not one of these stages."
2672,387,Plant Physiology,What is the main focus of the 'Interest' stage in the adoption process?,Creating awareness about the innovation,Generating curiosity and interest in the innovation,Evaluating the innovation,Trying out the innovation,None of these,B,The 'Interest' stage in the adoption process focuses on generating curiosity and interest in the innovation among potential adopters.
2673,387,Plant Physiology,Which stage in the extension teaching process involves the actual implementation of the new practice or innovation?,Desire,Conviction,Action,Satisfaction,None of these,C,The 'Action' stage in the extension teaching process involves the actual implementation of the new practice or innovation.
2674,387,Plant Physiology,What is the final stage in the adoption process according to Hamberg?,Evaluation,Trial,Adoption,Interest,None of these,C,"The final stage in the adoption process according to Hamberg is 'Adoption', where the individual decides to make full use of the innovation."
2675,388,Plant Physiology,"Which category of adopters is characterized by being venturesome, adventurous, and oriented to take risks?",Innovators,Early adopters,Early majority,Late majority,None of these,A,"Innovators are described as the first people to adopt a new idea, characterized by being venturesome, adventurous, and oriented to take risks."
2676,388,Plant Physiology,What percentage of the total population do early adopters represent?,2.5%,13.5%,34%,16%,None of these,B,Early adopters share about 13.5% of the general population.
2677,388,Plant Physiology,Which category of adopters is known for having the greatest opinion leadership?,Innovators,Early adopters,Early majority,Late majority,None of these,B,Early adopters are described as having the greatest opinion leadership and are considered 'the man to check with' before using a new idea.
2678,388,Plant Physiology,Which category of adopters is described as 'deliberate' by the social system and are called 'neighbours and friends'?,Innovators,Early adopters,Early majority,Late majority,None of these,C,The early majority are considered deliberate by the social system and are called 'neighbours and friends' from whom most farmers seek information.
2679,388,Plant Physiology,Which category of adopters is considered skeptical and adopts new ideas just after the average member of a social system?,Innovators,Early adopters,Early majority,Late majority,None of these,D,The late majority are considered skeptical and adopt new ideas just after the average member of a social system.
2680,388,Plant Physiology,Which category of adopters is the last to adopt an innovation and possesses almost no opinion leadership?,Innovators,Early adopters,Early majority,Laggards,None of these,D,Laggards are the last to adopt an innovation and possess almost no opinion leadership.
2681,388,Plant Physiology,What percentage of the total population do laggards represent?,2.5%,13.5%,34%,16%,None of these,D,Laggards represent 16% of the total population.
2682,389,Plant Physiology,"Which model of communication consists of the elements: Speaker, Speech, and Audience?",Aristotle model,Berlo's model,Shannon-Weaver model,Schramm model,None of these,A,"The Aristotle model of communication consists of three elements: Speaker, Speech, and Audience (SSA)."
2683,389,Plant Physiology,"In Berlo's model of communication, what does SMCR stand for?",Source-Message-Channel-Receiver,Speaker-Message-Channel-Response,Source-Message-Channel-Response,Speaker-Message-Channel-Receiver,None of these,A,"Berlo's model is also known as the SMCR model, which stands for Source-Message-Channel-Receiver."
2684,389,Plant Physiology,"Which model of communication includes the elements: Communicator, Message, Channel, Treatment, Audience, and Response?",Legan's model,Berlo's model,Shannon-Weaver model,Westley-MacLean model,None of these,A,"Legan's model of communication includes six elements: Communicator, Message, Channel, Treatment, Audience, and Response (CMCTAR)."
2685,389,Plant Physiology,The Shannon-Weaver model of communication consists of how many elements?,3,4,5,6,None of these,C,"The Shannon-Weaver model of communication consists of five elements: Source, Transmitter, Signal, Receiver, and Destination (STSRD)."
2686,389,Plant Physiology,"Which model of communication is known for including the elements: ethos, pathos, and logos?",Aristotle model,Berlo's model,Schramm model,Rogers and Shoemaker model,None of these,A,"The Aristotle model of communication is known for including the elements: ethos, pathos, and logos."
2687,389,Plant Physiology,What are the five elements in the Schramm model of communication?,"Source, Encoder, Signal, Decoder, Destination","Source, Message, Channel, Receiver, Effects","Speaker, Speech, Audience, Ethos, Pathos","Communicator, Message, Channel, Treatment, Audience",None of these,A,"The Schramm model of communication consists of five elements: Source, Encoder, Signal, Decoder, and Destination (SESDD)."
2688,389,Plant Physiology,Which model of communication includes the element 'Effects'?,Rogers and Shoemaker model,Berlo's model,Shannon-Weaver model,Westley-MacLean model,None of these,A,"The Rogers and Shoemaker model of communication includes the element 'Effects' and consists of five elements: Source, Message, Channel, Receiver, and Effects (SMCRE)."
2689,390,Plant Physiology,Which of the following is NOT an example of an individual contact method in agricultural communication?,Farm and home visit,Symposium,Telephone call,Personal letters,None of these,B,"Symposium is an example of a group contact method, not an individual contact method. Individual contact methods include face-to-face or person-to-person interactions like farm and home visits, telephone calls, and personal letters."
2690,390,Plant Physiology,What is the primary advantage of mass contact methods in agricultural communication?,High quantum of feedback,Quick awareness of new agricultural technology,Face-to-face contact,Effective teaching,None of these,B,Mass contact methods are primarily useful for making people aware of new agricultural technology quickly. They reach a large audience but do not provide face-to-face contact or high feedback.
2691,390,Plant Physiology,Which of the following is an example of a non-projected visual aid?,Slide,Motion film,Poster,Overhead projector,None of these,C,"A poster is an example of a non-projected visual aid. Non-projected visual aids include items like photographs, diagrams, and posters that can be seen but do not require projection."
2692,390,Plant Physiology,What is the origin of the word 'Psychology'?,Latin words,German words,Greek words,French words,None of these,C,The word 'Psychology' is derived from two Greek words: 'Psyche' meaning soul and 'Logos' meaning science.
2693,390,Plant Physiology,Which of the following is an example of an audio-visual aid?,Radio,Television,Poster,Chart,None of these,B,Television is an example of an audio-visual aid because it combines both audio and visual elements. Other examples include cinema and video.
2694,390,Plant Physiology,What is a characteristic feature of group contact methods in agricultural communication?,More than 30 persons,Face-to-face contact with a group of 2-30 persons,Slow communication,High quantum of feedback,None of these,B,Group contact methods involve face-to-face contact with a group of 2-30 persons who usually share a common interest.
2695,390,Plant Physiology,Which of the following is an example of a projected visual aid?,Photograph,Diagram,Slide,Model,None of these,C,A slide is an example of a projected visual aid. Projected visual aids require projection equipment to display the visual content.
2696,391,Plant Physiology,What does the term 'I.Q.' stand for in the context of human intelligence?,Intelligence Quotient,Intellectual Quality,Information Quantity,Intuitive Quotient,None of these,A,"I.Q. stands for Intelligence Quotient, which is the ratio between mental age and chronological age, expressed in percentage."
2697,391,Plant Physiology,"According to the Terman Merril test, what I.Q. range is classified as 'Average'?",90-95,95-105,105-125,75-90,None of these,B,The Terman Merril test classifies the I.Q. range of 95-105 as 'Average'.
2698,391,Plant Physiology,Who is referred to as the father of sociology?,Karl Marx,Auguste Compte,Emile Durkheim,Max Weber,None of these,B,Auguste Compte is referred to as the father of sociology.
2699,391,Plant Physiology,What is the primary unit of production in rural society?,Individual,Community,Family,Government,None of these,C,The primary unit of production in rural society is the family.
2700,391,Plant Physiology,Which of the following is an example of 'Folkways'?,Monogamy,Saluting the national flag,Greeting others,Honesty,None of these,C,"Folkways are informal rules of behavior based on habit and tradition, such as greeting others."
2701,391,Plant Physiology,What is the I.Q. range for the category 'Genius' according to the Shaker Udal classification?,125-140,110-125,140 above,90-110,None of these,C,"According to the Shaker Udal classification, the I.Q. range for the category 'Genius' is 140 and above."
2702,391,Plant Physiology,What is the main purpose of social control in society?,To enforce laws,To maintain order and establish rules,To promote individualism,To encourage innovation,None of these,B,The main purpose of social control is to maintain order and establish rules in society.
2703,392,Extension,Which type of family is characterized by a man marrying more than one wife?,Polygyny family,Polyandry family,Patriarchal family,Matrilineal family,None of these,A,A polygyny family is defined as a family structure where a man marries more than one wife.
2704,392,Extension,In which type of family does the married couple and their children live with the wife's family?,Patri-local family,Matri-local family,Nuclear family,Joint family,None of these,B,A matri-local family is where the married couple and their children live with the wife's family.
2705,392,Extension,Which social category is most rigid and determined only by birth?,Social class,Caste,Norms,Laws,None of these,B,Caste is described as the most rigid social category and is determined only by birth.
2706,392,Extension,What is the basic unit of society?,Norms,Laws,Family,Social class,None of these,C,Family is defined as the basic unit of society.
2707,392,Extension,Which type of family is known for living together with more than one primary family based on blood relationship and common residence?,Nuclear family,Joint family,Patriarchal family,Matriarchal family,None of these,B,A joint family is characterized by more than one primary family living together based on blood relationship and common residence.
2708,392,Extension,What are the established behavior patterns for the members of a social system called?,Laws,Norms,Social class,Caste,None of these,B,Norms are the established behavior patterns that govern or regulate social action.
2709,392,Extension,Which type of family is also known as the primary family or conjugal family?,Joint family,Nuclear family,Polyandry family,Matriarchal family,None of these,B,"A nuclear family is also known as the primary family or conjugal family, including husband, wife, and their unmarried children."
2710,393,Extension,"Which type of social group is characterized by direct, face-to-face, and relatively permanent relationships?",Primary group,Secondary group,Formal group,Informal group,None of these,A,"Primary groups are defined by direct, face-to-face, and relatively permanent relationships, such as those found in families or groups of close friends."
2711,393,Extension,What is the main characteristic of a secondary group?,Small size and permanent relationships,Large size and goal-oriented relationships,Hierarchical structure and designated tasks,Rigidly enforced rules and procedures,None of these,B,"Secondary groups are relatively large in size and composed of indirect, goal-oriented relationships, which are often temporary."
2712,393,Extension,Which of the following is an example of a formal group?,Play group,Friendship group,Panchayat,Youth club,None of these,C,"Formal groups are organized based on hierarchical structures with designated tasks, such as a Panchayat."
2713,393,Extension,What defines a taboo in the context of culture?,Socially prescribed forms of behavior,Negative actions not consented by society,Essential and right forms of action,Accepted procedures of eating and meeting,None of these,B,"Taboos are types of mores for which society does not give consent and refer to negative actions, such as marriage within the family among Hindus."
2714,393,Extension,Which element of culture refers to the common ways of acting regarded as right and proper?,Beliefs,Values,Mores,Customs,None of these,C,"Mores are the common ways of acting that are regarded as right and proper, leading to punishment if violated."
2715,393,Extension,What is the primary function of beliefs in culture?,To attach importance to things and conditions,To serve as a means of social control,To prescribe forms of behavior,To form agreements among individuals,None of these,B,Beliefs serve as an important means of social control by accepting propositions as true.
2716,393,Extension,Which type of group is formed by individuals with common interests who volunteer to accomplish a purpose?,Primary group,Secondary group,Formal group,Voluntary group,None of these,D,"Voluntary groups are formed by individuals with common interests who enter into an agreement, usually as volunteers, to accomplish a purpose."
2717,394,Extension,Which type of leader is characterized by sharing decision-making and encouraging group participation?,Autocratic leader,Democratic leader,Free-rein leader,Laissez-faire leader,None of these,B,"A democratic leader shares decision-making and encourages group participation, unlike autocratic or laissez-faire leaders."
2718,394,Extension,Who is associated with the Gurgaon project initiated in 1920?,Daniel Hamilton,Ravindra Nath Tagore,F.L. Brayne,M.D. Tagore,None of these,C,F.L. Brayne is associated with the Gurgaon project initiated in 1920.
2719,394,Extension,Which leadership style involves treating followers like family members and providing them with welfare facilities?,Professional leadership,Paternalistic leadership,Formal leadership,Opinion leadership,None of these,B,Paternalistic leadership involves treating followers like family members and providing welfare facilities.
2720,394,Extension,What is the primary characteristic of a free-rein leader?,Avoids power and gives complete freedom to followers,Shares decision-making with group members,Treats followers like family members,Operates with distrust in people,None of these,A,A free-rein leader gives complete freedom to followers and avoids power.
2721,394,Extension,Which project was initially started in 8 villages of West Bengal?,Gurgaon project,Shantiniketan,Sriniketan,Rural reconstruction scheme,None of these,B,Shantiniketan was initially started in 8 villages of West Bengal.
2722,394,Extension,Which type of leader is recognized for holding formal positions of authority?,Lay-leader,Opinion leader,Formal leader,Professional leader,None of these,C,Formal leaders hold recognized positions of authority.
2723,394,Extension,Who is known for starting the Sriniketan project in 1921?,F.L. Brayne,Daniel Hamilton,Ravindra Nath Tagore,M.D. Tagore,None of these,C,Ravindra Nath Tagore started the Sriniketan project in 1921.
2724,395,Extension,Who is known as the Father of Extension?,Leagnes,Albert Mayor,S.K. Dey,Daniel Benor,None of these,A,"Leagnes is known as the Father of Extension, as mentioned in the source."
2725,395,Extension,Which project was initiated by Mahatma Gandhi in 1921?,Sewagram (Wardha),Marthandam project,Etawah Pilot project,Nilokheri Experiment,None of these,A,The Sewagram project in Wardha was initiated by Mahatma Gandhi in 1921.
2726,395,Extension,The National Extension Service was launched on which date?,2 Oct. 1952,2 Oct. 1953,2 Oct. 1951,2 Oct. 1950,None of these,B,The National Extension Service was launched on 2 Oct. 1953.
2727,395,Extension,Which program was initiated in 1966-67?,High Yielding Variety (HYV) Programme,Intensive Agricultural District Programme (IADP),Intensive Cattle Development Project (ICDP),Drought Prone Area Programme (DPAP),None of these,A,The High Yielding Variety (HYV) Programme was initiated in 1966-67.
2728,395,Extension,Who initiated the Bhoodan movement and in which year?,"Acharya Vinobha Bhave, 1951","Mahatma Gandhi, 1947","S.K. Dey, 1948","K.M. Munshi, 1947-48",None of these,A,The Bhoodan movement was initiated by Acharya Vinobha Bhave in 1951.
2729,395,Extension,Which project is also known as the package programme?,Intensive Agricultural District Programme (IADP),Intensive Cattle Development Project (ICDP),Intensive Agricultural Area Programme (IAAP),High Yielding Variety (HYV) Programme,None of these,A,The Intensive Agricultural District Programme (IADP) is also known as the package programme.
2730,395,Extension,In which year was the Training and Visit (T&V) system introduced?,1974,1971,1973,1977,None of these,A,The Training and Visit (T&V) system was introduced in 1974.
2731,396,Extension,When was the Lab to Land program merged?,June 1979,June 1989,June 1969,June 1999,None of these,A,The Lab to Land program was merged in June 1979.
2732,396,Extension,What is the primary principle behind Method Demonstration?,Learning by doing,Seeing is believing,Hands-off training,Theoretical learning,None of these,A,Method Demonstration is based on the principle of 'learning by doing' as it involves skill training.
2733,396,Extension,Which demonstration type is based on the principle 'seeing is believing'?,Method Demonstration,Result Demonstration,Participatory Rural Appraisal,Farmers Field School,None of these,B,Result Demonstration is based on the principle 'seeing is believing' as it shows the value of new practices.
2734,396,Extension,What is the main purpose of Participatory Rural Appraisal (PRA)?,To train farmers in new agricultural techniques,"To enable local people to share, enhance, and analyze their knowledge",To provide financial support to rural farmers,To conduct scientific research on agricultural practices,None of these,B,"Participatory Rural Appraisal (PRA) aims to enable local people to share, enhance, and analyze their knowledge of life and conditions."
2735,396,Extension,What is Farmers Field School (FFS) primarily known for?,Providing formal education to farmers,Teaching farmers to experiment and solve problems independently,Conducting soil testing and analysis,Offering financial loans to farmers,None of these,B,"Farmers Field School (FFS) is known for teaching farmers to experiment and solve problems independently, often used in IPM techniques."
2736,396,Extension,When was the National Rural Employment Guarantee Act (NAREGA) enacted?,September 2004,September 2005,February 2006,June 1979,None of these,B,The National Rural Employment Guarantee Act (NAREGA) was enacted in September 2005.
2737,396,Extension,What is the primary function of the Agriculture Technology Information Centre (ATIC)?,To provide financial support to farmers,To serve as a 'Single Window System' under the NATP project,To conduct agricultural research,To offer formal education to farmers,None of these,B,The Agriculture Technology Information Centre (ATIC) serves as a 'Single Window System' under the NATP project.
2738,397,Extension,What is the primary characteristic of remote sensing?,Acquiring information through physical contact,Acquiring information without physical contact,Processing information using AI,Judging other groups as inferior,None of these,B,Remote sensing is defined as the process of acquiring information about an object or phenomenon without making physical contact with it.
2739,397,Extension,Which of the following best describes Artificial Intelligence?,A process of acquiring information without physical contact,The ability of a computer to process information and produce outcomes,A tendency to think one's own group is superior,A feeling of anger or disappointment,None of these,B,"Artificial Intelligence is described as the ability of a computer or computer-enabled robotic system to process information and produce outcomes, resembling human thought processes."
2740,397,Extension,What is ethnocentrism?,The ability to understand another person's frame of mind,The tendency to think one's own group's ways are superior,A process of initiating a conscious and purposeful action,A feeling of happiness or love,None of these,B,Ethnocentrism is defined as the tendency of people to think that their own group's ways are superior to others or judging other groups as inferior.
2741,397,Extension,Which term describes the sensory experience of the world through which we gain information about our environment?,Communication fidelity,Perception,Empathy,Motivation,None of these,B,Perception is defined as the sensory experience of the world through which we gain information about our environment.
2742,397,Extension,What does communication fidelity refer to?,The ability to understand another person's frame of mind,The faithful performance of the communication process by all its elements,A feeling of anger or disappointment,A process of initiating a conscious and purposeful action,None of these,B,"Communication fidelity refers to the faithful performance of the communication process by all its elements: communicator, message, channel, and receiver."
2743,397,Extension,What is empathy?,A feeling of happiness or love,The ability to understand another person's internal frame of mind,A process of acquiring information without physical contact,The tendency to think one's own group's ways are superior,None of these,B,"Empathy is defined as the ability to understand another person's internal frame of mind and reference, and accept the same."
2744,397,Extension,Which type of motivation generates from within one's own self?,Extrinsic motivation,Intrinsic motivation,Communication fidelity,Perception,None of these,B,Intrinsic motivation is described as the type of motivation that generates from within one's own self.
2745,398,Extension,Which institution primarily carries out extension education in India?,Indian Council of Agricultural Research,State Agriculture University,National Bank for Agriculture,Rural Development Ministry,None of these,B,The source states that extension education in India is performed by State Agriculture Universities.
2746,398,Extension,The person who links higher department officials with the farming community is known as?,Agricultural officer,Village extension worker,Farm manager,Rural banker,None of these,B,A village extension worker is described as the connecting link between higher officials and farmers.
2747,398,Extension,"In extension communication, which mode is considered to have the highest sensory involvement?",Mass media,Print materials,Inter-personal communication,Telephone calls,None of these,C,The source notes that sensory situation is more in inter‑personal communication.
2748,398,Extension,The Training and Visit (T & V) system was first launched in which Indian state?,Gujarat,Maharashtra,Rajasthan,Punjab,None of these,C,"According to the source, the T & V system was first introduced in Rajasthan."
2749,398,Extension,"According to the source, what does ""Andragogy"" specifically refer to?",Teaching children,Teaching adults,Agricultural extension methods,Rural development strategies,None of these,B,Andragogy is defined as the art or science of teaching adults.
2750,398,Extension,A large group that is split into smaller units for brief discussions is termed as?,Focus group,Buzz session,Seminar,Workshop,None of these,B,The source calls this arrangement a buzz session.
2751,398,Extension,Which statement correctly describes an introvert personality as per the source?,Socially adaptable and sacrifices for others,Socially shy and focuses on own feelings,Highly extroverted and seeks leadership,Lacks any social interaction,None of these,B,Introvert personality is described as socially shy and interested in one's own feelings and reactions.
2752,399,Extension,Which of the following is a single sheet of paper of small size containing preliminary information on a topic?,Folder,Leaflet,Pamphlet,Booklet,None of these,B,Leaflet is defined as a single printed sheet of small size containing preliminary information on a topic.
2753,399,Extension,Which format contains complete information about a topic in 2-12 pages?,Folder,Pamphlet,Bulletin,Booklet,None of these,B,Pamphlet contains complete information about a topic in 2-12 pages.
2754,399,Extension,Which printed bound booklet with 12-20 pages contains comprehensive information?,Folder,Pamphlet,Bulletin,Booklet,None of these,C,"Bulletin is a printed, bound booklet with 12-20 pages containing comprehensive information."
2755,399,Extension,Which contains relatively large amount of content with 20-50 pages?,Folder,Leaflet,Pamphlet,Booklet,None of these,D,"Booklet contains a relatively large amount of content material, with pages ranging between 20 to 50."
2756,399,Extension,"Which is a systematic display of models, specimens, charts, photographs, pictures, posters, information etc. around a theme to create awareness and interest in the community?",Folder,Exhibition,Poster,Booklet,None of these,B,"Exhibition is defined as a systematic display of models, specimens, charts, photographs, pictures, posters, information etc. around a theme to create awareness."
2757,399,Extension,"Which of the following has the characteristics of Attractive, Brief and Clear?",Folder,Leaflet,Poster,Booklet,None of these,C,"Poster is characterized by Attractive, Brief and Clear (ABC)."
2758,399,Extension,"Which format is a single piece of paper folded once or twice, and when opened presents essential information in sequence?",Folder,Leaflet,Pamphlet,Bulletin,None of these,A,"Folder is a single piece of paper folded once or twice, and when opened presents essential information in sequence."
2759,400,Extension,From which Greek words is the term 'Economics' derived?,Oikos and Nomos,Oikonomia and Nomia,Oikos and Logos,Eco and Nomos,None of these,A,'Economics' is derived from the Greek words 'Oikos' meaning household and 'Nomos' meaning management.
2760,400,Extension,Which economist defined economics as the science of wealth?,Adam Smith,Marshall,Robbins,Hicks-Hansen,None of these,A,Adam Smith defined economics as the science of wealth in his book 'Wealth of Nations'.
2761,400,Extension,What is the reward for the factor of production 'Labour'?,Wage,Rent,Interest,Profit,None of these,A,"The reward for the factor of production 'Labour' is wage, as it is the active factor of production."
2762,400,Extension,Which theory is associated with A.P. Lerner?,Theory of inflation,Theory of profit,Population theory,Modern theory of interest,None of these,A,The theory associated with A.P. Lerner is the Theory of inflation.
2763,400,Extension,What is the formula for the Current Ratio in farm efficiency measures?,Current assets / Current liabilities,Total assets / Total liabilities,Working assets / Current liabilities,Gross income / Total farm income,None of these,A,The formula for the Current Ratio in farm efficiency measures is Current assets divided by Current liabilities.
2764,400,Extension,Which book was written by Robbins?,Science of Choice,Wealth of Nations,Theory of Inflation,Population Theory,None of these,A,The book 'Science of Choice' was written by Robbins.
2765,400,Extension,Which factor of production is considered passive?,Capital,Land,Labour,Entrepreneurship,None of these,A,"Capital is considered a passive factor of production, with its reward being interest."
2766,401,Extension,Which approach does production economics primarily use?,Macro approach,Micro approach,Inter farm science,Intra farm science,None of these,A,"Production economics primarily uses a macro approach, focusing on the aggregate resources of a nation."
2767,401,Extension,What type of cost varies with the level of output?,Fixed cost,Sunk cost,Variable cost,Non-cash cost,None of these,C,"Variable cost varies with the level of output, unlike fixed cost which remains constant."
2768,401,Extension,Which utility involves changing the form of a product to increase its value?,Place utility,Time utility,Form utility,Possession utility,None of these,C,"Form utility involves changing the form of a product, such as processing raw potatoes into potato chips."
2769,401,Extension,What is the main characteristic of fixed cost?,It varies with output,It is always in cash,It does not change with the level of output,It is known as the cost of variable inputs,None of these,C,Fixed cost is characterized by its invariability with changes in the level of output.
2770,401,Extension,Which utility is related to the transportation of goods?,Form utility,Place utility,Time utility,Possession utility,None of these,B,Place utility involves transporting goods from one place to another to satisfy demand.
2771,401,Extension,What is the primary focus of farm management?,Aggregate resources of a nation,Inter farm science,Individual farm decisions,Macro approach,None of these,C,"Farm management focuses on making decisions for individual farms, using a micro approach."
2772,401,Extension,Which utility involves storing goods for future use?,Form utility,Place utility,Time utility,Possession utility,None of these,C,Time utility involves storing goods during surplus production to use them during times of scarcity.
2773,402,Extension,Which of the following is NOT one of the 3 R's of credit?,Returns,Repayment capacity,Risk bearing ability,Revenue,None of these,D,"The 3 R's of credit are Returns, Repayment capacity, and Risk bearing ability. Revenue is not mentioned as one of the 3 R's."
2774,402,Extension,Which principle among the 7 P's of credit emphasizes the need for loans to be used for productive activities?,Principle of productive purpose,Principle of personality,Principle of productivity,Principle of phased disbursement,None of these,A,The Principle of productive purpose emphasizes that loans should be used for productive activities that generate income.
2775,402,Extension,A farmer owning 3 hectares of land is classified as a:,Marginal farmer,Small farmer,Semi-medium farmer,Medium farmer,None of these,C,A farmer owning 2-4 hectares of land is classified as a Semi-medium farmer.
2776,402,Extension,Which of the following loan terms is typically used for long-term financing in agriculture?,1 to 1.5 years,1.5 to 5 years,5 to 30 years,30 to 50 years,None of these,C,Long-term loans in agriculture typically range from 5 to 30 years.
2777,402,Extension,Which of the 5 C's of credit refers to the borrower's financial reserves?,Character,Capacity,Capital,Collateral,None of these,C,Capital refers to the borrower's financial reserves or net worth.
2778,402,Extension,What is the primary purpose of agricultural credit?,To finance agricultural transactions,To provide insurance to farmers,To offer subsidies to farmers,To regulate agricultural markets,None of these,A,Agricultural credit is used to finance agricultural transactions and activities.
2779,402,Extension,Which principle among the 7 P's of credit ensures that loans are disbursed in stages?,Principle of productive purpose,Principle of personality,Principle of phased disbursement,Principle of payment,None of these,C,The Principle of phased disbursement ensures that loans are disbursed in stages to match the project's progress.
2780,403,Extension,Which type of farming involves earning more than or equal to 50% of total income from a single enterprise?,Diversified farming,Specialized farming,Mixed farming,Dry farming,None of these,B,Specialized farming is defined as a farm where the income from a single enterprise is more than or equal to 50%.
2781,403,Extension,What is the term for the portion of total produce that a farmer is willing to sell?,Marketable surplus,Marketed surplus,Total production,Total requirement,None of these,A,Marketable surplus is the portion of total produce in stock which the farmer is willing to sell.
2782,403,Extension,Which system of farming involves a group of farmers working together and sharing resources?,Individual farming,Capitalistic farming,Cooperative farming,State farming,None of these,C,Cooperative farming involves a group of farmers working together and sharing resources to improve their farming practices.
2783,403,Extension,What does a B:C ratio greater than one indicate in agriculture?,The project is not beneficial,The project is beneficial,The project needs more investment,The project is at break-even point,None of these,B,"A B:C ratio greater than one indicates that the gross income is higher than the total cost of cultivation, making the project beneficial."
2784,403,Extension,Which curve shows combinations of two commodities that derive equal satisfaction to the consumer?,Iso-product curve,Indifference curve,Supply curve,Demand curve,None of these,B,An indifference curve shows combinations of two commodities that derive equal satisfaction to the consumer.
2785,403,Extension,What is the primary characteristic of diversified farming?,Income from a single product is more than 50%,Income from a single product is less than 50%,Income from multiple products is equal,Income from a single product is exactly 50%,None of these,B,Diversified farming is characterized by a farm where the income from a single product is less than 50% of the total income.
2786,403,Extension,Which type of cooperative farming involves farmers collectively owning and managing the farmland?,Cooperative better farming,Cooperative joint farming,Cooperative tenant farming,Cooperative collective farming,None of these,D,Cooperative collective farming involves farmers collectively owning and managing the farmland.
2787,404,Extension,Which type of loan is typically used for purchasing seeds and fertilizers?,Short term loan,Medium term loan,Long term loan,Mortgage loan,None of these,A,"Short term loans are specifically designed for purchasing seeds, fertilizers, and meeting family requirements."
2788,404,Extension,What is the primary purpose of a medium-term loan in agriculture?,To purchase seeds and fertilizers,To purchase agricultural equipment and animals,To purchase land and farm buildings,To repay old loans,None of these,B,"Medium-term loans are used for purchasing agricultural equipment, animals, and land improvement equipment."
2789,404,Extension,Which of the following is an example of a fixed asset in agriculture?,Cash,Seed,Land,Fertilizer,None of these,C,Fixed assets are difficult to convert into cash and include items like land and buildings.
2790,404,Extension,In which stage of production does the Marginal Product (MP) become negative?,Stage I,Stage II,Stage III,Stage IV,None of these,C,"In Stage III, also known as the stage of negative return, the Total Product (TP) starts to decline and the Marginal Product (MP) becomes negative."
2791,404,Extension,What is a characteristic of the rational zone in the stages of production?,MP increases at first then decreases,AP increases throughout the stage,AP starts to diminish while MP continues to decrease,Elasticity is more than one,None of these,C,"In the rational zone (Stage II), the Average Product (AP) starts to diminish while the Marginal Product (MP) continues to decrease, although it remains positive."
2792,404,Extension,Which stage of production is known for having elasticity more than one?,Stage I,Stage II,Stage III,Stage IV,None of these,A,"Stage I, also called the irrational zone, is characterized by having elasticity more than one."
2793,404,Extension,What type of asset is farm machinery classified as?,Fixed asset,Current asset,Working asset,Liquid asset,None of these,C,"Farm machinery is classified as a working asset, which is less liquid than current assets but more liquid than fixed assets."
2794,405,Extension,Which institution is responsible for maintaining financial stability in India?,Reserve Bank of India (RBI),State Bank of India (SBI),Agricultural Marketing (AGMARK),Bureau of Indian Standards (BIS),None of these,A,The Reserve Bank of India (RBI) is explicitly stated to maintain financial stability in India.
2795,405,Extension,Which organization ensures that a product is environment friendly?,AGMARK,ECOMARK,BIS,SBI,None of these,B,ECOMARK is given to ensure that the product is environment friendly.
2796,405,Extension,When was the State Bank of India (SBI) established?,1935,1955,1937,1987,None of these,B,The State Bank of India (SBI) was established in 1955.
2797,405,Extension,Which mark indicates the purity and quality of agricultural products?,ECOMARK,BIS,AGMARK,RBI,None of these,C,"AGMARK is the label given under the Central Agricultural Produce (Grading & Marking) Act, 1937, indicating purity and quality."
2798,405,Extension,Who is the current governor of the Reserve Bank of India (RBI)?,Dinesh Kumar Khara,Shaktikanta Das,Narendra Modi,Raghuram Rajan,None of these,B,Shaktikanta Das is the current governor of the Reserve Bank of India (RBI).
2799,405,Extension,Which institution provides a third-party guarantee to the buyer regarding the quality of goods?,AGMARK,ECOMARK,Bureau of Indian Standards (BIS),State Bank of India (SBI),None of these,C,The Bureau of Indian Standards (BIS) provides a third-party guarantee to the buyer that the goods are made in accordance with the provenance of Indian standards.
2800,405,Extension,Where is the headquarters of the State Bank of India (SBI) located?,New Delhi,Chennai,Mumbai,Kolkata,None of these,C,The headquarters of the State Bank of India (SBI) is located in Mumbai.
2801,406,Extension,Which organization was previously known as ISI (Indian Standards Institution)?,Bureau of Indian Standards (BIS),International Organization for Standardization (ISO),Food Corporation of India (FCI),National Bank For Agriculture and Rural Development (NABARD),None of these,A,The Bureau of Indian Standards (BIS) was earlier named as ISI (Indian Standards Institution) established in 1947.
2802,406,Extension,What is the primary responsibility of the Food Corporation of India (FCI)?,To promote universal standards,To provide indirect finance to rural communities,Storage of agricultural commodities,To enhance export of processed agricultural products,None of these,C,The main responsibility of the Food Corporation of India (FCI) is the storage of agricultural commodities in the country.
2803,406,Extension,When was the National Bank For Agriculture and Rural Development (NABARD) established?,"14, Jan., 1965","12, July, 1982","8, Aug., 1988","1, Jan., 1995",None of these,B,"NABARD was established on 12, July, 1982 for agriculture and rural development by refinance."
2804,406,Extension,What was the former name of the World Trade Organization (WTO)?,International Organization for Standardization (ISO),General Agreement on Tariffs & Trade (GATT),National Institute of Agriculture Marketing (NIAM),Tribal Co-operative Marketing Federation (TRIFED),None of these,B,The World Trade Organization (WTO) was earlier named as General Agreement on Tariffs & Trade (GATT).
2805,406,Extension,Which organization is responsible for enhancing the export of processed agricultural products?,Food Corporation of India (FCI),National Bank For Agriculture and Rural Development (NABARD),Agricultural & Processed Food Products Export Development Authority (APEDA),National Institute of Agriculture Marketing (NIAM),None of these,C,The Agricultural & Processed Food Products Export Development Authority (APEDA) is responsible for enhancing the export of processed agricultural products.
2806,406,Extension,What is the main function of the Tribal Co-operative Marketing Federation (TRIFED)?,To provide specified trainings in agriculture marketing,To develop the system of marketing of forest products in tribal communities,To promote universal standards,To provide indirect finance to rural communities,None of these,B,The main function of the Tribal Co-operative Marketing Federation (TRIFED) is to develop the system of marketing of forest products in tribal communities.
2807,406,Extension,When was the National Institute of Agriculture Marketing (NIAM) renamed as Choudhary Charan Singh National Institute of Ag. Marketing (CCS-NIAM)?,1987,1988,1986,1982,None of these,B,The National Institute of Agriculture Marketing (NIAM) was renamed as Choudhary Charan Singh National Institute of Ag. Marketing (CCS-NIAM) in 1988.
2808,407,Agricultural Economics,Which organization recommends the Minimum Support Price (MSP) in India?,Commission on Agricultural Cost & Price (CACP),Directorate of Marketing and Inspection (DMI),Planning Commission,Land Development Bank,None of these,A,The Commission on Agricultural Cost & Price (CACP) is responsible for recommending the Minimum Support Price (MSP) in India.
2809,407,Agricultural Economics,When was the cooperative movement started in India?,1904,1937,1950,1965,None of these,A,The cooperative movement in India was started in 1904.
2810,407,Agricultural Economics,Which factor in farm production is considered passive?,Capital,Labor,Land,Management,None of these,A,"In farm production, capital is considered the passive factor."
2811,407,Agricultural Economics,What type of tax is VAT (Value Added Tax)?,Indirect tax,Direct tax,Progressive tax,Regressive tax,None of these,A,VAT (Value Added Tax) is an indirect tax.
2812,407,Agricultural Economics,What is the period of the agricultural year in India?,1st June to 31st May,1st April to 31st March,1st January to 31st December,1st July to 30th June,None of these,A,The agricultural year in India is from 1st June to 31st May.
2813,407,Agricultural Economics,Which type of market is considered a perfect market?,Retail markets,Wholesale markets,Commodity markets,Stock markets,None of these,A,Retail markets are considered to be perfect markets.
2814,407,Agricultural Economics,When is the total utility maximum?,When marginal utility is zero,When marginal utility is positive,When marginal utility is negative,When marginal utility is increasing,None of these,A,Total utility is maximum when marginal utility is zero.
2815,408,Agricultural Economics,The Principle of Equi-marginal returns is applied when:,Resources are limited,The prices of resources are low,The prices of resources are high,Resources are abundant,None of these,A,"The Principle of Equi-marginal returns is applied when resources are limited, as it helps in allocating resources in a way that maximizes utility or output."
2816,408,Agricultural Economics,NABARD was established based on the recommendation of:,Shivaraman committee,Narsimham committee,CRAFICARD committee,Both A and C,None of these,D,NABARD was established based on the recommendation of both the Shivaraman committee and the CRAFICARD committee.
2817,408,Agricultural Economics,The ownership sharing pattern of RRBs (Regional Rural Banks) is:,"Government of India (50%), Nationalized Banks (35%), State Government (15%)","Government of India (35%), Nationalized Banks (50%), State Government (15%)","Government of India (50%), Nationalized Banks (15%), State Government (35%)","Government of India (35%), Nationalized Banks (15%), State Government (50%)",None of these,A,"The ownership sharing pattern of RRBs is Government of India (50%), Nationalized Banks (35%), and State Government (15%)."
2818,408,Agricultural Economics,The International Bank for Reconstruction and Development (IBRD) is also known as:,World Bank,International Monetary Fund,Asian Development Bank,United Nations Development Programme,None of these,A,The International Bank for Reconstruction and Development (IBRD) is also known as the World Bank.
2819,408,Agricultural Economics,A market structure with a large number of firms selling differentiated products is called:,Monopolistic competition,Perfect competition,Oligopoly,Monopoly,None of these,A,A market structure with a large number of firms selling differentiated products is called monopolistic competition.
2820,408,Agricultural Economics,The most important principle of farm management is:,Law of diminishing return,Law of increasing returns,Law of constant returns,Law of variable proportions,None of these,A,"The most important principle of farm management is the Law of diminishing return, which states that as one input is increased while others are held constant, the additional output will eventually decrease."
2821,408,Agricultural Economics,The apex body for institutional finance for agriculture in India is:,NABARD,RRBs,IBRD,NIAP,None of these,A,The apex body for institutional finance for agriculture in India is NABARD (National Bank for Agriculture and Rural Development).
2822,409,Agricultural Economics,What term describes all possible combinations of two inputs that can be purchased with a given amount of funds?,Isocost line,Isoquant curve,Budget constraint,Production possibility frontier,None of these,A,An isocost line represents all possible combinations of two inputs that can be purchased with a given amount of funds.
2823,409,Agricultural Economics,What is the time gap between investment and return called?,Gestation period,Investment lag,Return interval,Maturity period,None of these,A,The gestation period refers to the time gap between making an investment and receiving returns from it.
2824,409,Agricultural Economics,Which factor does risk-bearing ability depend on?,Net worth,Gross income,Total assets,Liquid assets,None of these,A,Risk-bearing ability is determined by an individual's or entity's net worth.
2825,409,Agricultural Economics,"When total utility is at its maximum, what is the marginal utility?",Zero,Positive,Negative,One,None of these,A,"When total utility is at its maximum, marginal utility is zero because any additional consumption would not increase total utility."
2826,409,Agricultural Economics,What is Stage I of production also called?,Stage of increasing return,Stage of diminishing return,Stage of constant return,Stage of negative return,None of these,A,"Stage I of production is characterized by increasing returns, where each additional unit of input yields more output."
2827,409,Agricultural Economics,"In the case of fruits and vegetables, what is the marketed surplus nearly?",80%,60%,70%,90%,None of these,A,"For fruits and vegetables, the marketed surplus is nearly 80%, indicating a high proportion of the produce is sold in the market."
2828,409,Agricultural Economics,What type of market has only one seller of the produce?,Monopoly market,Oligopoly market,Perfect market,Regulated market,None of these,A,"A monopoly market is characterized by having only one seller of the produce, giving that seller significant market power."
2829,410,Agricultural Economics,What type of enterprise relationship is defined when one enterprise neither aids nor obstructs the production of another?,Supplementary,Complementary,Competitive,Dependent,None of these,A,The correct answer is Supplementary because it describes a neutral relationship where enterprises do not affect each other's production.
2830,410,Agricultural Economics,Which market deals with the trading of permanent or durable commodities?,Secular market,Commodity market,Stock market,Futures market,None of these,A,The correct answer is Secular market because it specifically refers to the market for permanent or durable goods.
2831,410,Agricultural Economics,Which of the following is an example of a complementary enterprise?,Crop farming and milk production,Car manufacturing and steel production,Software development and hardware manufacturing,Textile manufacturing and clothing retail,None of these,A,The correct answer is Crop farming and milk production because these two enterprises can support and complement each other in agricultural practices.
2832,410,Agricultural Economics,Under which category are non-actionable subsidies like those on agricultural research and plant protection chemicals counted in WTO?,Green box,Blue box,Amber box,Red box,None of these,A,The correct answer is Green box because it includes subsidies that are non-actionable and generally permitted under WTO rules.
2833,410,Agricultural Economics,In which year was the Agriculture Produce (Grading and Marketing) Act passed?,1937,1947,1957,1967,None of these,A,The correct answer is 1937 because this is the year the Agriculture Produce (Grading and Marketing) Act was enacted.
2834,410,Agricultural Economics,Which act was passed in 1904 related to cooperative credit societies?,Co-operative Credit Societies Act,Agriculture Produce Act,Farmers' Loan Act,Rural Credit Act,None of these,A,The correct answer is Co-operative Credit Societies Act because it was passed in 1904 to regulate cooperative credit societies.
2835,410,Agricultural Economics,What does the Human Development Index (HDI) measure?,"Standard of living, educational opportunities, and longevity of citizens","Economic growth, industrial output, and agricultural production","Population growth, urbanization, and technological advancement","Environmental sustainability, healthcare access, and employment rates",None of these,A,"The correct answer is Standard of living, educational opportunities, and longevity of citizens because these are the key components measured by the Human Development Index (HDI)."
2836,411,Agricultural Economics,Which tax is collected by the Central Government for sales within the same state?,CGST,SGST,IGST,Both CGST and SGST,None of these,A,CGST is collected by the Central Government on an intra-state sale.
2837,411,Agricultural Economics,Who collects SGST?,Central Government,State Government,Both Central and State Governments,Local Government,None of these,B,SGST is collected by the State Government on an intra-state sale.
2838,411,Agricultural Economics,Which tax applies to sales between two different states?,CGST,SGST,IGST,Both CGST and SGST,None of these,C,IGST is collected by the Central Government for inter-state sales.
2839,411,Agricultural Economics,"If a sale occurs within Rajasthan, which taxes are applicable?",CGST only,SGST only,Both CGST and SGST,IGST only,None of these,C,"For intra-state sales like those within Rajasthan, both CGST and SGST are applicable."
2840,411,Agricultural Economics,Which government body collects IGST?,State Government,Local Government,Central Government,Both State and Local Governments,None of these,C,IGST is collected by the Central Government for inter-state sales.
2841,411,Agricultural Economics,What does IGST stand for in the context of inter-state sales?,Intra-State Goods and Services Tax,Inter-State Goods and Services Tax,Integrated Goods and Services Tax,Internal Goods and Services Tax,None of these,C,"IGST stands for Integrated Goods and Services Tax, which is collected by the Central Government for inter-state sales."
2842,411,Agricultural Economics,Which of the following is an example of an inter-state sale?,Sale within Rajasthan,Sale within Gujarat,Sale from Rajasthan to Gujarat,Sale within a Union Territory,None of these,C,An example of an inter-state sale is a sale from Rajasthan to Gujarat.
2843,412,Agricultural Economics,Who is known as the father of vital statistics?,Captain John Grant,W.S. Gosset,R.A. Fisher,Karl Pearson,None of these,A,Captain John Grant is historically recognized as the father of vital statistics.
2844,412,Agricultural Economics,What is the purpose of randomization in field experiments?,To control variance,To increase sample size,To reduce mean,To eliminate standard deviation,None of these,A,Randomization in field experiments is used to control variance and ensure unbiased results.
2845,412,Agricultural Economics,Which measure of dispersion is unitless?,Range,Variance,Standard Deviation,Coefficient of Variation,None of these,D,Coefficient of Variation (C.V.) is a unitless measure of dispersion.
2846,412,Agricultural Economics,Which statistical test is applicable when the number of treatments is exactly two?,Chi-square test,F test,T test,ANOVA,None of these,C,The T test is specifically used when comparing exactly two treatments.
2847,412,Agricultural Economics,What is the range of the correlation coefficient?,0 to 1,-1 to +1,-∞ to +∞,0 to ∞,None of these,B,"The correlation coefficient ranges between -1 and +1, indicating the strength and direction of a linear relationship."
2848,412,Agricultural Economics,Which design is commonly used in field experiments?,Completely Randomized Design,Latin Square Design,Randomized Block Design,Factorial Design,None of these,C,Randomized Block Design (RBD) is commonly used in field experiments due to its flexibility and wide range of applicable treatments.
2849,412,Agricultural Economics,What is the minimum degree of freedom for error in ANOVA?,6,12,10,8,None of these,B,"The minimum degree of freedom for error in ANOVA is 12, ensuring reliable results."
2850,413,Agricultural Economics,What is the minimum sample size required for using the x² test?,30,40,50,60,None of these,C,"The minimum sample size for using the x² test is 50, as it ensures the reliability of the test results."
2851,413,Agricultural Economics,Which statistical measure is used to find the average size of shoes sold in the market?,Mean,Median,Mode,Range,None of these,C,Mode is used to find the average size of shoes sold in the market because it represents the most frequently occurring value.
2852,413,Agricultural Economics,What is used to present the whole data by a single value?,Measure of dispersion,Measure of central tendency,Measure of skewness,Measure of kurtosis,None of these,B,Measure of central tendency is used to present the whole data by a single value as it represents the center of the data set.
2853,413,Agricultural Economics,Which technique is used to recover some lost information during experimentation?,Split Plot Design,Missing Plot Technique,Latin Square Design,Randomized Block Design,None of these,B,Missing Plot Technique is used to recover some lost information during experimentation by estimating the missing values.
2854,413,Agricultural Economics,Which design is used to study the effect of two or more factors requiring different plot sizes?,Completely Randomized Design,Randomized Block Design,Split Plot Design,Latin Square Design,None of these,C,Split Plot Design is used to study the effect of two or more factors requiring different plot sizes as it allows for different levels of precision for different factors.
2855,413,Agricultural Economics,Which measure of dispersion is most important for quality control in industries?,Variance,Standard Deviation,Range,Interquartile Range,None of these,C,Range is the most important measure of dispersion for quality control in industries as it provides a simple measure of variability.
2856,413,Agricultural Economics,What will be the standard deviation if all the variate values are negative?,Negative,Positive,Zero,Undefined,None of these,B,"The standard deviation will be positive even if all the variate values are negative because it measures the dispersion of values from the mean, regardless of their sign."
2857,414,Agricultural Economics,Which method is used to reduce experimental error with heterogeneous material?,More replication & use of local control,Increasing sample size,Random sampling,Stratified sampling,None of these,A,More replication and the use of local control are specifically mentioned as methods to reduce experimental error with heterogeneous material.
2858,414,Agricultural Economics,What is the term for the lack of homogeneity in the size of distribution?,Variance,Dispersion,Standard deviation,Kurtosis,None of these,B,Dispersion is defined as the lack of homogeneity in the size of distribution.
2859,414,Agricultural Economics,Which measure of dispersion is least affected by fluctuation of sampling?,Range,Variance,Standard deviation,Mean deviation,None of these,C,Standard deviation is the measure of dispersion that is affected least by fluctuation of sampling.
2860,414,Agricultural Economics,"If the kurtosis of a distribution is less than 3, what is it called?",Leptokurtic curve,Mesokurtic curve,Platykurtic curve,Normal curve,None of these,C,A distribution with kurtosis less than 3 is called a Platykurtic curve.
2861,414,Agricultural Economics,What is the term for the number of independent constraints in a set of observations?,Variance,Degree of freedom,Standard error,Confidence interval,None of these,B,The number of independent constraints in a set of observations is called the degree of freedom.
2862,414,Agricultural Economics,Which test is used to judge whether a theory fits well in practice?,T-test,F-test,Chi-square test,Z-test,None of these,C,The Chi-square test is used to judge whether a theory fits well in practice.
2863,414,Agricultural Economics,What type of correlation exists between the price and demand of a commodity?,Positive,Negative,No correlation,Perfect correlation,None of these,B,The correlation between the price and demand of a commodity is negative.
2864,415,Agricultural Economics,Which measure of central tendency is most appropriate for qualitative data such as intelligence and honesty?,Mean,Median,Mode,Harmonic mean,None of these,B,The median is used for qualitative data such as intelligence and honesty because it represents the middle value in an ordered list.
2865,415,Agricultural Economics,"What is the mode in the following dataset: 4, 7, 6, 5, 4, 6, 4?",4,5,6,7,None of these,A,"The mode is the value that occurs most frequently in a dataset. In this case, the number 4 appears three times, which is more frequent than any other number."
2866,415,Agricultural Economics,"Which measure of central tendency is used for finding the average speed, distance, and rate?",Mean,Median,Mode,Harmonic mean,None of these,D,"The harmonic mean is specifically used to find average speed, distance, and rate because it is the reciprocal of the arithmetic mean."
2867,415,Agricultural Economics,"In a symmetrical distribution, which of the following relationships is true?",Mean > Mode > Median,Mean < Mode < Median,Mean = Mode = Median,Mean - Mode = 3(Mean - Median),None of these,C,"In a symmetrical distribution, the mean, mode, and median are all equal."
2868,415,Agricultural Economics,What is the formula for the range in a dataset?,Largest value + Smallest value,Largest value - Smallest value,Smallest value - Largest value,Largest value / Smallest value,None of these,B,The range is calculated as the difference between the largest and smallest values in a dataset.
2869,415,Agricultural Economics,Which measure of dispersion is defined as the square root of the arithmetic mean?,Range,Mean deviation,Standard deviation,Quartile range,None of these,C,Standard deviation is defined as the square root of the arithmetic mean of the squared deviations from the mean.
2870,415,Agricultural Economics,"What is the empirical relationship between mean, mode, and median in a skewed distribution?",Mean = Mode = Median,Mean - Mode = 3(Mean - Median),Mean + Mode = 3(Mean + Median),Mean / Mode = 3(Mean / Median),None of these,B,"In a skewed distribution, the empirical relationship is given by Mean - Mode = 3(Mean - Median)."
2871,416,Agricultural Economics,Who proposed the term 'variance'?,Karl Pearson,R.A. Fisher,Isaac Newton,Albert Einstein,None of these,B,The term 'variance' was proposed by R.A. Fisher as mentioned in the source.
2872,416,Agricultural Economics,What is the formula for the Coefficient of Variation (C.V.)?,C.V. = Mean/S.D.,C.V. = S.D./Mean,C.V. = Variance/Mean,C.V. = Mean/Variance,None of these,B,The formula for the Coefficient of Variation (C.V.) is given by C.V. = S.D./Mean.
2873,416,Agricultural Economics,What does a higher value of Coefficient of Variation (C.V.) indicate?,Less variability and more homogeneity,More variability and less homogeneity,No variability and complete homogeneity,Equal variability and homogeneity,None of these,B,A higher value of C.V. indicates more variability and less homogeneity in the data.
2874,416,Agricultural Economics,What is the relationship between Standard Deviation (S.D.) and Variance?,Variance is the square of S.D.,S.D. is the square of Variance,Variance is the square root of S.D.,S.D. is the square root of Variance,None of these,D,Standard Deviation (S.D.) is the square root of Variance.
2875,416,Agricultural Economics,What is the first central moment always equal to?,1,Mean,0,Variance,None of these,C,The first central moment is always equal to 0.
2876,416,Agricultural Economics,"Which moments are used to describe characteristics like central tendency, variance, skewness, and kurtosis?",Raw moments,Central moments,Arbitrary moments,Standard moments,None of these,B,"Central moments are used to describe characteristics like central tendency, variance, skewness, and kurtosis."
2877,416,Agricultural Economics,What is the symbol used to denote Standard Deviation?,μ,σ,α,β,None of these,B,The symbol used to denote Standard Deviation is σ (sigma).
2878,417,Agricultural Economics,What is the value of the 0th central moment?,0,1,Mean,Variance,None of these,B,"The 0th central moment is always one because any number raised to the power of 0 is 1, and the sum of 1/N * F_i * 1 is 1."
2879,417,Agricultural Economics,What does the first central moment represent?,Mean,0,Variance,Skewness,None of these,B,"The first central moment is always zero because it measures the deviation from the mean, which sums to zero."
2880,417,Agricultural Economics,Which central moment gives an idea about measures of dispersion?,0th central moment,1st central moment,2nd central moment,3rd central moment,None of these,C,The 2nd central moment gives an idea about measures of dispersion because it represents the variance.
2881,417,Agricultural Economics,What does the 3rd central moment measure?,Mean,Variance,Skewness,Kurtosis,None of these,C,"The 3rd central moment measures skewness, which indicates whether the curve is symmetrical or not."
2882,417,Agricultural Economics,What does the 4th central moment represent?,Mean,Variance,Skewness,Kurtosis,None of these,D,"The 4th central moment represents kurtosis, which measures the 'tailedness' of the probability distribution."
2883,417,Agricultural Economics,"In a symmetric frequency distribution, which of the following is true?",Mean > Median > Mode,Mean < Median < Mode,Mean = Median = Mode,Mean = Median ≠ Mode,None of these,C,"In a symmetric frequency distribution, the mean, median, and mode are all equal."
2884,417,Agricultural Economics,What is the definition of skewness?,Measure of central tendency,Measure of dispersion,Departure from symmetry,Measure of kurtosis,None of these,C,Skewness is defined as the departure from symmetry or lack of symmetry of a frequency distribution.
2885,418,Agricultural Economics,"In a positively skewed distribution, which of the following relationships is correct?",Mean > Median > Mode,Mode > Median > Mean,Mean < Median < Mode,Mode < Median < Mean,None of these,A,"In a positively skewed distribution, the mean is greater than the median, which in turn is greater than the mode."
2886,418,Agricultural Economics,Which of the following denotes a negative skewness?,Mean > Median > Mode,Mode > Median > Mean,Mean = Median = Mode,Mean < Median < Mode,None of these,B,"Negative skewness is indicated when the mode is greater than the median, which is greater than the mean."
2887,418,Agricultural Economics,What does a kurtosis value of less than 3 indicate?,Leptokurtic,Mesokurtic,Platykurtic,Symmetric distribution,None of these,C,"A kurtosis value of less than 3 indicates a platykurtic distribution, which has a flat peak and a broad base."
2888,418,Agricultural Economics,Which formula represents the Karl Pearson coefficient of skewness?,Mean - Mode / SD,Mean + Mode / SD,Median - Mode / SD,Mean - Median / SD,None of these,A,The Karl Pearson coefficient of skewness is calculated using the formula: (Mean - Mode) / Standard Deviation (SD).
2889,418,Agricultural Economics,What type of distribution is characterized by a narrow peak and base?,Leptokurtic,Mesokurtic,Platykurtic,Symmetric,None of these,A,"A leptokurtic distribution is characterized by a narrow peak and base, with a kurtosis value greater than 3."
2890,418,Agricultural Economics,Which of the following is an example of a discrete distribution?,Normal distribution,Binomial distribution,Exponential distribution,Uniform distribution,None of these,B,A binomial distribution is an example of a discrete distribution where the variable can take only integer values.
2891,418,Agricultural Economics,What is the kurtosis value for a mesokurtic distribution?,Less than 3,Greater than 3,Equal to 3,Equal to 0,None of these,C,"A mesokurtic distribution, which is a normal curve, has a kurtosis value equal to 3."
2892,419,Agricultural Statistics,Who introduced the Binomial distribution?,James Bernoulli,S.D. Poisson,Isaac Newton,Blaise Pascal,None of these,A,James Bernoulli introduced the Binomial distribution in 1700 A.D.
2893,419,Agricultural Statistics,What are the two possible outcomes of a Bernoulli trial?,Success and Failure,Win and Lose,Pass and Fail,True and False,None of these,A,A Bernoulli trial has only two outcomes: success and failure.
2894,419,Agricultural Statistics,What is the probability mass function of a Binomial distribution?,P(x) = (n/x) P^X . q^(n-x),P(x) = e^-∞ . ∞^x,P(x) = npq,P(x) = (n/x) P^X,None of these,A,The probability mass function of a Binomial distribution is given by P(x) = (n/x) P^X . q^(n-x).
2895,419,Agricultural Statistics,What is the arithmetic mean of a Binomial distribution?,np,npq,n-p,n+p,None of these,A,The arithmetic mean (μ₁) of a Binomial distribution is np.
2896,419,Agricultural Statistics,What does the Poisson distribution represent?,A limiting case of Binomial Distribution,A type of Normal Distribution,A type of Uniform Distribution,A type of Exponential Distribution,None of these,A,The Poisson distribution is a limiting case of the Binomial Distribution where n tends to infinity and p tends to zero.
2897,419,Agricultural Statistics,What is the probability mass function of a Poisson distribution?,P(x) = e^-∞ . ∞^x,P(x) = (n/x) P^X . q^(n-x),P(x) = npq,P(x) = (n/x) P^X,None of these,A,The probability mass function of a Poisson distribution is given by P(x) = e^-∞ . ∞^x.
2898,419,Agricultural Statistics,What is the relationship between mean and variance in a Binomial Distribution?,Mean > Variance,Mean < Variance,Mean = Variance,No relationship,None of these,A,"In a Binomial Distribution, the mean is greater than the variance."
2899,420,Agricultural Statistics,What is the value of e in the context of Poisson Distribution (P.D)?,2.718,3.141,1.618,2.414,None of these,A,The value of e is given as 2.718 in the context of Poisson Distribution.
2900,420,Agricultural Statistics,Which of the following is an example of Poisson Distribution?,Number of deaths from a disease,Height of students in a class,Weight of apples in a basket,Temperature variations in a day,None of these,A,Number of deaths from a disease is a classic example of Poisson Distribution as it counts the number of occurrences of an event in a fixed interval.
2901,420,Agricultural Statistics,What is the relationship between Mean and Variance in Poisson Distribution?,Mean = Variance,Mean > Variance,Mean < Variance,Mean + Variance = 1,None of these,A,"In Poisson Distribution, the Mean is equal to the Variance."
2902,420,Agricultural Statistics,What is the shape of the curve for Normal Distribution?,Bell shaped,U shaped,V shaped,S shaped,None of these,A,The curve of Normal Distribution is bell shaped.
2903,420,Agricultural Statistics,What is the coefficient of skewness for Normal Distribution?,Zero,One,Negative One,Two,None of these,A,The coefficient of skewness for Normal Distribution is Zero because it is symmetric about the mean.
2904,420,Agricultural Statistics,What is the range of Normal Distribution?,-∞ to +∞,0 to 1,-1 to 1,0 to ∞,None of these,A,The range of Normal Distribution is from -∞ to +∞.
2905,420,Agricultural Statistics,Who discovered the Normal Distribution?,de Moivre,Newton,Einstein,Galileo,None of these,A,Normal Distribution was discovered by de Moivre in 1733.
2906,421,Agricultural Statistics,What is the practical range of the given data set?,6Ā,4/5Ā,2/3Ā,1Ā,None of these,A,The practical range of the given data set is explicitly mentioned as 6Ā.
2907,421,Agricultural Statistics,Which statistical measure is crucial for setting control limits in industries?,Mean deviation,Quartile deviation,Normal distribution,Correlation coefficient,None of these,C,Normal distribution is mentioned as crucial for setting control limits in industries.
2908,421,Agricultural Statistics,What does a correlation coefficient of -1 indicate?,Perfect positive correlation,No correlation,Perfect negative correlation,Partial correlation,None of these,C,"A correlation coefficient of -1 indicates a perfect negative correlation, where variables move in opposite directions."
2909,421,Agricultural Statistics,Which type of correlation involves studying more than two variables but keeping the effect of other variables constant?,Simple correlation,Partial correlation,Multiple correlation,Linear correlation,None of these,B,Partial correlation involves studying more than two variables but keeping the effect of other variables constant.
2910,421,Agricultural Statistics,What type of correlation is observed when the amount of change in one variable does not bear a constant ratio to the amount of change in the other variable?,Linear correlation,Non-linear correlation,Simple correlation,Multiple correlation,None of these,B,Non-linear correlation is observed when the amount of change in one variable does not bear a constant ratio to the amount of change in the other variable.
2911,421,Agricultural Statistics,Which statistical measure summarizes the direction and degree of correlation between two variables?,Mean deviation,Quartile deviation,Correlation coefficient,Normal distribution,None of these,C,The correlation coefficient summarizes the direction and degree of correlation between two variables.
2912,421,Agricultural Statistics,What is the range of possible values for a correlation coefficient?,0 to 1,-1 to 1,-1 to 0,0.5 to 1,None of these,B,The range of possible values for a correlation coefficient is from -1 to 1.
2913,422,Agricultural Statistics,Who first used the term 'regression'?,Sir Francis Galton,R.A. Fisher,Karl Pearson,Charles Darwin,None of these,A,Sir Francis Galton first used the term 'regression' in 1877.
2914,422,Agricultural Statistics,What is the range of the regression coefficient?,0 to +∞,-∞ to +∞,-1 to +1,0 to -∞,None of these,B,The range of the regression coefficient varies between -∞ to +∞.
2915,422,Agricultural Statistics,Which transformation is used for countable data with small values between 0-10?,Logarithmic transformation,Square root transformation,Angular transformation,Exponential transformation,None of these,B,Square root transformation is used when countable data have small values between 0-10.
2916,422,Agricultural Statistics,What does a correlation coefficient of zero indicate?,Strong positive relationship,Strong negative relationship,No relationship,Perfect relationship,None of these,C,A correlation coefficient of zero indicates the absence of any relationship between the variables.
2917,422,Agricultural Statistics,Which transformation is suitable for data following a binomial distribution?,Square root transformation,Logarithmic transformation,Angular transformation,Linear transformation,None of these,C,Angular or arcsine transformation is used for data following a binomial distribution.
2918,422,Agricultural Statistics,What is the null hypothesis denoted by?,H₁,H₀,H₂,H₃,None of these,B,The null hypothesis is denoted by H₀.
2919,422,Agricultural Statistics,Which transformation is used when variation in countable data is large?,Square root transformation,Logarithmic transformation,Angular transformation,Exponential transformation,None of these,B,Logarithmic transformation is used when variation in countable data is large.
2920,423,Agricultural Statistics,Which type of error is denoted by Beta (β)?,Rejecting H₀ when it is true,Accepting H₀ when it is false,Accepting H₁ when it is false,Rejecting H₁ when it is true,None of these,B,"Type 2 error, denoted by Beta (β), involves accepting the null hypothesis (H₀) when it is false or rejecting the alternative hypothesis (H₁) when it is true."
2921,423,Agricultural Statistics,What is the maximum probability of committing a Type 1 error known as?,Degree of freedom,Level of significance,Chi-square test,Beta error,None of these,B,"The maximum probability of committing a Type 1 error is known as the level of significance, denoted by Alpha (α)."
2922,423,Agricultural Statistics,Which test is used for enumerated or non-parametric/qualitative data in Mendelian or population genetics?,T-test,F-test,Chi-square test,ANOVA,None of these,C,The Chi-square (x²) test is used for enumerated or non-parametric/qualitative data in Mendelian or population genetics.
2923,423,Agricultural Statistics,What is the formula for calculating the degrees of freedom (D.F.)?,D.F. = N + K,D.F. = N - K,D.F. = N * K,D.F. = N / K,None of these,B,"The formula for calculating the degrees of freedom (D.F.) is D.F. = N - K, where N is the total number of items and K is the total number of constraints."
2924,423,Agricultural Statistics,What is the range of the Chi-square (x²) test?,-∞ to +∞,0 to 1,0 to ∞,-1 to 1,None of these,C,The range of the Chi-square (x²) test is from 0 to ∞.
2925,423,Agricultural Statistics,Which of the following is NOT a condition for applying the Chi-square test?,Total sample size should be 50,Expected frequency of each class should be less than 5,Sample observations should be independent,Expected frequency of each class should not be less than 5,None of these,B,One of the conditions for applying the Chi-square test is that the expected frequency of each class should not be less than 5.
2926,423,Agricultural Statistics,Which of the following is an application of the Chi-square test?,To test the goodness of fit,To calculate the mean of a dataset,To determine the standard deviation,To perform linear regression,None of these,A,One of the applications of the Chi-square test is to test the goodness of fit.
2927,424,Agricultural Statistics,Which test is appropriate when the sample size exceeds 30?,Z test,Student t-test,Chi-square test,ANOVA,None of these,A,The Z test is used for large samples (>30) as stated in the source.
2928,424,Agricultural Statistics,Who introduced the Student t-test in 1905?,R.A. Fisher,WS Gosset,Karl Pearson,Ronald Fisher,None of these,B,"WS Gosset introduced the Student t-test in 1905, as mentioned."
2929,424,Agricultural Statistics,What is the main purpose of replication in field experiments?,Reduce cost,Increase precision and estimate error,Ensure random allocation,Create blocks,None of these,B,Replication increases precision and helps estimate experimental error.
2930,424,Agricultural Statistics,Which principle involves allocating treatments to experimental units by a random process?,Replication,Randomization,Blocking,Treatment,None of these,B,Randomization is the allocation of treatments by a random process.
2931,424,Agricultural Statistics,The process of dividing experimental material into homogeneous groups to reduce error is known as?,Randomization,Replication,Blocking (local control/error control),Treatment,None of these,C,"Blocking, also called local control, reduces experimental error."
2932,424,Agricultural Statistics,"In a field experiment, what is a treatment?",Experimental unit,Block,Treatment,Experimental error,None of these,C,A treatment is the object of comparison in an experiment.
2933,424,Agricultural Statistics,Variation in data due to uncontrolled factors is called?,Treatment effect,Random error,Experimental error,Systematic error,None of these,C,Experimental error refers to variation from uncontrolled factors.
2934,425,Agricultural Statistics,Who developed the concept of Analysis of Variance (ANOVA)?,R.A. Fisher,Gregor Mendel,Charles Darwin,Francis Galton,None of these,A,"R.A. Fisher developed the concept of Analysis of Variance (ANOVA), a statistical technique for partitioning total variation into component variations."
2935,425,Agricultural Statistics,Which experimental design provides the maximum number of degrees of freedom for error?,CRD,RBD,LSD,Factorial Design,None of these,A,Completely Randomized Design (CRD) provides the maximum number of degrees of freedom for error for a given number of treatments compared to other designs.
2936,425,Agricultural Statistics,In which design is local control not used?,CRD,RBD,LSD,Split Plot Design,None of these,A,Local control is not used in Completely Randomized Design (CRD).
2937,425,Agricultural Statistics,Which design is most commonly used in field experiments?,CRD,RBD,LSD,Augmented Design,None of these,B,Randomized Block Design (RBD) is the most commonly used design in field experiments.
2938,425,Agricultural Statistics,What is the error degree of freedom in RBD?,(n-1) x (r-1),N - n,(n-1) x r,n x (r-1),None of these,A,The error degree of freedom in Randomized Block Design (RBD) is given by (n-1) x (r-1).
2939,425,Agricultural Statistics,Which design is suitable when the fertility gradient in the field is in two directions?,CRD,RBD,LSD,Strip Plot Design,None of these,C,Latin Square Design (LSD) is suitable when the fertility gradient in the field is in two directions.
2940,425,Agricultural Statistics,What is the term 'square' referring to in Latin Square Design (LSD)?,The number of rows and columns are equal,The design is used in square fields,The treatments are arranged in a square pattern,The design involves square plots,None of these,A,"In Latin Square Design (LSD), the term 'square' refers to the fact that the number of rows and columns are equal."
2941,426,Agricultural Statistics,"In a Latin Square Design, what is the formula for the error degrees of freedom?",(n-1) × (n-2),(n-1)²,(n-2)²,n × (n-1),None of these,A,The source states that the error degree of freedom in LSD is (n‑1) × (n‑2).
2942,426,Agricultural Statistics,Which situation is NOT listed as a condition for using a split plot design?,All factors are equally important,Factors of different nature are to be tested together,One factor shows larger differences than the other,Higher precision is required for one factor,None of these,A,"The source lists four conditions; none mentions that all factors must be equally important, making this the non‑listed case."
2943,426,Agricultural Statistics,Why are sub‑plot treatments applied in strips in a strip plot design?,Both factors require relatively large area,Sub‑plots are too small for randomization,Randomization is impossible in this layout,It reduces experimental error,None of these,A,"The source specifies that strip plot design is used when both factors need relatively large area, leading to strip application."
2944,426,Agricultural Statistics,What is the minimum error degree of freedom required according to the source?,12,5,10,15,None of these,A,The text explicitly states that the minimum error degree of freedom should be 12.
2945,426,Agricultural Statistics,Which design has the number of rows equal to the number of columns equal to the number of treatments?,Latin Square Design,Split Plot Design,Strip Plot Design,Randomized Complete Block Design,None of these,A,"The source describes this equality of rows, columns, and treatments as a characteristic of the Latin Square Design."
2946,426,Agricultural Statistics,How is a confidence limit defined in the source material?,The range within which the true population mean lies,The probability of committing a Type I error,The standard error of the sample mean,The variance of the observed data,None of these,A,The source defines confidence limit (or fiducially limit) as the range containing the true population mean.
2947,426,Agricultural Statistics,Biometry is best described as which of the following?,Application of statistical concepts and procedures to biological problems,Study of soil chemical composition,Measurement of crop yields only,Genetic engineering techniques,None of these,A,The source defines biometry as the application of statistical concepts and procedures to the study of biological problems.
2948,427,Agricultural Statistics,Which state in India is the largest producer of milk?,Uttar Pradesh,Rajasthan,Punjab,Gujarat,None of these,A,Uttar Pradesh is the largest producer of milk in India as per the data provided.
2949,427,Agricultural Statistics,What is the primary carbohydrate constituent of milk?,Lactose,Casein,Carotene,Glycerol,None of these,A,Lactose is the sugar constituent present in milk.
2950,427,Agricultural Statistics,Which element is milk deficient in?,Iron,Calcium,Phosphorus,Vitamin A,None of these,A,Milk is deficient in the element Iron.
2951,427,Agricultural Statistics,What is the main protein present in skin and connective tissues?,Collagen,Casein,Melanin,Carotene,None of these,A,Collagen is the main protein present in skin and connective tissues.
2952,427,Agricultural Statistics,Which state in India is the largest producer of wool?,Rajasthan,Uttar Pradesh,Punjab,Gujarat,None of these,A,"Rajasthan is the largest producer of wool in India, contributing to 35% of the total wool production."
2953,427,Agricultural Statistics,What is the temperature of an artificial vagina used in animal breeding?,42 °C,37 °C,45 °C,32 °C,None of these,A,The temperature of an artificial vagina used in animal breeding is 42 °C.
2954,427,Agricultural Statistics,What is the name of the world's first in vitro fertilized buffalo calf?,Pratham,Dolly,First,Clone,None of these,A,The world's first in vitro fertilized buffalo calf is named Pratham.
2955,428,Agricultural Statistics,Which mineral is responsible for causing Degnala and Alkali diseases in animals?,Selenium,Zinc,Manganese,Cobalt,None of these,A,Degnala and Alkali diseases are caused by the toxicity of Selenium.
2956,428,Agricultural Statistics,Which vitamin deficiency causes Crazy Chick disease in poultry?,Vitamin A,Vitamin D,Vitamin E,Vitamin K,None of these,C,Crazy Chick disease is caused by a deficiency of Vitamin E.
2957,428,Agricultural Statistics,Which breed of poultry is best suited for broiler purposes?,Leghorn,Plymouth Rock,Sussex,Rhode Island Red,None of these,B,The Plymouth Rock breed is excellent for broiler purposes due to its meat production capabilities.
2958,428,Agricultural Statistics,What is the primary reason a pregnant cow does not come into heat?,Presence of Corpus luteum,High levels of estrogen,Low levels of progesterone,Presence of oxytocin,None of these,A,"A pregnant cow does not come into heat due to the presence of the Corpus luteum, which secretes progesterone."
2959,428,Agricultural Statistics,Which fatty acid is essential for poultry?,Oleic acid,Linoleic acid,Palmitic acid,Stearic acid,None of these,B,Linoleic acid is the only essential fatty acid required by poultry.
2960,428,Agricultural Statistics,What is the fat content in double-toned milk?,0.5%,1.0%,1.5%,2.0%,None of these,C,Double-toned milk has a fat content of 1.5%.
2961,428,Agricultural Statistics,Which hormone is responsible for the let-down of milk in cows?,Prolactin,Estrogen,Oxytocin,Progesterone,None of these,C,The let-down of milk in cows is due to the secretion of Oxytocin.
2962,429,Agricultural Statistics,Which protein is soluble in water and heat coagulable?,Albumin,Casein,Globulin,Keratin,None of these,A,Albumin is specifically mentioned as the protein that is soluble in water and heat coagulable.
2963,429,Agricultural Statistics,What is the primary purpose of pasteurization?,To kill all pathogenic and most non-pathogenic bacteria,To increase the nutritional value of milk,To change the taste of milk,To make milk thicker,None of these,A,Pasteurization is done primarily to kill all pathogenic and most non-pathogenic bacteria.
2964,429,Agricultural Statistics,Which method of pasteurization involves exposing milk to 71-76.6°C for 15 seconds?,Low Temperature Long Time (LTLT),High Temperature Short Time (HTST),Ultra High Temperature (UHT),Flash Pasteurization,None of these,B,The High Temperature Short Time (HTST) method involves exposing milk to 71-76.6°C for 15 seconds.
2965,429,Agricultural Statistics,What is the term for a group of sheep?,Herd,Flock,Drove,Trip,None of these,B,A group of sheep is referred to as a flock.
2966,429,Agricultural Statistics,What is the body temperature of a cow in °C?,37.5,38.5,39.5,40.5,None of these,B,The body temperature of a cow is 38.5°C.
2967,429,Agricultural Statistics,What is the term for the meat of a goat?,Beef,Mutton,Chevon,Pork,None of these,C,The meat of a goat is called chevon.
2968,429,Agricultural Statistics,What is the term for the parturition process in pigs?,Calving,Lambing,Kidding,Farrowing,None of these,D,The parturition process in pigs is called farrowing.
2969,430,Agricultural Statistics,Which animal has the longest gestation period among the listed domestic animals?,Cattle,Buffaloes,Camel,Sow (pig),None of these,C,The camel has the longest gestation period of 391 days compared to other animals listed.
2970,430,Agricultural Statistics,Which animal has the highest normal body temperature?,Goat,Sheep,Pig,Hen,None of these,D,The hen has the highest normal body temperature of 41.7°C.
2971,430,Agricultural Statistics,What is the primary bacterial culture used in the conversion of milk into curd?,Bacillus subtilis,Pseudomonas fragi,Streptococcus lactis,Lactobacillus thermophilus,None of these,C,Streptococcus lactis is primarily used in the bacterial fermentation process to convert milk into curd.
2972,430,Agricultural Statistics,Which species has the highest fat content in its milk?,Cow,Buffalo,Goat,Sheep,None of these,B,Buffalo milk has the highest fat content at 7.38% by weight.
2973,430,Agricultural Statistics,What is the onset of puberty for female goats?,36-48 months,24-30 months,8-10 months,9-14 months,None of these,C,The onset of puberty for female goats (Does) is 8-10 months.
2974,430,Agricultural Statistics,Which animal has the shortest estrous cycle?,Cattle,Buffaloes,Camel,Sheep (Ewe),None of these,C,The camel has the shortest estrous cycle of 10 days.
2975,430,Agricultural Statistics,Which nutrient is present in the highest percentage in human milk?,Carbohydrate,Protein,Fat,Lactose,None of these,D,Lactose is present in the highest percentage in human milk at 6.8% by weight.
2976,431,Agricultural Statistics,Which cattle breed is known for having the highest and sweetest milk production in India?,Sahiwal,Gir,Sindhi,Rathi,None of these,A,The Sahiwal breed is specifically noted for being the highest and sweetest milk-producing cow breed in India.
2977,431,Agricultural Statistics,Which breed is known for having the highest body weight among Indian cows?,Malvi,Kankrej,Ongole,Mewati,None of these,B,The Kankrej breed is famous for having the highest body weight among Indian cows.
2978,431,Agricultural Statistics,"Which cattle breed is known for its long, pendulated ears and a long, bony forehead?",Sahiwal,Gir,Sindhi,Nagori,None of these,B,"The Gir breed is characterized by its long, pendulated ears and a long, bony forehead."
2979,431,Agricultural Statistics,Which breed is considered superior among draught breeds and is typically white or grey in color?,Malvi,Nagori,Ammritmahal,Tharparkar,None of these,B,The Nagori breed is considered superior among draught breeds and is typically white or grey in color.
2980,431,Agricultural Statistics,"Which cattle breed is known for its narrow face, long horns, and grey-colored body?",Malvi,Nagori,Ammritmahal,Tharparkar,None of these,C,"The Ammritmahal breed is known for its narrow face, long horns, and grey-colored body."
2981,431,Agricultural Statistics,"Which breed is best known for dual purposes and has short, stumpy horns?",Hariana,Kankrej,Rathi,Tharparkar,None of these,A,"The Hariana breed is best known for dual purposes and has short, stumpy horns."
2982,431,Agricultural Statistics,Which cattle breed is also known as 'white sindhi'?,Sindhi,Tharparkar,Ongole,Mewati,None of these,B,The Tharparkar breed is also known as 'white sindhi'.
2983,432,Agricultural Statistics,Which exotic cattle breed is known for having the highest fat percentage in its milk?,Jersey,Holstein Friesian,Brawn Swiss,Frieswal,None of these,A,"The Jersey breed, native to the English Channel, is known for having the highest fat percentage in its milk among exotic cattle breeds."
2984,432,Agricultural Statistics,Which buffalo breed is known as the best breed in the world for milk production?,Bhadawari,Murrah,Nili Ravi,Surati,None of these,B,"The Murrah breed, native to Punjab, Delhi, and Rohtak, is renowned as the best buffalo breed in the world for milk production."
2985,432,Agricultural Statistics,Which disease is known as 'Spleenic fever'?,Mastitis,FMD,Anthrax,Cow pox,None of these,C,Anthrax is a bacterial disease commonly referred to as 'Spleenic fever'.
2986,432,Agricultural Statistics,Which hybrid cattle breed is developed by crossing Holstein Friesian with Tharparkar?,Karan Swiss,Frieswal,Karan Fries,Brawn Swiss,None of these,C,Karan Fries is a hybrid cattle breed developed by crossing Holstein Friesian with Tharparkar.
2987,432,Agricultural Statistics,Which buffalo breed has a characteristic 'sickle-shaped horn'?,Mehsana,Surati,Godavari,Toda,None of these,B,The Surati buffalo breed is known for its characteristic sickle-shaped horns.
2988,432,Agricultural Statistics,Which exotic cattle breed is the heaviest and highest milk-producing?,Jersey,Holstein Friesian,Brawn Swiss,Frieswal,None of these,B,"The Holstein Friesian breed, native to Holland, is known for being the heaviest and highest milk-producing exotic cattle breed."
2989,432,Agricultural Statistics,Which buffalo breed is known for having the highest fat percentage in its milk?,Murrah,Bhadawari,Zaffrabadi,Nili Ravi,None of these,B,"The Bhadawari buffalo breed, native to Agra (UP), is known for having the highest fat percentage (13%) in its milk."
2990,433,Agricultural Statistics,Which sheep breed is known for producing the finest quality wool called 'Loei'?,Gaddi,Bhakarwal,Rampur-bushier,Bikaneri,None of these,B,"The Bhakarwal breed, native to the Himalayan region of Jammu & Kashmir, is specifically noted for producing the finest quality wool called 'Loei'."
2991,433,Agricultural Statistics,Which breed is considered the largest sheep?,Lohi,Bikaneri,Marwari,Jaisalmeri,None of these,A,"The Lohi breed, native to Pakistan, is known as the largest sheep."
2992,433,Agricultural Statistics,Which sheep breed is best suited for carpet wool?,Bikaneri/Pugal,Marwari,Jaisalmeri,Malpura,None of these,A,The Bikaneri/Pugal breed from Rajasthan is specifically noted for producing the best carpet wool.
2993,433,Agricultural Statistics,Which breed is known as the 'Merino of Rajasthan'?,Chokla,Malpura,Marwari,Jaisalmeri,None of these,A,"The Chokla breed, from the Shekhawati region, is known as the 'Merino of Rajasthan'."
2994,433,Agricultural Statistics,Which breed is the tallest among the listed sheep breeds?,Deccani,Nellore,Mandya,Shahabadi,None of these,B,The Nellore breed from Andhra Pradesh is noted as the tallest breed.
2995,433,Agricultural Statistics,Which breed is a cross between Bikaneri and Merino?,Shahabadi,Hisardale,Deccani,Mandya,None of these,B,The Hisardale breed was developed at Hissar and is a cross between Bikaneri and Merino.
2996,433,Agricultural Statistics,Which disease in sheep is caused by a deficiency of Vitamin E?,Anthrax,Foot and Mouth Disease,Stiff lamb disease,Brucellosis,None of these,C,Stiff lamb disease in sheep is caused by a deficiency of Vitamin E.
2997,434,Animal Production,Which goat breed is known for its dual purposes and has distinctive features like pendulated curved long ears and a 'roman nose' appearance?,Jamunapari,Barbari,Beetul,Sirohi,None of these,A,The Jamunapari breed is known for its dual purposes and distinctive features such as pendulated curved long ears and a 'roman nose' appearance.
2998,434,Animal Production,Which breed is suitable for stall feeding and usually gives birth to twins?,Barbari,Black Bengal,Marwari,Jhakrana,None of these,A,The Barbari breed is suitable for stall feeding and is known for usually giving birth to twins.
2999,434,Animal Production,Which goat breed is excellent for meat and has a black skin color?,Beetul,Black Bengal,Marwari,Sirohi,None of these,B,The Black Bengal breed is excellent for meat and has a distinctive black skin color.
3000,434,Animal Production,Which breed is known for its disease resistance and is good for meat with a jet black color?,Jamunapari,Barbari,Marwari,Jhakrana,None of these,C,The Marwari breed is known for its disease resistance and is good for meat with a jet black color.
3001,434,Animal Production,Which exotic breed of dairy goat is known as the 'Jersey cow' and is a cross between Jamunapari and Nubian?,Angora,Alpine,Anglo-Nubian,Sirohi,None of these,C,The Anglo-Nubian breed is known as the 'Jersey cow' and is a cross between Jamunapari and Nubian.
3002,434,Animal Production,Which goat breed resembles Jamunapari and is a good dairy type breed with the presence of a beard in males?,Barbari,Beetul,Black Bengal,Marwari,None of these,B,The Beetul breed resembles Jamunapari and is a good dairy type breed with the presence of a beard in males.
3003,434,Animal Production,Which breed is known for its large size and beetle-like appearance?,Jamunapari,Barbari,Jhakrana,Sirohi,None of these,C,The Jhakrana breed is known for its large size and beetle-like appearance.
3004,435,Animal Production,Which breed of goat is known as the 'Queen of milk'?,Saanen,Toggenberg,Yorkshire,Duroc,None of these,A,The Saanen breed is known as the 'Queen of milk' due to its high milk production.
3005,435,Animal Production,Which breed of goat is characterized by its chocolate color and hornless feature?,Saanen,Toggenberg,Yorkshire,Duroc,None of these,B,The Toggenberg breed is known for its chocolate color and being hornless.
3006,435,Animal Production,What is the salted smoked meat of pig known as?,Ham,Bacon,Sausage,Pork,None of these,B,The salted smoked meat of pig is specifically known as Bacon.
3007,435,Animal Production,Which of the following is a viral disease of cattle?,Anthrax,Brucellosis,Swine fever,Tuberculosis,None of these,C,"Swine fever is a viral disease of cattle, whereas the others are bacterial diseases."
3008,435,Animal Production,Which breed of swine is native to the USA and is red in color?,Yorkshire,Chestor white,Duroc,Hereford,None of these,C,The Duroc breed of swine is native to the USA and is red in color.
3009,435,Animal Production,Which of the following is a fungal disease?,Coccidiosis,Ringworm,Brucellosis,Anthrax,None of these,B,"Ringworm is a fungal disease, whereas the others are protozoan or bacterial diseases."
3010,435,Animal Production,Which breed of swine is native to the UK and is white in color?,Landrace,Yorkshire,Chestor white,Hereford,None of these,B,The Yorkshire breed of swine is native to the UK and is white in color.
3011,436,Animal Production,Which poultry breed is known for the highest egg production in the world?,Rod Island Red,White Leghorn,Red Cornish,Plymouth Rock,None of these,B,"White Leghorn is known for the highest egg production, averaging 220 eggs per year."
3012,436,Animal Production,Which state in India is the largest producer of eggs?,West Bengal,Gujarat,Andhra Pradesh,Uttar Pradesh,None of these,C,Andhra Pradesh is the largest producer of eggs in India.
3013,436,Animal Production,What is the cause of the yellow color in egg yolk?,Carotene,Xanthophyll,Riboflavin,Calcium,None of these,B,The yellow color in egg yolk is due to the pigment Xanthophyll.
3014,436,Animal Production,Which disease is caused by a deficiency of Vitamin B₂ in poultry?,Rickets,Curled toe paralysis,Fowl Cholera,Marek's disease,None of these,B,Curled toe paralysis is caused by a deficiency of Vitamin B₂.
3015,436,Animal Production,Which state in India has the maximum fish production?,Andhra Pradesh,West Bengal,Gujarat,Kerala,None of these,B,West Bengal has the maximum fish production in India.
3016,436,Animal Production,Which poultry breed is famous for its meat quality?,Rod Island Red,White Leghorn,Red Cornish,Plymouth Rock,None of these,D,Plymouth Rock is known for producing the best quality meat.
3017,436,Animal Production,Which method is used to determine the internal quality of eggs?,X-ray,Candling,Ultrasound,MRI,None of these,B,The internal quality of eggs is usually determined by candling.
3018,437,Animal Production,Which term refers to the small structure in mammary glands where milk is produced?,Alveolus,Crude fiber,Anorexia,Pica,None of these,A,An alveolus is defined as a small structure in mammary glands where milk is manufactured by females.
3019,437,Animal Production,What is the term for the lack of appetite?,Pica,Anorexia,Puberty,Surra,None of these,B,Anorexia is defined as the lack of appetite.
3020,437,Animal Production,Which term describes the percentage utilization of protein within an animal's body?,Biological value,Crude fiber,Flushing,Culling,None of these,A,Biological value is defined as the percentage utilization of protein within an animal's body.
3021,437,Animal Production,What is the process of feeding extra concentrates to pregnant sheep called?,Flushing,Casting,Docking,Dehorning,None of these,A,Flushing is defined as the process of feeding extra concentrates to pregnant sheep.
3022,437,Animal Production,Which term refers to the removal of the tail in sheep?,Docking,Dehorning,Culling,Casting,None of these,A,Docking is defined as the removal of the tail in sheep.
3023,437,Animal Production,What is the term for the suppression of emerging horns in goats at an early age?,Dehorning,Docking,Flushing,Culling,None of these,A,Dehorning is defined as the suppression of emerging horns in goats at an age of 10 days.
3024,437,Animal Production,"Which term describes the undercoat of Kashmiri goats, known for its soft wool?",Pashmina,Mohair,Crude fiber,Biological value,None of these,A,"Pashmina is defined as the undercoat of Kashmiri goats, known for its soft wool in great demand for clothing."
3025,438,Animal Production,Who is known as the Father of Agricultural Engineering in India?,Professor Mason Vaugh,Professor M. S. Swaminathan,Professor Norman Borlaug,Professor Vergese Kurien,None of these,A,Professor Mason Vaugh is recognized as the Father of Agricultural Engineering in India due to his significant contributions to the field.
3026,438,Animal Production,When did tractor manufacturing start in India?,1950-51,1960-61,1970-71,1980-81,None of these,B,Tractor manufacturing in India began in 1960-61 with the first manufacture by M/s Eicher Good Earth.
3027,438,Animal Production,What is the average power developed by a pair of bullocks for usual farm work in a day?,0.1 hp,0.5 hp,1 hp,2 hp,None of these,C,A pair of bullocks can develop about 1 hp (746 watts) of power for usual farm work in a day.
3028,438,Animal Production,Which segment of tractors is the most popular in India?,21-30 hp,31-40 hp,41-50 hp,51-60 hp,None of these,B,"The most popular tractor segment in India is the 31-40 hp range, which accounts for 60% of the total sales in the country."
3029,438,Animal Production,What is the thermal efficiency range for diesel engines?,20 to 28%,25 to 32%,32 to 38%,38 to 45%,None of these,C,The thermal efficiency for diesel engines ranges from 32 to 38%.
3030,438,Animal Production,What is the primary composition of biogas?,Methane (45-70%) and Carbon Dioxide (30-35%),Methane (30-35%) and Carbon Dioxide (45-70%),Methane (60-75%) and Carbon Dioxide (20-25%),Methane (20-25%) and Carbon Dioxide (60-75%),None of these,A,Biogas is primarily composed of Methane (45-70%) and Carbon Dioxide (30-35%).
3031,438,Animal Production,What is the average amount of dung produced by a buffalo per day?,5 kg,10 kg,15 kg,20 kg,None of these,C,A buffalo produces an average of 15 kg of dung per day.
3032,439,Animal Production,What is the suitable pH range for biogas production?,6-7,7-8,8-9,5-6,None of these,B,"The suitable pH range for biogas production is 7-8, as this range provides the optimal conditions for microbial activity."
3033,439,Animal Production,Which type of windmill has its axis of rotation parallel to the direction of the wind?,Vertical axis rotor,Multi-blade,Horizontal axis rotor,Sail type,None of these,C,Horizontal axis rotor windmills have their axis of rotation parallel to the direction of the wind.
3034,439,Animal Production,What is the temperature range for a flat plate collector in solar energy collection?,20-40°C,40-100°C,100-150°C,150-200°C,None of these,B,The temperature range for a flat plate collector in solar energy collection is 40-100°C.
3035,439,Animal Production,Which device is used to measure beam radiation (direct radiation)?,Pyranometer,Solarimeter,Pyrheliometer,Pyrometer,None of these,C,"A pyrheliometer is used to measure beam radiation, which is direct radiation from the sun."
3036,439,Animal Production,What is the salt content in sea water?,<550 ppm,2000-3000 ppm,30000-40000 ppm,5000-10000 ppm,None of these,C,"Sea water contains a high salt content, typically in the range of 30000-40000 ppm."
3037,439,Animal Production,What is the primary function of a solar still?,Generate electricity,Measure solar radiation,Convert saline water into potable water,Collect solar radiation,None of these,C,A solar still is a device that converts saline water into potable water using solar energy.
3038,439,Animal Production,What is the conversion efficiency of a photovoltaic cell?,5%,10%,15%,20%,None of these,B,"The conversion efficiency of a photovoltaic cell, which directly converts solar energy into electricity, is about 10%."
3039,440,Animal Production,Who is credited with the discovery of the microbial world using a simple single biconvex lens?,Alexander Fleming,Anton van Leeuwenhoek,Louis Pasteur,Edward Jenner,None of these,B,"Anton van Leeuwenhoek is credited with inventing the simple microscope with a single biconvex lens in 1674, which he used to discover bacteria and the microbial world."
3040,440,Animal Production,Which scientist is associated with the discovery of viruses while working with tobacco plants infected with mosaic disease?,Beijerinck,Iwanowsky,Hesse,Petri,None of these,B,Iwanowsky discovered viruses in 1892 while working with an extract from tobacco plants infected with mosaic disease.
3041,440,Animal Production,Who proposed the 'germ theory' of disease and the process of pasteurization?,Alexander Fleming,Anton van Leeuwenhoek,Louis Pasteur,Edward Jenner,None of these,C,Louis Pasteur postulated the 'germ theory' of disease and developed the process of pasteurization.
3042,440,Animal Production,Which kingdom in Whittaker's five-kingdom classification includes multicellular plants and higher algae?,Monera,Protista,Plantae,Fungi,None of these,C,"In Whittaker's five-kingdom classification, the kingdom Plantae includes multicellular plants and higher algae."
3043,440,Animal Production,What is the approximate size range of bacteria?,0.06-0.14 microns,0.5-3.0 microns,1.5-10 microns,2-200 microns,None of these,B,The approximate size range of bacteria is 0.5-3.0 microns.
3044,440,Animal Production,Which antibiotic is derived from Penicillium species and targets cell wall synthesis in Gram-positive bacteria?,Tetracycline,Bacitracin,Penicillin,Erythromycin,None of these,C,Penicillin is derived from Penicillium species and targets cell wall synthesis in Gram-positive bacteria.
3045,440,Animal Production,Who developed the first vaccine for smallpox?,Alexander Fleming,Anton van Leeuwenhoek,Louis Pasteur,Edward Jenner,None of these,D,Edward Jenner developed the first vaccine for smallpox.
3046,441,Animal Production,Which bacterium is NOT responsible for nitrogen fixation?,E.coli,Rhizobium,Anabaena,Azolla,None of these,A,E.coli is a common gut bacterium and does not participate in nitrogen fixation.
3047,441,Animal Production,Which cofactor is essential for the activity of nitrogenase?,Iron,Cobalt,Molybdenum,Nickel,None of these,B,Nitrogenase requires cobalt as a cofactor for its catalytic function.
3048,441,Animal Production,Which element is required for nitrogen fixation?,Iron,Molybdenum,Calcium,Magnesium,None of these,B,Molybdenum is a key element in the nitrogenase enzyme complex.
3049,441,Animal Production,Which leguminous crop does NOT fix nitrogen?,Soybean,Pea,Rajma,Chickpea,None of these,C,Rajma (Phaseolus vulgaris) is a legume that does not form nitrogen-fixing nodules.
3050,441,Animal Production,Which microscopy technique is used to detect specific antigens with fluorescent tags?,Dark field,Phase contrast,Fluorescence,Electron,None of these,C,Fluorescence microscopy uses antibodies tagged with fluorescent dyes to detect antigens.
3051,441,Animal Production,Which bacteria are involved in the sulfur cycle?,Bacillus,Thiobacillus,Aspergillus,Penicillium,None of these,B,Thiobacillus is a sulfur-oxidizing bacterium participating in the sulfur cycle.
3052,441,Animal Production,Which plant is a non-legume nitrogen fixer?,Alnus,Soybean,Azorhizobium,Sesbania,None of these,A,Alnus (a tree) is a non-leguminous plant that fixes nitrogen via symbiosis with Frankia.
3053,442,Animal Production,"Who coined the term ""biochemistry"" in 1903?",Carl Neuberg,Linus Pauling,Marie Curie,Albert Einstein,None of these,A,"The German chemist Carl Neuberg introduced the word biochemistry in 1903, and he is regarded as the father of modern biochemistry."
3054,442,Animal Production,Which of the following is NOT listed as a function of carbohydrates in the source?,Provide energy to the body,Serve as structural constituents,Spare protein and fat for other uses,Store genetic information,None of these,D,"The source mentions energy provision, structural roles, and sparing protein/fat, but does not attribute storage of genetic information to carbohydrates."
3055,442,Animal Production,Which class of carbohydrates cannot be hydrolyzed into smaller units?,Monosaccharides,Disaccharides,Oligosaccharides,Polysaccharides,None of these,A,"Monosaccharides are the simplest sugars and, by definition, cannot be broken down further by hydrolysis."
3056,442,Animal Production,Which of the following is an example of an aldohexose?,Glucose,Fructose,Ribulose,Sedoheptulose,None of these,A,"Glucose is listed under aldohexoses, whereas fructose is a ketohexose, ribulose a ketopentose, and sedoheptulose a ketoheptose."
3057,442,Animal Production,Which compound is a ketopentose?,Ribulose,Ribose,Galactose,Erythrose,None of these,A,"Ribulose is given as an example of a ketopentose; ribose is an aldopentose, galactose an aldohexose, and erythrose an aldotetrose."
3058,442,Animal Production,"According to the source, carbohydrates are composed of which elements?","Carbon, hydrogen, and oxygen","Carbon, hydrogen, and nitrogen","Carbon, oxygen, and nitrogen","Hydrogen, oxygen, and nitrogen",None of these,A,"The definition states that carbohydrates consist of carbon, hydrogen, and oxygen atoms."
3059,442,Animal Production,How are aldoses described in the source?,Aldehydes possessing two or more hydroxyl groups,Ketones possessing two or more hydroxyl groups,Acids possessing two or more hydroxyl groups,Proteins possessing two or more hydroxyl groups,None of these,A,Aldoses are defined as aldehydes that have two or more hydroxyl groups attached.
3060,443,Animal Production,Which of the following is a non-reducing disaccharide?,Maltose,Lactose,Sucrose,Cellobiose,None of these,C,"Sucrose is a non-reducing disaccharide because it is formed by glucose and fructose, which do not have a free aldehyde or ketone group to act as a reducing agent."
3061,443,Animal Production,What is the primary function of polysaccharides in cells?,Energy storage,Protein synthesis,Cellular respiration,DNA replication,None of these,A,Polysaccharides primarily serve as storage forms of energy and structural components in cells.
3062,443,Animal Production,Which of the following is a trisaccharide?,Maltose,Raffinose,Stachyose,Sucrose,None of these,B,"Raffinose is a trisaccharide composed of glucose, fructose, and galactose."
3063,443,Animal Production,What type of bond joins nucleotides in nucleic acids?,Hydrogen bond,Peptide bond,Phosphodiester bond,Glycosidic bond,None of these,C,Nucleotides in nucleic acids are joined by phosphodiester bonds formed between their sugar and phosphate groups.
3064,443,Animal Production,Which of the following is a structural polysaccharide?,Starch,Glycogen,Cellulose,Pentosan,None of these,C,Cellulose is a structural polysaccharide that provides structural support in plant cells.
3065,443,Animal Production,Which nitrogenous base is NOT found in DNA?,Adenine,Thymine,Uracil,Guanine,None of these,C,"Uracil is a nitrogenous base found in RNA, not in DNA."
3066,443,Animal Production,What is the composition of stachyose?,1 glucose + 1 fructose + 1 galactose,1 glucose + 1 fructose + 2 galactose,2 glucose + 1 fructose + 1 galactose,1 glucose + 2 fructose + 1 galactose,None of these,B,"Stachyose is a tetrasaccharide composed of 1 molecule of glucose, 1 molecule of fructose, and 2 molecules of galactose."
3067,444,Animal Production,Which nitrogenous base is NOT found in RNA?,Adenine,Thymine,Guanine,Cytosine,None of these,B,"Thymine is not found in RNA; it is specific to DNA. RNA contains adenine, guanine, cytosine, and uracil."
3068,444,Animal Production,What type of sugar is present in DNA?,Ribose,Glucose,Deoxyribose,Fructose,None of these,C,"DNA contains deoxyribose sugar, which is a key difference from RNA, which contains ribose sugar."
3069,444,Animal Production,Which of the following amino acids contains sulfur?,Alanine,Methionine,Glycine,Proline,None of these,B,"Methionine is one of the two sulfur-containing amino acids in mammals, the other being cysteine."
3070,444,Animal Production,Where is RNA primarily located in a cell?,Nucleus,Mitochondria,Cytoplasm,Chloroplast,None of these,C,"RNA is mostly found in the cytoplasm, where it plays a crucial role in protein synthesis."
3071,444,Animal Production,Which of the following is NOT a type of RNA?,Transfer RNA,Messenger RNA,Ribosomal RNA,Hereditary RNA,None of these,D,"The three main types of RNA are Transfer RNA (t-RNA), Messenger RNA (m-RNA), and Ribosomal RNA (r-RNA). Hereditary RNA is not a recognized type."
3072,444,Animal Production,Which cell organelle does NOT contain DNA?,Chloroplast,Mitochondria,Ribosomes,Nucleus,None of these,C,"Ribosomes do not contain DNA. DNA is found in the nucleus, mitochondria, and chloroplasts."
3073,444,Animal Production,What is the primary function of DNA?,Protein synthesis,Energy production,Cell division,Hereditary information storage,None of these,D,"The primary function of DNA is to store and transmit hereditary information, essential for the synthesis of proteins and other cellular functions."
3074,445,Agricultural Engineering,Which of the following amino acids is NOT an essential amino acid?,Tryptophan,Alanine,Methionine,Lysine,None of these,B,"Alanine is a non-essential amino acid because it can be synthesized by the body, unlike the essential amino acids listed in the other options."
3075,445,Agricultural Engineering,Which trick can be used to remember the essential amino acids?,TVMILLPATH,ALGTYPSCN,AMVLTPHSC,TYMVLSPATH,None of these,A,"The trick 'TVMILLPATH' is used to remember the essential amino acids: Tryptophan, Valine, Methionine, Isoleucine, Leucine, Lysine, Phenylalanine, Arginine, Threonine, and Histidine."
3076,445,Agricultural Engineering,Which of the following is NOT a function of amino acids?,Formation of vitamins,Build muscles,Grow and repair body tissue,Formation of enzymes,None of these,A,"Amino acids are involved in the formation of proteins, enzymes, hormones, and antibodies, as well as building muscles and repairing body tissue. They are not involved in the formation of vitamins."
3077,445,Agricultural Engineering,Which type of protein yields only amino acids and some carbohydrate compounds upon hydrolysis?,Conjugated proteins,Derived proteins,Simple proteins,Complex proteins,None of these,C,"Simple proteins yield only amino acids and some carbohydrate compounds upon hydrolysis. Examples include albumins, globulins, and glutins."
3078,445,Agricultural Engineering,Which of the following is an example of a conjugated protein?,Albumins,Haemoglobins,Glutins,Histones,None of these,B,"Haemoglobins are an example of conjugated proteins, which are simple proteins combined with some non-protein material."
3079,445,Agricultural Engineering,How many essential amino acids are there?,15,10,20,5,None of these,B,There are 10 essential amino acids that cannot be synthesized by the body and must be supplied through food.
3080,445,Agricultural Engineering,Which of the following is a derived protein?,Nucleoproteins,Denatured proteins,Glycoproteins,Lipoproteins,None of these,B,"Derived proteins are those that are derived from simple or conjugated proteins, such as denatured proteins and peptides."
3081,446,Agricultural Engineering,Which of the following is NOT a component of phospholipids?,Fatty acids,Glycerol,Phosphoric acid,Sulfuric acid,None of these,D,"Phospholipids are composed of fatty acids, glycerol, phosphoric acid, and a nitrogenous base. Sulfuric acid is not a component of phospholipids."
3082,446,Agricultural Engineering,What is the primary function of lipids in cell membranes?,Storing energy,Signaling,Acting as structural components,Producing hormones,None of these,C,"Lipids act as structural components of cell membranes, helping to maintain their integrity and fluidity."
3083,446,Agricultural Engineering,Which of the following is an essential fatty acid?,Stearic acid,Palmitic acid,Oleic acid,Arachidic acid,None of these,C,"Oleic acid is an essential fatty acid, meaning it cannot be synthesized by the body and must be obtained from the diet."
3084,446,Agricultural Engineering,What characterizes a saturated fatty acid?,Presence of at least one double bond,All single bonds in the chain,Presence of a nitrogenous base,Being a component of cell membranes,None of these,B,Saturated fatty acids are characterized by having all single bonds in their fatty acid chains.
3085,446,Agricultural Engineering,Which of the following is a source of unsaturated fatty acids?,Butter,Olive oil,Cheese,Lard,None of these,B,"Olive oil is a source of unsaturated fatty acids, which are beneficial for maintaining cell membrane fluidity."
3086,446,Agricultural Engineering,What is the primary building block of fats in our bodies?,Glycerol,Fatty acids,Phosphoric acid,Carbohydrates,None of these,B,"Fatty acids are the primary building blocks of fats in our bodies, often joined together in groups of three to form triglycerides."
3087,446,Agricultural Engineering,Which of the following is a non-essential fatty acid?,Linoleic acid,Linolenic acid,Stearic acid,Arachidonic acid,None of these,C,"Stearic acid is a non-essential fatty acid, meaning it can be synthesized by the body and does not need to be obtained from the diet."
3088,447,Micro Biology,Which vitamin is essential for preventing night blindness?,Vitamin A,Vitamin B,Vitamin C,Vitamin D,None of these,A,"Vitamin A (Retinol) is essential for preventing night blindness, as indicated in the table under the effects/deficiency column."
3089,447,Micro Biology,Which vitamin's deficiency causes Beri-beri?,Vitamin B1,Vitamin B2,Vitamin B6,Vitamin B12,None of these,A,"The deficiency of Vitamin B1 (Thiamine) causes Beri-beri, a disturbance in the digestive system."
3090,447,Micro Biology,Which vitamin is necessary for the maturation of Red Blood Corpuscles (RBC)?,Vitamin B12,Vitamin C,Folic acid,Vitamin K,None of these,C,"Folic acid is essential for the maturation of Red Blood Corpuscles (RBC), as mentioned in the text."
3091,447,Micro Biology,Which vitamin deficiency leads to delayed blood clotting?,Vitamin A,Vitamin C,Vitamin K,Vitamin E,None of these,C,"Vitamin K (Phylloquinone) deficiency leads to delayed blood clotting, as indicated in the table."
3092,447,Micro Biology,Who coined the term 'enzyme'?,Funk,W. Kuhne,Pasteur,Koch,None of these,B,"The term 'enzyme' was coined by W. Kuhne in 1898, as mentioned in the text."
3093,447,Micro Biology,Which vitamin is known as Ascorbic acid?,Vitamin A,Vitamin B,Vitamin C,Vitamin D,None of these,C,"Vitamin C is known as Ascorbic acid, as indicated in the table."
3094,447,Micro Biology,Which of the following is a fat-soluble vitamin?,Vitamin B,Vitamin C,Vitamin D,Vitamin B12,None of these,C,"Vitamin D is a fat-soluble vitamin, as mentioned in the text."
3095,448,Micro Biology,Which hormone is primarily responsible for promoting cell division in tissue culture?,Auxin,Cytokinin,Gibberellins,Abscisic acid,None of these,A,Auxin is known for promoting cell division in tissue culture and has apical bud dominance.
3096,448,Micro Biology,Which form of ethylene is used for the ripening of banana fruits?,Ethrel,Ethephone,IAA,NAA,None of these,A,Ethrel is the liquid form of ethylene specifically used for banana fruit ripening.
3097,448,Micro Biology,What is the primary function of Clormequat (CCC)?,Promote cell division,Prevent lodging,Induce dormancy,Promote root elongation,None of these,B,Clormequat (CCC) is known as a lodging preventer and is also referred to as cycocel.
3098,448,Micro Biology,Which mineral deficiency causes Parakeratosis?,Calcium,Phosphorous,Zinc,Manganese,None of these,C,Zinc deficiency is associated with Parakeratosis.
3099,448,Micro Biology,What is the primary use of IBA among the following?,Prevent premature fruit drop,Root formation,Fruit thinning,Herbicide,None of these,B,IBA (Indole-3-butyric acid) is mainly used for root formation.
3100,448,Micro Biology,Which hormone is known as an anti-gibberellin?,Auxin,Cytokinin,Abscisic acid,Ethylene,None of these,C,Abscisic acid (ABA) is known as anti-gibberellins and induces dormancy.
3101,448,Micro Biology,Which element's excess causes Fluorosis?,Molybdenum,Fluorine,Selenium,Calcium,None of these,B,Excess Fluorine causes Fluorosis.
3102,449,Biochemistry,Which of the following is a symptom of excessive lead exposure?,Mental retardation,Fluorosis,Poisoning,Constipation,None of these,A,Excessive lead exposure is linked to mental retardation as shown in the table.
3103,449,Biochemistry,Which chemical content is found in Ashwagandha?,Atropine,Withanine,Serpentine,Mucilage,None of these,B,Ashwagandha contains the chemical Withanine as per the table.
3104,449,Biochemistry,What is the primary use of Safed Musli?,Treat hypertension,Painkiller,Diabetics,Laxative,None of these,C,Safed Musli is primarily used for diabetics and is known as the second Shilajeet.
3105,449,Biochemistry,Which part of the Opium Poppy is used medicinally?,Leaves,Roots,Fruit (latex),Husk,None of these,C,The fruit (latex) of the Opium Poppy is used medicinally.
3106,449,Biochemistry,What is the botanical name of Guggal?,Atropa belladonna,Withania somnifera,Commiphora wightii,Plantago ovata,None of these,C,The botanical name of Guggal is Commiphora wightii.
3107,449,Biochemistry,Which of the following is a use of Isabgol?,Treat obesity,Painkiller,Laxative,Treat hypertension,None of these,C,Isabgol is used as a laxative and against irritation in the gastrointestinal tract.
3108,449,Biochemistry,What is the primary chemical content in Belladona?,Withanine,Atropine,Serpentine,Mucilage,None of these,B,The primary chemical content in Belladona is Atropine.